ein,business_name,source_zip,source_entry
611161526,"Dennis Wayne Fleming CPA",2023_TEOS_XML_01A,"2023_TEOS_XML_01A/202300109349100055_public.xml"
320333393,"ST FRANCIS OF ASSISI CONFERENCE SOCIETY OF ST VINCENT DE PAUL",2023_TEOS_XML_01A,"2023_TEOS_XML_01A/202300109349200010_public.xml"
300692950,"rbce incorporated",2023_TEOS_XML_01A,"2023_TEOS_XML_01A/202300109349200060_public.xml"
851908229,"BLM FOUNDATION INC",2023_TEOS_XML_01A,"2023_TEOS_XML_01A/202330109349200218_public.xml"
113276258,"TRUE LIGHT EDUCATIONAL MINISTRY INC",2023_TEOS_XML_01A,"2023_TEOS_XML_01A/202300109349200090_public.xml"
920129925,"Hutchings &amp; Associates CPAs",2023_TEOS_XML_01A,"2023_TEOS_XML_01A/202300109349200155_public.xml"
825035703,"Accounting Plus Inc",2023_TEOS_XML_01A,"2023_TEOS_XML_01A/202300109349200205_public.xml"
812072162,"NPO Financial Services LLC",2023_TEOS_XML_01A,"2023_TEOS_XML_01A/202300109349200210_public.xml"
222695720,"ROYAL AND SELECT MASTER MASONS CRYPTIC COUNCIL",2023_TEOS_XML_01A,"2023_TEOS_XML_01A/202300109349200535_public.xml"
463046722,"VINEYARD INSTITUTE",2023_TEOS_XML_01A,"2023_TEOS_XML_01A/202300109349200675_public.xml"
273114329,"AMIR",2023_TEOS_XML_01A,"2023_TEOS_XML_01A/202300109349200700_public.xml"
462344093,"CHICAGO YOUTH SHAKESPEARE INC",2023_TEOS_XML_01A,"2023_TEOS_XML_01A/202300109349200960_public.xml"
660786356,"Rodriguez Rivera &amp; Toro PSC",2023_TEOS_XML_01A,"2023_TEOS_XML_01A/202300109349300125_public.xml"
660190784,"Finanxial Corp",2023_TEOS_XML_01A,"2023_TEOS_XML_01A/202300109349300240_public.xml"
262495986,"ArmonkYouthSports FoundationLtd",2023_TEOS_XML_01A,"2023_TEOS_XML_01A/202300109349300285_public.xml"
330551318,"JAY L ROCHA CPA",2023_TEOS_XML_01A,"2023_TEOS_XML_01A/202300109349300470_public.xml"
066013121,"NORTHEASTERN SYSTEM FEDERATION",2023_TEOS_XML_01A,"2023_TEOS_XML_01A/202300119349300100_public.xml"
861784684,"Daniel E Passmore Attorney at Law",2023_TEOS_XML_01A,"2023_TEOS_XML_01A/202300119349300800_public.xml"
746068932,"ADKF PC",2023_TEOS_XML_01A,"2023_TEOS_XML_01A/202300129349302560_public.xml"
812156002,"FORVIS LLP",2023_TEOS_XML_01A,"2023_TEOS_XML_01A/202300119349300600_public.xml"
472485534,"FORVIS LLP",2023_TEOS_XML_01A,"2023_TEOS_XML_01A/202300129349300600_public.xml"
262559022,"BELLON COMPANY ACCOUNTANTS",2023_TEOS_XML_01A,"2023_TEOS_XML_01A/202340209349200414_public.xml"
364395364,"MADDEN JIGANTI MOORE &amp; SINARS LLP",2023_TEOS_XML_01A,"2023_TEOS_XML_01A/202300129349100160_public.xml"
821326355,"ALITUS CONSULTING LLC",2023_TEOS_XML_01A,"2023_TEOS_XML_01A/202300129349100165_public.xml"
226710521,"CONNOLLY SWITAJ FOGLER &amp; CO LLP",2023_TEOS_XML_01A,"2023_TEOS_XML_01A/202300129349100190_public.xml"
043224331,"JOHANNA E HIGHAM PC",2023_TEOS_XML_01A,"2023_TEOS_XML_01A/202300129349100230_public.xml"
834613039,"ELITE FINANCIAL SOLUTIONS",2023_TEOS_XML_01A,"2023_TEOS_XML_01A/202300129349100435_public.xml"
431687090,"G L THOMAS CPA INC",2023_TEOS_XML_01A,"2023_TEOS_XML_01A/202300129349100515_public.xml"
656000044,"ERNST &amp; YOUNG US LLP",2023_TEOS_XML_01A,"2023_TEOS_XML_01A/202300129349100775_public.xml"
760381630,"Anthony Y Choy &amp; Co PC",2023_TEOS_XML_01A,"2023_TEOS_XML_01A/202300129349100980_public.xml"
454144724,"ERNST &amp; YOUNG US LLP",2023_TEOS_XML_01A,"2023_TEOS_XML_01A/202300129349101060_public.xml"
233019837,"Andrew B Zlotnick CPA",2023_TEOS_XML_01A,"2023_TEOS_XML_01A/202300129349101220_public.xml"
814645200,"ENTHOLPY EMC Inc",2023_TEOS_XML_01A,"2023_TEOS_XML_01A/202300129349101300_public.xml"
383690768,"OneIndiana Tax &amp; Accounting Group",2023_TEOS_XML_01A,"2023_TEOS_XML_01A/202300129349101315_public.xml"
823092723,"COMPLETE BUSINESS SVC - DELL CPA",2023_TEOS_XML_01A,"2023_TEOS_XML_01A/202300129349200135_public.xml"
270891739,"CRAWFORD &amp; ASSOCIATES PSC",2023_TEOS_XML_01A,"2023_TEOS_XML_01A/202300129349200225_public.xml"
364343197,"HAMMAR &amp; ASSOCIATES",2023_TEOS_XML_01A,"2023_TEOS_XML_01A/202300129349200235_public.xml"
811795570,"Perfect Cents LLC",2023_TEOS_XML_01A,"2023_TEOS_XML_01A/202300129349200500_public.xml"
841272870,"DANIEL D MILLER CPA PC",2023_TEOS_XML_01A,"2023_TEOS_XML_01A/202300129349200715_public.xml"
593750072,"SMOAK DAVIS &amp; NIXON LLP",2023_TEOS_XML_01A,"2023_TEOS_XML_01A/202300129349201075_public.xml"
851746967,"1800Accountant LLC",2023_TEOS_XML_01A,"2023_TEOS_XML_01A/202300129349201090_public.xml"
273777183,"Mary C Kenney CPA",2023_TEOS_XML_01A,"2023_TEOS_XML_01A/202300129349201095_public.xml"
237126273,"REIS &amp; REIS LLC",2023_TEOS_XML_01A,"2023_TEOS_XML_01A/202300129349201155_public.xml"
133458302,"THE CHUCK GOLDMAN FAMILY SUPPORTING",2023_TEOS_XML_01A,"2023_TEOS_XML_01A/202300129349201165_public.xml"
391540306,"PUTTERMAN &amp; WATCHMAKER LTD",2023_TEOS_XML_01A,"2023_TEOS_XML_01A/202300129349201330_public.xml"
823530958,"Pacific Tax Advisors",2023_TEOS_XML_01A,"2023_TEOS_XML_01A/202300129349201345_public.xml"
046060158,"Morin &amp; O'Shea PC",2023_TEOS_XML_01A,"2023_TEOS_XML_01A/202300129349201450_public.xml"
874459548,"ALARDE FOUNDATION",2023_TEOS_XML_01A,"2023_TEOS_XML_01A/202300129349201600_public.xml"
232009047,"WYOMISSING VALLEY PRESCHOOL",2023_TEOS_XML_01A,"2023_TEOS_XML_01A/202300129349201730_public.xml"
941421239,"Freddi Eberhart &amp; Associates Inc",2023_TEOS_XML_01A,"2023_TEOS_XML_01A/202300129349201825_public.xml"
472292873,"Larry C Boeshart CPA",2023_TEOS_XML_01A,"2023_TEOS_XML_01A/202300129349201875_public.xml"
364150112,"WEISS &amp; COMPANY LLP",2023_TEOS_XML_01A,"2023_TEOS_XML_01A/202300129349201895_public.xml"
810462297,"ROSIE BARNDT CPA PC",2023_TEOS_XML_01A,"2023_TEOS_XML_01A/202300129349202150_public.xml"
954870026,"ELITE FINANCIAL SOLUTIONS",2023_TEOS_XML_01A,"2023_TEOS_XML_01A/202300129349202215_public.xml"
741194055,"Peterson CPA Firm PC",2023_TEOS_XML_01A,"2023_TEOS_XML_01A/202300129349202240_public.xml"
386111674,"HRB TAX GROUP INC",2023_TEOS_XML_01A,"2023_TEOS_XML_01A/202300129349202335_public.xml"
844645583,"Anglemyer Tax and Accounting",2023_TEOS_XML_01A,"2023_TEOS_XML_01A/202300129349202520_public.xml"
862156037,"HADIAN ASSOCIATES INC",2023_TEOS_XML_01A,"2023_TEOS_XML_01A/202300129349202565_public.xml"
862549192,"LUBBOCK CITY LIGHTS",2023_TEOS_XML_01A,"2023_TEOS_XML_01A/202300129349202590_public.xml"
660894063,"REMORA INCORPORATED",2023_TEOS_XML_01A,"2023_TEOS_XML_01A/202300129349202965_public.xml"
411461730,"JOHNSON LEWIS &amp; MOUNT LLC",2023_TEOS_XML_01A,"2023_TEOS_XML_01A/202340129349302859_public.xml"
133044653,"AVASK ACCOUNTING &amp; TAX CONSULTANTS INC",2023_TEOS_XML_01A,"2023_TEOS_XML_01A/202300129349300405_public.xml"
363412185,"BENNING GROUP LLC",2023_TEOS_XML_01A,"2023_TEOS_XML_01A/202300129349301100_public.xml"
660200470,"MDA TAX COMPLIANCE AND ADVISORY LLC",2023_TEOS_XML_01A,"2023_TEOS_XML_01A/202300129349301165_public.xml"
542059819,"BEACHY AREHART PLLC",2023_TEOS_XML_01A,"2023_TEOS_XML_01A/202300129349301275_public.xml"
042140688,"PKF O'CONNOR DAVIES LLP",2023_TEOS_XML_01A,"2023_TEOS_XML_01A/202300129349301295_public.xml"
840683340,"RICHEY MAY &amp; CO LLP",2023_TEOS_XML_01A,"2023_TEOS_XML_01A/202300129349301345_public.xml"
222974956,"D E RODRIGUES AND COMPANY INC",2023_TEOS_XML_01A,"2023_TEOS_XML_01A/202300129349301410_public.xml"
651192362,"INOUYE SHIVELY KLATT &amp; MCCORVEY CPA'S",2023_TEOS_XML_01A,"2023_TEOS_XML_01A/202300129349301595_public.xml"
371666738,"BARG &amp; HENSON CPAS PLLC",2023_TEOS_XML_01A,"2023_TEOS_XML_01A/202300129349301605_public.xml"
942988561,"COLODNY FIELDS LLP",2023_TEOS_XML_01A,"2023_TEOS_XML_01A/202300129349301640_public.xml"
042983365,"TONNESON &amp; COMPANY PC",2023_TEOS_XML_01A,"2023_TEOS_XML_01A/202300129349301700_public.xml"
570741999,"HALLIDAY SCHWARTZ &amp; CO",2023_TEOS_XML_01A,"2023_TEOS_XML_01A/202300129349301710_public.xml"
161386125,"RDG PARTNERS CPAS PLLC",2023_TEOS_XML_01A,"2023_TEOS_XML_01A/202300129349301810_public.xml"
953082807,"AAL PC",2023_TEOS_XML_01A,"2023_TEOS_XML_01A/202300129349301840_public.xml"
271388543,"BiggsKofford PC",2023_TEOS_XML_01A,"2023_TEOS_XML_01A/202300129349301910_public.xml"
455206426,"Holyfield &amp; Thomas LLC",2023_TEOS_XML_01A,"2023_TEOS_XML_01A/202300129349302010_public.xml"
222623381,"JLTHOM CPA PC",2023_TEOS_XML_01A,"2023_TEOS_XML_01A/202300129349302495_public.xml"
391989384,"Krause &amp; Associates SC",2023_TEOS_XML_01A,"2023_TEOS_XML_01A/202300129349302540_public.xml"
463500058,"PKF O'CONNOR DAVIES LLP",2023_TEOS_XML_01A,"2023_TEOS_XML_01A/202300129349302570_public.xml"
237455041,"WEINLANDER FITZHUGH PC",2023_TEOS_XML_01A,"2023_TEOS_XML_01A/202300129349302800_public.xml"
870806881,"KENWOOD &amp; ASSOCIATES P C",2023_TEOS_XML_01A,"2023_TEOS_XML_01A/202300129349302975_public.xml"
134241322,"CRAFT &amp; ASSOCIATES LLC",2023_TEOS_XML_01A,"2023_TEOS_XML_01A/202300129349303030_public.xml"
751861326,"Huber Prater &amp; Henson PC",2023_TEOS_XML_01A,"2023_TEOS_XML_01A/202300129349303125_public.xml"
222417627,"Ditmars Perazza &amp; Co LLP",2023_TEOS_XML_01A,"2023_TEOS_XML_01A/202300129349303135_public.xml"
541558995,"Charlottesville Star Swim Team Inc",2023_TEOS_XML_01A,"2023_TEOS_XML_01A/202300129349303225_public.xml"
810873968,"Joseph T Twardy Jr CPA LLC",2023_TEOS_XML_01A,"2023_TEOS_XML_01A/202300129349303440_public.xml"
351687687,"Bottom Line Advisors LLC",2023_TEOS_XML_01A,"2023_TEOS_XML_01A/202300129349303445_public.xml"
474728342,"Phillips Feldman Group",2023_TEOS_XML_01A,"2023_TEOS_XML_01A/202300129349303615_public.xml"
843298910,"Wayland &amp; Vukadinovich LLP",2023_TEOS_XML_01A,"2023_TEOS_XML_01A/202300129349303630_public.xml"
202110306,"MCKENNA &amp; FRANCK CPA'S PC",2023_TEOS_XML_01A,"2023_TEOS_XML_01A/202300129349303910_public.xml"
930312668,"WINDEDAHLRANGITSCHGROENEVELDNORTONLLC",2023_TEOS_XML_01A,"2023_TEOS_XML_01A/202300129349304255_public.xml"
396698990,"ERNST &amp; YOUNG US LLP",2023_TEOS_XML_01A,"2023_TEOS_XML_01A/202300139349100000_public.xml"
581331545,"MAULDIN &amp; JENKINS LLC",2023_TEOS_XML_01A,"2023_TEOS_XML_01A/202300139349100305_public.xml"
754320138,"Wendling Noe Nelson &amp; Johnson LLC",2023_TEOS_XML_01A,"2023_TEOS_XML_01A/202300139349100320_public.xml"
201297080,"PRICEWATERHOUSECOOPERS LLP",2023_TEOS_XML_01A,"2023_TEOS_XML_01A/202300139349100405_public.xml"
043204363,"KURZMAN FAMILY CHARITABLE FOUNDATION",2023_TEOS_XML_01A,"2023_TEOS_XML_01A/202300139349100500_public.xml"
260215481,"Curt A Sittenauer CPA PA",2023_TEOS_XML_01A,"2023_TEOS_XML_01A/202300139349100815_public.xml"
201629639,"ERIC ZHANG &amp; ASSOCIATES LLP",2023_TEOS_XML_01A,"2023_TEOS_XML_01A/202300139349100825_public.xml"
566036900,"PRICEWATERHOUSECOOPERS LLP",2023_TEOS_XML_01A,"2023_TEOS_XML_01A/202300139349101400_public.xml"
237288048,"PAULS ACCOUNTING &amp; TAX SERVICE",2023_TEOS_XML_01A,"2023_TEOS_XML_01A/202300139349200100_public.xml"
222897978,"Premier Accounting Services PC",2023_TEOS_XML_01A,"2023_TEOS_XML_01A/202300139349200315_public.xml"
274656798,"BDO USA LLP",2023_TEOS_XML_01A,"2023_TEOS_XML_01A/202300139349200520_public.xml"
462165940,"KENT L BROWN CPA",2023_TEOS_XML_01A,"2023_TEOS_XML_01A/202300139349201015_public.xml"
461231975,"ZION SYNEK &amp; ASSOCIATES",2023_TEOS_XML_01A,"2023_TEOS_XML_01A/202300139349201215_public.xml"
363522463,"DAUBY O'CONNOR &amp; ZALESKI LLC",2023_TEOS_XML_01A,"2023_TEOS_XML_01A/202300139349300110_public.xml"
450563249,"LOWCOUNTRY TAXES",2023_TEOS_XML_01A,"2023_TEOS_XML_01A/202300139349300925_public.xml"
452727379,"RICHARD B HOMES CPA LLC",2023_TEOS_XML_01A,"2023_TEOS_XML_01A/202300139349301235_public.xml"
813216328,"SASSETTI LLC",2023_TEOS_XML_01A,"2023_TEOS_XML_01A/202300139349301275_public.xml"
431106809,"Ellis Bookkeeping",2023_TEOS_XML_01A,"2023_TEOS_XML_01A/202300139349301435_public.xml"
650598811,"CAROL L SOKOLOW CPA PA",2023_TEOS_XML_01A,"2023_TEOS_XML_01A/202300139349301455_public.xml"
262481370,"VAN CLIEF FOUNDATION",2023_TEOS_XML_01A,"2023_TEOS_XML_01A/202300149349100500_public.xml"
300201426,"VICTORY COMMUNITY SERVICE INC",2023_TEOS_XML_01A,"2023_TEOS_XML_01A/202300149349100600_public.xml"
872450151,"BRONX TAX MAN CORP",2023_TEOS_XML_01A,"2023_TEOS_XML_01A/202300149349100615_public.xml"
873773475,"Thrive Accounting &amp; Tax",2023_TEOS_XML_01A,"2023_TEOS_XML_01A/202300149349200015_public.xml"
832466150,"CORNERSTONE CHRISTIAN SCHOOLS",2023_TEOS_XML_01A,"2023_TEOS_XML_01A/202300149349200115_public.xml"
941318213,"HRB TAX GROUP INC",2023_TEOS_XML_01A,"2023_TEOS_XML_01A/202310149349200121_public.xml"
381298365,"RASMUSSEN TELLER &amp; CARON PC",2023_TEOS_XML_01A,"2023_TEOS_XML_01A/202330149349300108_public.xml"
813012143,"CHI 24 INC",2023_TEOS_XML_01A,"2023_TEOS_XML_01A/202300149349300400_public.xml"
660380848,"OJEDA CPA GROUP PSC",2023_TEOS_XML_01A,"2023_TEOS_XML_01A/202300149349300500_public.xml"
550694400,"DOUGLAS BICKSLER CPA",2023_TEOS_XML_01A,"2023_TEOS_XML_01A/202340159349200004_public.xml"
862647297,"CROWE LLP",2023_TEOS_XML_01A,"2023_TEOS_XML_01A/202300159349100600_public.xml"
330840092,"LIVING RUNNING WELLS OF LIFE INTERNATIONAL OUTREACH MINISTRIES",2023_TEOS_XML_01A,"2023_TEOS_XML_01A/202310169349100201_public.xml"
461617616,"Valentine Seevers and Associates PC",2023_TEOS_XML_01A,"2023_TEOS_XML_01A/202300169349100215_public.xml"
383478253,"GREAT LAKES MANAGEMENT CONSULTANTS",2023_TEOS_XML_01A,"2023_TEOS_XML_01A/202300169349100715_public.xml"
370626568,"FRATERNAL ORDER OF EAGLES",2023_TEOS_XML_01A,"2023_TEOS_XML_01A/202300169349200205_public.xml"
810243731,"NILAN WATER USERS ASSOCIATION",2023_TEOS_XML_01A,"2023_TEOS_XML_01A/202300169349200315_public.xml"
464617471,"MAY &amp; COMPANY LLP",2023_TEOS_XML_01A,"2023_TEOS_XML_01A/202300169349200535_public.xml"
833796163,"BLUE DEMON ATHLETICS INC",2023_TEOS_XML_01A,"2023_TEOS_XML_01A/202310169349200501_public.xml"
371443189,"GO INTERNATIONAL MISSION",2023_TEOS_XML_01A,"2023_TEOS_XML_01A/202300169349200745_public.xml"
562437605,"HILL BARTH &amp; KING LLC",2023_TEOS_XML_01A,"2023_TEOS_XML_01A/202300169349201215_public.xml"
611513200,"KASILOF PUBLIC LIBRARY",2023_TEOS_XML_01A,"2023_TEOS_XML_01A/202300169349201405_public.xml"
953886833,"LINDSAY AND COMPANY LLP",2023_TEOS_XML_01A,"2023_TEOS_XML_01A/202300169349300035_public.xml"
371895589,"RAULERSON CASTILLO &amp; COMPANY PA",2023_TEOS_XML_01A,"2023_TEOS_XML_01A/202300169349300420_public.xml"
351268208,"LEGACY PROFESSIONALS LLP",2023_TEOS_XML_01A,"2023_TEOS_XML_01A/202300169349300425_public.xml"
570400029,"BNA CPAs &amp; Advisors",2023_TEOS_XML_01A,"2023_TEOS_XML_01A/202300169349300530_public.xml"
752158093,"INSTITUTE FOR POLICY INNOVATION",2023_TEOS_XML_01A,"2023_TEOS_XML_01A/202300169349300800_public.xml"
660585077,"COHNREZNICK LLP",2023_TEOS_XML_01A,"2023_TEOS_XML_01A/202310169349301106_public.xml"
836005183,"HIGHPOINT CPAS LLC",2023_TEOS_XML_01A,"2023_TEOS_XML_01A/202300169349301220_public.xml"
550784532,"CLARKSBURG CONVENTION &amp; VISITORS BUREAU INC",2023_TEOS_XML_01A,"2023_TEOS_XML_01A/202300169349301465_public.xml"
316087639,"MITCHELL S MEYERS &amp; JACQUELINE P MEYER FOUNDATION",2023_TEOS_XML_01A,"2023_TEOS_XML_01A/202300179349100200_public.xml"
367312136,"CATHY &amp; JOE FELDMAN CHARITABLE TR",2023_TEOS_XML_01A,"2023_TEOS_XML_01A/202300179349100300_public.xml"
853363410,"ESI Foundation",2023_TEOS_XML_01A,"2023_TEOS_XML_01A/202300179349100500_public.xml"
616467029,"MARTZ ACCOUNTANCY CORPORATION",2023_TEOS_XML_01A,"2023_TEOS_XML_01A/202300179349100610_public.xml"
592263586,"SEAMANS OUTREACH SERVICES INC",2023_TEOS_XML_01A,"2023_TEOS_XML_01A/202300179349100700_public.xml"
410741763,"BRADY MARTZ &amp; ASSOCIATES PC",2023_TEOS_XML_01A,"2023_TEOS_XML_01A/202300179349200010_public.xml"
201791048,"AMERICAN RIVER BANK FOUNDATION",2023_TEOS_XML_01A,"2023_TEOS_XML_01A/202300179349200330_public.xml"
352420180,"A J Farmer CPA",2023_TEOS_XML_01A,"2023_TEOS_XML_01A/202300179349200630_public.xml"
842525450,"RSVP VOLUNTEERS IN SERVICE",2023_TEOS_XML_01A,"2023_TEOS_XML_01A/202300179349200730_public.xml"
263342263,"WOLF &amp; COMPANY PC",2023_TEOS_XML_01A,"2023_TEOS_XML_01A/202300179349201070_public.xml"
472536174,"Hasp Financial Solutions LLC",2023_TEOS_XML_01A,"2023_TEOS_XML_01A/202300179349201125_public.xml"
474500143,"Gary J Fernandez and Associates Ltd",2023_TEOS_XML_01A,"2023_TEOS_XML_01A/202300179349201135_public.xml"
237353699,"Catherine Cheung A Prof Corp",2023_TEOS_XML_01A,"2023_TEOS_XML_01A/202300179349201140_public.xml"
814463688,"ATCHLEY &amp; ASSOCIATES LLP",2023_TEOS_XML_01A,"2023_TEOS_XML_01A/202300179349201170_public.xml"
980158157,"V TAX FILING LIMITED PARTNERSHIP",2023_TEOS_XML_01A,"2023_TEOS_XML_01A/202300179349300205_public.xml"
481150843,"ALLEN GIBBS &amp; HOULIK LC",2023_TEOS_XML_01A,"2023_TEOS_XML_01A/202310179339300101_public.xml"
770479067,"CROWE LLP",2023_TEOS_XML_01A,"2023_TEOS_XML_01A/202300179349300515_public.xml"
842417020,"BRIM &amp; ASSOCIATES CPAS LLC",2023_TEOS_XML_01A,"2023_TEOS_XML_01A/202300179349300735_public.xml"
473274160,"VONLEHMAN &amp; COMPANY INC",2023_TEOS_XML_01A,"2023_TEOS_XML_01A/202300179349300900_public.xml"
360804150,"SELDEN FOX LTD",2023_TEOS_XML_01A,"2023_TEOS_XML_01A/202300179349300920_public.xml"
251807686,"GROSSMAN YANAK &amp; FORD LLP",2023_TEOS_XML_01A,"2023_TEOS_XML_01A/202300179349301100_public.xml"
920171866,"ALLIANCE CPAS LLC",2023_TEOS_XML_01A,"2023_TEOS_XML_01A/202330179339300533_public.xml"
161580043,"GROGAN &amp; STUFFLEBEAM CPAS LLP",2023_TEOS_XML_01A,"2023_TEOS_XML_01A/202300179349301805_public.xml"
810243162,"Paigeville Accounting Services LLC",2023_TEOS_XML_01A,"2023_TEOS_XML_01A/202300179349301870_public.xml"
246018079,"CAMPBELL RAPPOLD &amp; YURASITS LLP",2023_TEOS_XML_01A,"2023_TEOS_XML_01A/202310179339300986_public.xml"
836069777,"SAMUEL S ADELSBERG &amp; CO",2023_TEOS_XML_01A,"2023_TEOS_XML_01A/202300189349100305_public.xml"
873425986,"Balanced Accounting Solutions LLC",2023_TEOS_XML_01A,"2023_TEOS_XML_01A/202300189349100600_public.xml"
942779003,"CAMELBACK KIWANIS SERVICE FUND",2023_TEOS_XML_01A,"2023_TEOS_XML_01A/202300189349200010_public.xml"
943186344,"Zoraida Rapanut",2023_TEOS_XML_01A,"2023_TEOS_XML_01A/202300189349200210_public.xml"
472747371,"Gainspoletti &amp; Associates CPA LLC",2023_TEOS_XML_01A,"2023_TEOS_XML_01A/202300189349200310_public.xml"
871686167,"MEADEN &amp; MOORE LTD",2023_TEOS_XML_01A,"2023_TEOS_XML_01A/202300189349200500_public.xml"
820375907,"CHIGBROW RYAN MURATA CHTD",2023_TEOS_XML_01A,"2023_TEOS_XML_01A/202300189349200515_public.xml"
832838425,"MARTIN HOOD LLC",2023_TEOS_XML_01A,"2023_TEOS_XML_01A/202300189349200615_public.xml"
844433643,"DAVID A TURK CPA LLC",2023_TEOS_XML_01A,"2023_TEOS_XML_01A/202300189349200720_public.xml"
810371880,"Boyle Deveny &amp; Meyer PC",2023_TEOS_XML_01A,"2023_TEOS_XML_01A/202300189349201110_public.xml"
341800870,"PAYNE NICKLES &amp; COMPANY",2023_TEOS_XML_01A,"2023_TEOS_XML_01A/202300189349300225_public.xml"
550743089,"STRADER &amp; ASSOCIATES",2023_TEOS_XML_01A,"2023_TEOS_XML_01A/202300189349300600_public.xml"
920078211,"Kodiak Tax Service",2023_TEOS_XML_01A,"2023_TEOS_XML_01A/202300189349300720_public.xml"
660426667,"DIAZ AND CANDELARIA PSC",2023_TEOS_XML_01A,"2023_TEOS_XML_01A/202300189349300805_public.xml"
263659897,"THE RICKS GROUP",2023_TEOS_XML_01A,"2023_TEOS_XML_01A/202300189349301120_public.xml"
821595255,"LYLES AND SINCLAIR",2023_TEOS_XML_01A,"2023_TEOS_XML_01A/202300189349301400_public.xml"
843147138,"EISNER ADVISORY GROUP LLC",2023_TEOS_XML_01A,"2023_TEOS_XML_01A/202300199349100210_public.xml"
465088648,"MOUNTAIN &amp; MUSE FOUNDATION INC",2023_TEOS_XML_01A,"2023_TEOS_XML_01A/202300199349100305_public.xml"
731680396,"HEWKO FAMILY CHARITABLE FOUNDATION",2023_TEOS_XML_01A,"2023_TEOS_XML_01A/202300199349100400_public.xml"
770366215,"WAYNE W SMITH AN ACCOUNTANCY CORP",2023_TEOS_XML_01A,"2023_TEOS_XML_01A/202300199349200030_public.xml"
201190609,"HOFSTRA BOTT &amp; KRAFT PC",2023_TEOS_XML_01A,"2023_TEOS_XML_01A/202300199349200110_public.xml"
233076690,"GROFT NOEL CPA &amp; BUSINESS CONSULTANTS",2023_TEOS_XML_01A,"2023_TEOS_XML_01A/202300199349200405_public.xml"
261596313,"Scott Mainord Langley &amp; Simmons Inc",2023_TEOS_XML_01A,"2023_TEOS_XML_01A/202300199349200510_public.xml"
843310075,"PROPHETIC COMPANY GLOBAL",2023_TEOS_XML_01A,"2023_TEOS_XML_01A/202300199349200705_public.xml"
421564135,"VENTANA DEL SOUL",2023_TEOS_XML_01A,"2023_TEOS_XML_01A/202300199349200830_public.xml"
421676884,"Idaho Weed Awareness Campaign",2023_TEOS_XML_01A,"2023_TEOS_XML_01A/202300199349200900_public.xml"
316038104,"J S GRAHAM",2023_TEOS_XML_01A,"2023_TEOS_XML_01A/202300199349200905_public.xml"
830118783,"GROOMS &amp; HARKINS PC",2023_TEOS_XML_01A,"2023_TEOS_XML_01A/202300199349300240_public.xml"
824211263,"CLIFTONLARSONALLEN LLP",2023_TEOS_XML_01A,"2023_TEOS_XML_01A/202300199349301210_public.xml"
451168557,"ARIEL A JAVIER A PROF CORP",2023_TEOS_XML_01A,"2023_TEOS_XML_01A/202310199339300306_public.xml"
200792103,"UMBREIT WILECZEK &amp; ASSOCIATES PC",2023_TEOS_XML_01A,"2023_TEOS_XML_01A/202300209349200115_public.xml"
872290161,"Cox Accounting Services LLC",2023_TEOS_XML_01A,"2023_TEOS_XML_01A/202300209349200310_public.xml"
930122390,"NAGEL &amp; PADILLA LLC",2023_TEOS_XML_01A,"2023_TEOS_XML_01A/202300209349200510_public.xml"
362421345,"Gorzynski Uglow &amp; Farrell PC",2023_TEOS_XML_01A,"2023_TEOS_XML_01A/202300209349200910_public.xml"
660491142,"DIAZ &amp; CANDELARIA PSC",2023_TEOS_XML_01A,"2023_TEOS_XML_01A/202320199349301242_public.xml"
381363572,"Master Plan Inc",2023_TEOS_XML_01A,"2023_TEOS_XML_01A/202300209349300300_public.xml"
680680719,"Facet Advisors Inc",2023_TEOS_XML_01A,"2023_TEOS_XML_01A/202300209349300415_public.xml"
383522782,"HUNGERFORD NICHOLS CPAS ADVISORS",2023_TEOS_XML_01A,"2023_TEOS_XML_01A/202300209349300405_public.xml"
853943391,"Ravencoin Foundation",2023_TEOS_XML_01A,"2023_TEOS_XML_01A/202300209349300600_public.xml"
620793411,"DEMPSEY VANTREASE &amp; FOLLIS PLLC",2023_TEOS_XML_01A,"2023_TEOS_XML_01A/202300209349300740_public.xml"
364605639,"PRICEWATERHOUSECOOPERS LLP",2023_TEOS_XML_01A,"2023_TEOS_XML_01A/202300209349301005_public.xml"
660319405,"CPA LUIS CRUZ PSC",2023_TEOS_XML_01A,"2023_TEOS_XML_01A/202300209349301020_public.xml"
845169548,"LIONEL'S TAX &amp; BOOKKEEPING SERVICE",2023_TEOS_XML_01A,"2023_TEOS_XML_01A/202300219349100000_public.xml"
467203550,"PHILIP E HUGHES JR",2023_TEOS_XML_01A,"2023_TEOS_XML_01A/202300219349100300_public.xml"
824213353,"Hatch &amp; Associates",2023_TEOS_XML_01A,"2023_TEOS_XML_01A/202300219349200205_public.xml"
236215530,"PRICEWATERHOUSECOOPERS LLP",2023_TEOS_XML_01A,"2023_TEOS_XML_01A/202300219349100400_public.xml"
830697361,"King &amp; King CPAs PLLC",2023_TEOS_XML_01A,"2023_TEOS_XML_01A/202300219349200700_public.xml"
387267158,"PRICEWATERHOUSECOOPERS LLP",2023_TEOS_XML_01A,"2023_TEOS_XML_01A/202300219349100500_public.xml"
510147238,"ZINER &amp; MURPHY PC",2023_TEOS_XML_01A,"2023_TEOS_XML_01A/202300239339300100_public.xml"
823608438,"GRIMSHAW &amp; ASSOCIATES LLC",2023_TEOS_XML_01A,"2023_TEOS_XML_01A/202300249349100305_public.xml"
873389638,"ANDREW HADDAD PC",2023_TEOS_XML_01A,"2023_TEOS_XML_01A/202300239349100810_public.xml"
844568936,"MELLMAN &amp; PERDUE CPAS",2023_TEOS_XML_01A,"2023_TEOS_XML_01A/202300239349200015_public.xml"
850413738,"Fred S Anaya CPA",2023_TEOS_XML_01A,"2023_TEOS_XML_01A/202300239349200025_public.xml"
844175810,"SWAGHERLOVE FOUNDATION",2023_TEOS_XML_01A,"2023_TEOS_XML_01A/202300239349200335_public.xml"
311260319,"Bennett Groeber Mullen &amp; Feltner Co",2023_TEOS_XML_01A,"2023_TEOS_XML_01A/202300239349200720_public.xml"
752990527,"ACCOUNTING SERVICES OF FLORIDA INC",2023_TEOS_XML_01A,"2023_TEOS_XML_01A/202300239349201015_public.xml"
270306919,"MARY GALLAGHER CPA LLC",2023_TEOS_XML_01A,"2023_TEOS_XML_01A/202300239349201020_public.xml"
814201885,"LORI MOORE CPA &amp; ASSOCIATES LLC",2023_TEOS_XML_01A,"2023_TEOS_XML_01A/202300239349201030_public.xml"
237591946,"FRATERNAL ORDER OF EAGLES",2023_TEOS_XML_01A,"2023_TEOS_XML_01A/202300239349201100_public.xml"
463743951,"COLE GAVLAS PC",2023_TEOS_XML_01A,"2023_TEOS_XML_01A/202300239349201145_public.xml"
820753614,"KOSTUKOVICH FINANCIAL GROUP LLC",2023_TEOS_XML_01A,"2023_TEOS_XML_01A/202300239349201250_public.xml"
475593750,"Peck &amp; Gambish CPAs",2023_TEOS_XML_01A,"2023_TEOS_XML_01A/202300239349201550_public.xml"
261099449,"FORBUSH &amp; ASSOCIATES",2023_TEOS_XML_01A,"2023_TEOS_XML_01A/202300239349201650_public.xml"
010960497,"TAX CONSULTING INC",2023_TEOS_XML_01A,"2023_TEOS_XML_01A/202300239349201705_public.xml"
310896463,"DWA Tax Consultants",2023_TEOS_XML_01A,"2023_TEOS_XML_01A/202300239349300320_public.xml"
561585440,"SHARPE PATEL CPA",2023_TEOS_XML_01A,"2023_TEOS_XML_01A/202300239349300525_public.xml"
844011118,"Californians to Protect Patients",2023_TEOS_XML_01A,"2023_TEOS_XML_01A/202300239349300830_public.xml"
870628487,"VICKIE DEAN &amp; ASSOCIATES",2023_TEOS_XML_01A,"2023_TEOS_XML_01A/202310239349300146_public.xml"
660196040,"ZAYAS MORAZZANI &amp; CO",2023_TEOS_XML_01A,"2023_TEOS_XML_01A/202300239349301665_public.xml"
541064500,"WELLSCOLEMAN",2023_TEOS_XML_01A,"2023_TEOS_XML_01A/202300239349301915_public.xml"
453758112,"BAKER TILLY US LLP",2023_TEOS_XML_01A,"2023_TEOS_XML_01A/202300239349302020_public.xml"
716052690,"HCJ CPAS &amp; ADVISORS PLLC",2023_TEOS_XML_01A,"2023_TEOS_XML_01A/202300239349302115_public.xml"
900329150,"Pamela P Harris CPA PA",2023_TEOS_XML_01A,"2023_TEOS_XML_01A/202300249349100000_public.xml"
256033918,"LOUIS PLUNG &amp; COMPANY LLP",2023_TEOS_XML_01A,"2023_TEOS_XML_01A/202300249349100115_public.xml"
366076061,"CBIZ MHM LLC",2023_TEOS_XML_01A,"2023_TEOS_XML_01A/202300249349100205_public.xml"
593352870,"SHORSTEIN &amp; SHORSTEIN PA",2023_TEOS_XML_01A,"2023_TEOS_XML_01A/202300249349100600_public.xml"
222989388,"LUMSDEN &amp; MCCORMICK LLP",2023_TEOS_XML_01A,"2023_TEOS_XML_01A/202300249349100705_public.xml"
640527731,"T E LOTT &amp; COMPANY PA",2023_TEOS_XML_01A,"2023_TEOS_XML_01A/202300249349200345_public.xml"
112444998,"JOSEPH GIANNASCO CPA LLC",2023_TEOS_XML_01A,"2023_TEOS_XML_01A/202300249349200415_public.xml"
272872710,"ST MARY OF MT CARMEL CONFERENCE",2023_TEOS_XML_01A,"2023_TEOS_XML_01A/202300249349200700_public.xml"
862563007,"ROBERT WM HUMBLE CPA",2023_TEOS_XML_01A,"2023_TEOS_XML_01A/202300249349200835_public.xml"
472667944,"Amy Booth CPA",2023_TEOS_XML_01A,"2023_TEOS_XML_01A/202300249349201020_public.xml"
454955338,"ANDERSON LAW GROUP PLLC",2023_TEOS_XML_01A,"2023_TEOS_XML_01A/202300249349201200_public.xml"
853817676,"EKA TAX ACCOUNTING SOLUTION LLC",2023_TEOS_XML_01A,"2023_TEOS_XML_01A/202300249349201450_public.xml"
391792820,"R J NOLAN ASSOCIATES INC",2023_TEOS_XML_01A,"2023_TEOS_XML_01A/202300249349300420_public.xml"
861182091,"VALTINSON TAX SERVICES LLC",2023_TEOS_XML_01A,"2023_TEOS_XML_01A/202300249349300435_public.xml"
731713467,"NELSONCORP TAX SOLUTIONS",2023_TEOS_XML_01A,"2023_TEOS_XML_01A/202300249349300440_public.xml"
521187261,"Stapf Financial",2023_TEOS_XML_01A,"2023_TEOS_XML_01A/202300249349300530_public.xml"
833257673,"SNYDER COHN PC",2023_TEOS_XML_01A,"2023_TEOS_XML_01A/202300249349300635_public.xml"
462637954,"HELP ELIMINATE LEGAL PROBLEMS FOR SENIORS AND DISSABLED",2023_TEOS_XML_01A,"2023_TEOS_XML_01A/202300249349300830_public.xml"
131973857,"ROCCO J RICCIARDI CPA",2023_TEOS_XML_01A,"2023_TEOS_XML_01A/202300249349301000_public.xml"
473220541,"YEO &amp; YEO PC",2023_TEOS_XML_01A,"2023_TEOS_XML_01A/202300249349301340_public.xml"
200891922,"Shaw &amp; Associates",2023_TEOS_XML_01A,"2023_TEOS_XML_01A/202300249349301615_public.xml"
874054336,"LYONS &amp; MORGAN PC",2023_TEOS_XML_01A,"2023_TEOS_XML_01A/202300259349100105_public.xml"
222983591,"RENSHAW &amp; PENINGER CPAs",2023_TEOS_XML_01A,"2023_TEOS_XML_01A/202300259349100300_public.xml"
223626120,"MERCADIEN PC",2023_TEOS_XML_01A,"2023_TEOS_XML_01A/202300259349100305_public.xml"
463924192,"ELEVATED CPA",2023_TEOS_XML_01A,"2023_TEOS_XML_01A/202300259349100400_public.xml"
453825090,"ISLAND MEN-S CHRISTIAN FELLOW",2023_TEOS_XML_01A,"2023_TEOS_XML_01A/202300259349100310_public.xml"
863824019,"Diamond D Softball",2023_TEOS_XML_01A,"2023_TEOS_XML_01A/202300259349100415_public.xml"
825212111,"BETWEEN INITIATIVE",2023_TEOS_XML_01A,"2023_TEOS_XML_01A/202300259349200130_public.xml"
871103188,"WHITLEY PENN LLP",2023_TEOS_XML_01A,"2023_TEOS_XML_01A/202300259349200140_public.xml"
832203870,"Michael J Mohan CPA",2023_TEOS_XML_01A,"2023_TEOS_XML_01A/202300259349200345_public.xml"
812374823,"Musselman &amp; Creager LLP",2023_TEOS_XML_01A,"2023_TEOS_XML_01A/202300259349200445_public.xml"
237143939,"Sullivan &amp; Associates PLLC",2023_TEOS_XML_01A,"2023_TEOS_XML_01A/202300259349200745_public.xml"
460598583,"PATRICIA DINGCONG CPA",2023_TEOS_XML_01A,"2023_TEOS_XML_01A/202300259349200905_public.xml"
270049056,"CRIPPEN &amp; ASSOCIATES",2023_TEOS_XML_01A,"2023_TEOS_XML_01A/202300259349201105_public.xml"
591608033,"SANTI &amp; ASSOCIATES PC",2023_TEOS_XML_01A,"2023_TEOS_XML_01A/202310259349200831_public.xml"
273401266,"CAPOSSELA COHEN LLC",2023_TEOS_XML_01A,"2023_TEOS_XML_01A/202300259349300130_public.xml"
591717308,"SHYAM KOTWAL CPA PA",2023_TEOS_XML_01A,"2023_TEOS_XML_01A/202300259349300240_public.xml"
660948823,"CPA MAGALY LEON LLC",2023_TEOS_XML_01A,"2023_TEOS_XML_01A/202300259349300300_public.xml"
350320881,"Dahms &amp; Yarian Inc",2023_TEOS_XML_01A,"2023_TEOS_XML_01A/202300259349300645_public.xml"
900120575,"GREEK RESOURCE SERVICES LLC",2023_TEOS_XML_01A,"2023_TEOS_XML_01A/202300259349300715_public.xml"
900123997,"STEPHEN DEMAINE CPA",2023_TEOS_XML_01A,"2023_TEOS_XML_01A/202300259349300935_public.xml"
431481983,"CHARLES K MOORE CPA",2023_TEOS_XML_01A,"2023_TEOS_XML_01A/202300259349301020_public.xml"
432016701,"STEPHEN DEMAINE CPA",2023_TEOS_XML_01A,"2023_TEOS_XML_01A/202300259349301440_public.xml"
710700711,"HRB TAX GROUP INC",2023_TEOS_XML_01A,"2023_TEOS_XML_01A/202300259349301610_public.xml"
942202153,"Terri Montgomery CPA",2023_TEOS_XML_01A,"2023_TEOS_XML_01A/202330129349303703_public.xml"
833164951,"NEPA BLUES SOCIETY INC",2023_TEOS_XML_01A,"2023_TEOS_XML_01A/202300269349100205_public.xml"
411679497,"NIETZ TAX &amp; ACCOUNTING LLC",2023_TEOS_XML_01A,"2023_TEOS_XML_01A/202300269349100200_public.xml"
261856812,"Furlong Foundation",2023_TEOS_XML_01A,"2023_TEOS_XML_01A/202300269349100110_public.xml"
824283528,"H AND R BLOCK",2023_TEOS_XML_01A,"2023_TEOS_XML_01A/202300269349100305_public.xml"
621611779,"BLACKBURN CHILDERS &amp; STEAGALL PLC",2023_TEOS_XML_01A,"2023_TEOS_XML_01A/202300269349100505_public.xml"
261943145,"Lara C Schmutte CPA LLC",2023_TEOS_XML_01A,"2023_TEOS_XML_01A/202300269349200105_public.xml"
232605696,"BARBARA AKINS CPA",2023_TEOS_XML_01A,"2023_TEOS_XML_01A/202300269349200240_public.xml"
832637618,"KEITER STEPHENS HURST GARY &amp; SHREAVES",2023_TEOS_XML_01A,"2023_TEOS_XML_01A/202300269349200220_public.xml"
450431631,"HOUCHIN TAX SERVICE INC",2023_TEOS_XML_01A,"2023_TEOS_XML_01A/202300269349200300_public.xml"
464054327,"W LEE PELTON CPA PA",2023_TEOS_XML_01A,"2023_TEOS_XML_01A/202300269349200320_public.xml"
237049778,"KAMMERMANN &amp; BASCOM PC",2023_TEOS_XML_01A,"2023_TEOS_XML_01A/202300269349200610_public.xml"
043425142,"COHNREZNICK LLP",2023_TEOS_XML_01A,"2023_TEOS_XML_01A/202300269349200725_public.xml"
366138647,"DBS ACCOUNTING &amp; MGMT SERV INC",2023_TEOS_XML_01A,"2023_TEOS_XML_01A/202340259349201209_public.xml"
382944860,"OLD BARN ACCOUNTING SERVICES PC",2023_TEOS_XML_01A,"2023_TEOS_XML_01A/202300269349201220_public.xml"
844668050,"NARDA E BUTNER CPA PA",2023_TEOS_XML_01A,"2023_TEOS_XML_01A/202300269349300140_public.xml"
251142422,"BOYER &amp; RITTER LLC",2023_TEOS_XML_01A,"2023_TEOS_XML_01A/202300269349300200_public.xml"
311625750,"STEPHENSON AND WARNER INC CPAS",2023_TEOS_XML_01A,"2023_TEOS_XML_01A/202300269349300215_public.xml"
431204559,"CROUCH FARLEY &amp; HEURING PC",2023_TEOS_XML_01A,"2023_TEOS_XML_01A/202300269349300300_public.xml"
843643756,"Primetyme Basketball Crew",2023_TEOS_XML_01A,"2023_TEOS_XML_01A/202300269349300335_public.xml"
131775772,"RG Brenner Income Tax",2023_TEOS_XML_01A,"2023_TEOS_XML_01A/202300269349300530_public.xml"
205938952,"Capital Tax &amp; Consulting LLC",2023_TEOS_XML_01A,"2023_TEOS_XML_01A/202310109349100056_public.xml"
873308020,"HOLTHOUSE CARLIN &amp; VAN TRIGT LLP",2023_TEOS_XML_01A,"2023_TEOS_XML_01A/202310109349100061_public.xml"
222525749,"RENEE P GRAILICH CPA LLC",2023_TEOS_XML_01A,"2023_TEOS_XML_01A/202310109349100151_public.xml"
842045271,"SCATTERED RAIN INC",2023_TEOS_XML_01A,"2023_TEOS_XML_01A/202310109349200086_public.xml"
741460655,"TRUSTED EMPLOYMENT SOLUTIONS",2023_TEOS_XML_01A,"2023_TEOS_XML_01A/202310109349200091_public.xml"
460856893,"Kansas Chapter of the Alexander Graham Bell Association for the Deaf Inc",2023_TEOS_XML_01A,"2023_TEOS_XML_01A/202310109349200131_public.xml"
800946451,"CREATE A SMILE",2023_TEOS_XML_01A,"2023_TEOS_XML_01A/202310109349200336_public.xml"
341872927,"COPLEY WATER WARRIORS",2023_TEOS_XML_01A,"2023_TEOS_XML_01A/202310109349200361_public.xml"
874680028,"AZ STORM BASEBALL FOUNDATION",2023_TEOS_XML_01A,"2023_TEOS_XML_01A/202310109349200556_public.xml"
264779028,"LDE Soccer Organization",2023_TEOS_XML_01A,"2023_TEOS_XML_01A/202310109349200581_public.xml"
475589089,"AMATEUR ATHLETIC UNION OF THE UNITED STATES INC",2023_TEOS_XML_01A,"2023_TEOS_XML_01A/202310109349200656_public.xml"
460621650,"AMHERST-NELSON CARES LTD",2023_TEOS_XML_01A,"2023_TEOS_XML_01A/202310109349200701_public.xml"
813499865,"Pacific NW Experience",2023_TEOS_XML_01A,"2023_TEOS_XML_01A/202310109349201001_public.xml"
843803269,"FORVIS LLP",2023_TEOS_XML_01A,"2023_TEOS_XML_01A/202310109349300461_public.xml"
821715770,"JAX RIVER CITY PRIDE INC",2023_TEOS_XML_01A,"2023_TEOS_XML_01A/202340109349300069_public.xml"
851552697,"NORTHWEST OFFICIALS ASSOCIATION",2023_TEOS_XML_01A,"2023_TEOS_XML_01A/202330129349100928_public.xml"
981437474,"KPMG LLP",2023_TEOS_XML_01A,"2023_TEOS_XML_01A/202310129349100316_public.xml"
954509616,"Irving Ide &amp; Co",2023_TEOS_XML_01A,"2023_TEOS_XML_01A/202340129349101254_public.xml"
200482457,"VISTA TAX GROUP LLC",2023_TEOS_XML_01A,"2023_TEOS_XML_01A/202310129349100411_public.xml"
942476169,"DEBORAH P GRIFFIN CPA",2023_TEOS_XML_01A,"2023_TEOS_XML_01A/202310129349100441_public.xml"
824881169,"Transglobal Tax Services LLC",2023_TEOS_XML_01A,"2023_TEOS_XML_01A/202310129349100526_public.xml"
391691950,"BUSINESS &amp; TAX SYSTEMS LLC",2023_TEOS_XML_01A,"2023_TEOS_XML_01A/202310129349100506_public.xml"
134108684,"BARRY M STRAUSS ASSOC LTD",2023_TEOS_XML_01A,"2023_TEOS_XML_01A/202310129349100631_public.xml"
626144039,"ERNST &amp; YOUNG US LLP",2023_TEOS_XML_01A,"2023_TEOS_XML_01A/202310129349100741_public.xml"
364390632,"ABARE KRESGE &amp; ASSOCIATES CPAS",2023_TEOS_XML_01A,"2023_TEOS_XML_01A/202310129349100911_public.xml"
270356685,"Cervices Pro",2023_TEOS_XML_01A,"2023_TEOS_XML_01A/202310129349100931_public.xml"
150543615,"JAN E NOLIS CPA",2023_TEOS_XML_01A,"2023_TEOS_XML_01A/202310129349100991_public.xml"
205809074,"Massey Wehr &amp; Company LLP",2023_TEOS_XML_01A,"2023_TEOS_XML_01A/202310129349101256_public.xml"
810679500,"ZZC CPAs",2023_TEOS_XML_01A,"2023_TEOS_XML_01A/202310129349200036_public.xml"
166098202,"HEADLEY ASSOCIATES",2023_TEOS_XML_01A,"2023_TEOS_XML_01A/202310129349200311_public.xml"
954623012,"Ira Frankel CPA",2023_TEOS_XML_01A,"2023_TEOS_XML_01A/202310129349200331_public.xml"
853539651,"ABC CPA PC",2023_TEOS_XML_01A,"2023_TEOS_XML_01A/202310129349200411_public.xml"
540518956,"GREEK RESOURCE SERVICES LLC",2023_TEOS_XML_01A,"2023_TEOS_XML_01A/202310129349200421_public.xml"
204454945,"WATKINS WARD AND STAFFORD PLLC",2023_TEOS_XML_01A,"2023_TEOS_XML_01A/202310129349200426_public.xml"
844434179,"MCC INC",2023_TEOS_XML_01A,"2023_TEOS_XML_01A/202310129349200541_public.xml"
743161353,"Slocum DeAngelus &amp; Assocs CPAs PC",2023_TEOS_XML_01A,"2023_TEOS_XML_01A/202310129349200631_public.xml"
352073414,"MKR CPAS &amp; ADVISORS LLC",2023_TEOS_XML_01A,"2023_TEOS_XML_01A/202310129349200726_public.xml"
946013420,"WILSON MYERS AND DOLD CPAS",2023_TEOS_XML_01A,"2023_TEOS_XML_01A/202310129349201021_public.xml"
061570089,"TIMOTHY S ASHBURNER CPA",2023_TEOS_XML_01A,"2023_TEOS_XML_01A/202310129349201041_public.xml"
911772712,"G &amp; J SEIBERLICH &amp; CO LLP",2023_TEOS_XML_01A,"2023_TEOS_XML_01A/202310129349201066_public.xml"
834717392,"FOR THOSE WHO STAYED",2023_TEOS_XML_01A,"2023_TEOS_XML_01A/202330129349202583_public.xml"
861067301,"Kerber Eck &amp; Braeckel LLP",2023_TEOS_XML_01A,"2023_TEOS_XML_01A/202310129349201306_public.xml"
237363841,"MCGUIRE &amp; COMPANY CPAS LLP",2023_TEOS_XML_01A,"2023_TEOS_XML_01A/202310129349201416_public.xml"
371853577,"SMITH SULLIVAN &amp; BROWN PC",2023_TEOS_XML_01A,"2023_TEOS_XML_01A/202310129349201411_public.xml"
541660762,"HARRIS HARVEY NEAL &amp; COLLPCPA'S",2023_TEOS_XML_01A,"2023_TEOS_XML_01A/202310129349201406_public.xml"
261639543,"Zeppelin Rifle Club Inc",2023_TEOS_XML_01A,"2023_TEOS_XML_01A/202310129349201431_public.xml"
471540246,"Victoria L Phillips CPA",2023_TEOS_XML_01A,"2023_TEOS_XML_01A/202310129349201606_public.xml"
751843405,"HANKINS EASTUP DEATON TONN &amp; SEAY",2023_TEOS_XML_01A,"2023_TEOS_XML_01A/202310129349201821_public.xml"
861269188,"Anglemyer Tax and Accounting",2023_TEOS_XML_01A,"2023_TEOS_XML_01A/202310129349201831_public.xml"
901184650,"BONNET HAMILTON CPAS LLC",2023_TEOS_XML_01A,"2023_TEOS_XML_01A/202310129349202001_public.xml"
833028124,"HJERPE &amp; TENNISON CPAS LLC",2023_TEOS_XML_01A,"2023_TEOS_XML_01A/202310129349202026_public.xml"
204536035,"Flavin And Associates Inc",2023_TEOS_XML_01A,"2023_TEOS_XML_01A/202310129349202211_public.xml"
882667683,"AMATEUR ATHLETIC UNION OF THE UNITED STATES INC",2023_TEOS_XML_01A,"2023_TEOS_XML_01A/202310129349202431_public.xml"
010929149,"Blaine B Bush CPA",2023_TEOS_XML_01A,"2023_TEOS_XML_01A/202310129349202451_public.xml"
341985732,"Gray Station CPAs PC",2023_TEOS_XML_01A,"2023_TEOS_XML_01A/202330129349201833_public.xml"
822553412,"GENESIS EARLY LEARNING ACADEMY",2023_TEOS_XML_01A,"2023_TEOS_XML_01A/202310129349203011_public.xml"
883721910,"AMERICAN LEGION",2023_TEOS_XML_01A,"2023_TEOS_XML_01A/202320129349203052_public.xml"
453739578,"CLIFTONLARSONALLEN LLP",2023_TEOS_XML_01A,"2023_TEOS_XML_01A/202310129349203016_public.xml"
050494278,"FARMER &amp; FIRST PC CPA'S",2023_TEOS_XML_01A,"2023_TEOS_XML_01A/202310129349300136_public.xml"
541680186,"HICOK BROWN &amp; COMPANY",2023_TEOS_XML_01A,"2023_TEOS_XML_01A/202310129349300326_public.xml"
814274508,"MADDOX &amp; ASSOCIATES APC",2023_TEOS_XML_01A,"2023_TEOS_XML_01A/202310129349300516_public.xml"
237152722,"THOMAS SPEIGHT &amp; NOBLE CPA'S",2023_TEOS_XML_01A,"2023_TEOS_XML_01A/202310129349300631_public.xml"
510149559,"DIAMOND INCOME TAX",2023_TEOS_XML_01A,"2023_TEOS_XML_01A/202310129349301091_public.xml"
620864659,"JACK E SHERROD CPA",2023_TEOS_XML_01A,"2023_TEOS_XML_01A/202310129349301126_public.xml"
850644776,"FAIR ISLE ADVISORS",2023_TEOS_XML_01A,"2023_TEOS_XML_01A/202310129349301906_public.xml"
571238587,"BiggsKofford PC",2023_TEOS_XML_01A,"2023_TEOS_XML_01A/202310129349301911_public.xml"
941431583,"MORRIS &amp; ASSOCIATES LLP",2023_TEOS_XML_01A,"2023_TEOS_XML_01A/202310129349302891_public.xml"
680245255,"Richard Watson Jr CPA",2023_TEOS_XML_01A,"2023_TEOS_XML_01A/202310129349303081_public.xml"
270010416,"CAMPBELL TAX AND FINANCIAL SERVICES",2023_TEOS_XML_01A,"2023_TEOS_XML_01A/202310129349303346_public.xml"
823579775,"MARK HEINITZ CPA",2023_TEOS_XML_01A,"2023_TEOS_XML_01A/202310129349303781_public.xml"
861002243,"John Allis III CPA PC",2023_TEOS_XML_01A,"2023_TEOS_XML_01A/202310129349303416_public.xml"
311375262,"FRUSH CONSULTING LLC",2023_TEOS_XML_01A,"2023_TEOS_XML_01A/202310129349303471_public.xml"
871244241,"MARK HEINITZ CPA",2023_TEOS_XML_01A,"2023_TEOS_XML_01A/202310129349303631_public.xml"
455133995,"RLK Tax Preparation Inc",2023_TEOS_XML_01A,"2023_TEOS_XML_01A/202310129349303786_public.xml"
980142199,"INTERNATIONAL INSTITUTE FOR SUSTAINABLE DEVELOPMENT",2023_TEOS_XML_01A,"2023_TEOS_XML_01A/202310129349303791_public.xml"
570136200,"FORVIS LLP",2023_TEOS_XML_01A,"2023_TEOS_XML_01A/202310129349304156_public.xml"
582184217,"CLIFTONLARSONALLEN LLP",2023_TEOS_XML_01A,"2023_TEOS_XML_01A/202310139349100006_public.xml"
330757049,"Brenda Magill",2023_TEOS_XML_01A,"2023_TEOS_XML_01A/202310139349100231_public.xml"
261949482,"SIKICH LLP",2023_TEOS_XML_01A,"2023_TEOS_XML_01A/202310139349100306_public.xml"
753066479,"Hoefgen Professional Tax &amp; Accounti",2023_TEOS_XML_01A,"2023_TEOS_XML_01A/202310139349100411_public.xml"
042596709,"KURZMAN DEMPSEY &amp; KOWALKER LLP",2023_TEOS_XML_01A,"2023_TEOS_XML_01A/202310139349100401_public.xml"
371515281,"KERBERROSE SC",2023_TEOS_XML_01A,"2023_TEOS_XML_01A/202310139349100716_public.xml"
166420012,"PRICEWATERHOUSECOOPERS LLP",2023_TEOS_XML_01A,"2023_TEOS_XML_01A/202310139349100806_public.xml"
541121512,"DAVIDSON DOYLE &amp; HILTON LLP",2023_TEOS_XML_01A,"2023_TEOS_XML_01A/202310139349100831_public.xml"
842600886,"BADGER SUMRALL &amp; COMPANY",2023_TEOS_XML_01A,"2023_TEOS_XML_01A/202310139349101306_public.xml"
844686633,"MO TAX SERVICE",2023_TEOS_XML_01A,"2023_TEOS_XML_01A/202310139349200011_public.xml"
431186111,"WILLIAMS TAX AND ACCOUNTING LLC",2023_TEOS_XML_01A,"2023_TEOS_XML_01A/202330139349201313_public.xml"
351016584,"FRATERNAL ORDER OF EAGLES",2023_TEOS_XML_01A,"2023_TEOS_XML_01A/202310139349200101_public.xml"
455552465,"Coras Tax &amp; Accounting",2023_TEOS_XML_01A,"2023_TEOS_XML_01A/202310139349200216_public.xml"
882193576,"BQS SERVICES LLC",2023_TEOS_XML_01A,"2023_TEOS_XML_01A/202310139349200221_public.xml"
300202462,"Linda C Downs CPA",2023_TEOS_XML_01A,"2023_TEOS_XML_01A/202310139349200326_public.xml"
853417792,"Hinkle &amp; Company PC",2023_TEOS_XML_01A,"2023_TEOS_XML_01A/202320139349200412_public.xml"
810390960,"DESHAZER TOREN &amp; BAILEY CPAS PLLC",2023_TEOS_XML_01A,"2023_TEOS_XML_01A/202310139349200826_public.xml"
721382251,"HRB TAX GROUP INC",2023_TEOS_XML_01A,"2023_TEOS_XML_01A/202310139349201016_public.xml"
222532410,"RDG PARTNERS CPAS PLLC",2023_TEOS_XML_01A,"2023_TEOS_XML_01A/202310139349201111_public.xml"
386589828,"BOGE WYBENGA &amp; BRADLEY PC",2023_TEOS_XML_01A,"2023_TEOS_XML_01A/202310139349201606_public.xml"
451674585,"Frye &amp; Company CPAs",2023_TEOS_XML_01A,"2023_TEOS_XML_01A/202310139349300001_public.xml"
363499674,"DAUBY O'CONNOR &amp; ZALESKI LLC",2023_TEOS_XML_01A,"2023_TEOS_XML_01A/202310139349300111_public.xml"
824807196,"JUNKERMIERCLARKCAMPANELLASTEVENSPC",2023_TEOS_XML_01A,"2023_TEOS_XML_01A/202310139349300221_public.xml"
591296746,"NORRIS CPA &amp; ASSOCIATES INC",2023_TEOS_XML_01A,"2023_TEOS_XML_01A/202310139349300241_public.xml"
454119066,"Michael P Mullen CPA PLLC",2023_TEOS_XML_01A,"2023_TEOS_XML_01A/202310139349300541_public.xml"
363807447,"AWERKAMP GOODNIGHT SCHWALLER &amp; NELSON",2023_TEOS_XML_01A,"2023_TEOS_XML_01A/202310139349300621_public.xml"
237452841,"ANDERSON &amp; SCHLAUTMAN PC",2023_TEOS_XML_01A,"2023_TEOS_XML_01A/202310139349301046_public.xml"
271625548,"COHNREZNICK LLP",2023_TEOS_XML_01A,"2023_TEOS_XML_01A/202310139349301261_public.xml"
263208840,"MARIN SPORTS ACADEMY",2023_TEOS_XML_01A,"2023_TEOS_XML_01A/202310139349301416_public.xml"
465040820,"DJJCPA LLC",2023_TEOS_XML_01A,"2023_TEOS_XML_01A/202310139349301451_public.xml"
952270952,"Garnett &amp; Garnett Tax Service",2023_TEOS_XML_01A,"2023_TEOS_XML_01A/202310139349301641_public.xml"
750932824,"PARKER &amp; RICHARDSON PC",2023_TEOS_XML_01A,"2023_TEOS_XML_01A/202310139349301751_public.xml"
530070155,"ALAN L GORDON CPA PA",2023_TEOS_XML_01A,"2023_TEOS_XML_01A/202310139349301766_public.xml"
660521870,"CMCPA",2023_TEOS_XML_01A,"2023_TEOS_XML_01A/202310139349301856_public.xml"
825009686,"SMITH &amp; HOWARD ADVISORY LLC",2023_TEOS_XML_01A,"2023_TEOS_XML_01A/202310139349301906_public.xml"
813744254,"CENTRAL MARYLAND GOLD PROSPECTORS INC",2023_TEOS_XML_01A,"2023_TEOS_XML_01A/202310149349100506_public.xml"
363977234,"BOLITHO LAW LLC",2023_TEOS_XML_01A,"2023_TEOS_XML_01A/202310149349100616_public.xml"
260398394,"STEVEN J SAMELA CPA",2023_TEOS_XML_01A,"2023_TEOS_XML_01A/202310149349200506_public.xml"
237010427,"Evans &amp; Evans Inc",2023_TEOS_XML_01A,"2023_TEOS_XML_01A/202310149349200516_public.xml"
660477909,"HOGAR DE AYUDA EL REFUGIO INC",2023_TEOS_XML_01A,"2023_TEOS_XML_01A/202310149349300101_public.xml"
660563792,"CUERPO DE VOLUNTARIOS DE SERVICIOS MEDICOS DE EMERGENCIAS INC",2023_TEOS_XML_01A,"2023_TEOS_XML_01A/202310149349300111_public.xml"
141278969,"Bethlehem Cemetery Association",2023_TEOS_XML_01A,"2023_TEOS_XML_01A/202310149349300401_public.xml"
660522632,"PUERTO RICO MANUFACTURING EXTENSION PRIMEX INC",2023_TEOS_XML_01A,"2023_TEOS_XML_01A/202310149349300506_public.xml"
463604677,"CASTLECO THEATRE",2023_TEOS_XML_01A,"2023_TEOS_XML_01A/202310149349300706_public.xml"
440502729,"Moore Tax Advantage",2023_TEOS_XML_01A,"2023_TEOS_XML_01A/202340159349200504_public.xml"
853138317,"Catherine L Schlueter CPA PC",2023_TEOS_XML_01A,"2023_TEOS_XML_01A/202310159349200501_public.xml"
141593168,"Lorene M Beach EA",2023_TEOS_XML_01A,"2023_TEOS_XML_01A/202310159349300606_public.xml"
263282268,"Richard T Long CPA",2023_TEOS_XML_01A,"2023_TEOS_XML_01A/202310169339300001_public.xml"
833139215,"RAFFENSPERGER MARTIN &amp; FINKENBINER LLC",2023_TEOS_XML_01A,"2023_TEOS_XML_01A/202320169349100107_public.xml"
853971161,"Chinese Association of Research and Education for Eating Disorders",2023_TEOS_XML_01A,"2023_TEOS_XML_01A/202310169349100401_public.xml"
770500005,"HAAS &amp; DAWE",2023_TEOS_XML_01A,"2023_TEOS_XML_01A/202310169349100706_public.xml"
237125416,"Farmington Education Association",2023_TEOS_XML_01A,"2023_TEOS_XML_01A/202310169349200401_public.xml"
260071803,"Block Advisors",2023_TEOS_XML_01A,"2023_TEOS_XML_01A/202310169349200411_public.xml"
830886443,"iDance Chicago Performing Arts Team Jeena Bradley Rasheda Gaither",2023_TEOS_XML_01A,"2023_TEOS_XML_01A/202310169349200506_public.xml"
834509614,"CRUISERS CRICKET ASSOCIATION",2023_TEOS_XML_01A,"2023_TEOS_XML_01A/202310169349200606_public.xml"
872576268,"AMATEUR ATHLETIC UNION OF THE UNITED STATES INC",2023_TEOS_XML_01A,"2023_TEOS_XML_01A/202310169349200701_public.xml"
475367888,"HEARD MCELROY &amp; VESTAL LLC",2023_TEOS_XML_01A,"2023_TEOS_XML_01A/202310169349200711_public.xml"
250489875,"MCGILL POWER BELL &amp; ASSOCIATES LLP",2023_TEOS_XML_01A,"2023_TEOS_XML_01A/202310169349200746_public.xml"
881203579,"NOAHS ARK ANIMAL HOMESTAY INC",2023_TEOS_XML_01A,"2023_TEOS_XML_01A/202310169349201201_public.xml"
350719351,"MONROE SHINE &amp; CO INC CPA'S",2023_TEOS_XML_01A,"2023_TEOS_XML_01A/202310169349201406_public.xml"
261996458,"ORDER OF ISIS",2023_TEOS_XML_01A,"2023_TEOS_XML_01A/202310169349201511_public.xml"
362510701,"Krehbiel &amp; Associates LLC",2023_TEOS_XML_01A,"2023_TEOS_XML_01A/202310169349201551_public.xml"
350723071,"LEGACY PROFESSIONALS LLP",2023_TEOS_XML_01A,"2023_TEOS_XML_01A/202310169349300046_public.xml"
726011282,"HEARD MCELROY &amp; VESTAL LLC",2023_TEOS_XML_01A,"2023_TEOS_XML_01A/202310169349300116_public.xml"
270142061,"MACNELL ACCOUNTING &amp; CONSULTING LLLP",2023_TEOS_XML_01A,"2023_TEOS_XML_01A/202310169349300511_public.xml"
273279878,"Allman &amp; Associates Inc",2023_TEOS_XML_01A,"2023_TEOS_XML_01A/202310169349300611_public.xml"
135636160,"NOVAK FRANCELLA LLC",2023_TEOS_XML_01A,"2023_TEOS_XML_01A/202310169349300801_public.xml"
421679624,"VERACITY FINANCIAL LLC",2023_TEOS_XML_01A,"2023_TEOS_XML_01A/202310169349300911_public.xml"
237404430,"GOLDBERG &amp; BALTHASER PC",2023_TEOS_XML_01A,"2023_TEOS_XML_01A/202310169349300931_public.xml"
980118943,"KPMG LLP",2023_TEOS_XML_01A,"2023_TEOS_XML_01A/202310169349300926_public.xml"
660749622,"ACADEMIA NUESTRA SENORA DE FATIMA INC",2023_TEOS_XML_01A,"2023_TEOS_XML_01A/202340189349300009_public.xml"
946104154,"MCMENOMY &amp; ASSOCIATES CPAS LLP",2023_TEOS_XML_01A,"2023_TEOS_XML_01A/202310169349301216_public.xml"
953419354,"TONE WALLING &amp; MEADOR LLP",2023_TEOS_XML_01A,"2023_TEOS_XML_01A/202310169349301516_public.xml"
200600362,"Derland Bahr CPA Inc",2023_TEOS_XML_01A,"2023_TEOS_XML_01A/202340179349300634_public.xml"
581379389,"JP BROOKS CPA LLC",2023_TEOS_XML_01A,"2023_TEOS_XML_01A/202310179349100011_public.xml"
222727613,"MARCUM LLP",2023_TEOS_XML_01A,"2023_TEOS_XML_01A/202310179349100016_public.xml"
136935600,"SPRITZER KAUFMAN LLP CPA'S",2023_TEOS_XML_01A,"2023_TEOS_XML_01A/202310179349100211_public.xml"
611533532,"PK VASUDEVAN",2023_TEOS_XML_01A,"2023_TEOS_XML_01A/202320179349100617_public.xml"
471720365,"AMATEUR ATHLETIC UNION OF THE UNITED STATES",2023_TEOS_XML_01A,"2023_TEOS_XML_01A/202310179349200116_public.xml"
473965148,"OMAHA AGAINST HUNGER",2023_TEOS_XML_01A,"2023_TEOS_XML_01A/202310179349200201_public.xml"
844566012,"Purple Reign Basketball Club",2023_TEOS_XML_01A,"2023_TEOS_XML_01A/202310179349200206_public.xml"
844169405,"Triad Action Shooting Club Inc",2023_TEOS_XML_01A,"2023_TEOS_XML_01A/202310179349200506_public.xml"
753073056,"BAER TAX SERVICE",2023_TEOS_XML_01A,"2023_TEOS_XML_01A/202310179349201101_public.xml"
611459434,"Tax Resource Center Inc",2023_TEOS_XML_01A,"2023_TEOS_XML_01A/202310179349201081_public.xml"
823454784,"Favor &amp; Co",2023_TEOS_XML_01A,"2023_TEOS_XML_01A/202310179349201206_public.xml"
463331526,"OCEAN STATE OUTLAWS",2023_TEOS_XML_01A,"2023_TEOS_XML_01A/202310179349201316_public.xml"
813141149,"MIZICK MILLER &amp; COMPANY INC",2023_TEOS_XML_01A,"2023_TEOS_XML_01A/202310179349201406_public.xml"
300390342,"NORTHEAST OTTAWA FORUM",2023_TEOS_XML_01A,"2023_TEOS_XML_01A/202310179349201616_public.xml"
813102372,"LAYTON LAYTON &amp; TOBLER LLP CPAS",2023_TEOS_XML_01A,"2023_TEOS_XML_01A/202310179349201606_public.xml"
382205571,"D A RAINSBERGER CO",2023_TEOS_XML_01A,"2023_TEOS_XML_01A/202310179349300006_public.xml"
710412282,"MEYER &amp; WARD CPAS PA",2023_TEOS_XML_01A,"2023_TEOS_XML_01A/202310179349300806_public.xml"
263936064,"PETER WM MANERI JR CPA LLC",2023_TEOS_XML_01A,"2023_TEOS_XML_01A/202310179349300816_public.xml"
237372670,"CARR RIGGS &amp; INGRAM PLLC",2023_TEOS_XML_01A,"2023_TEOS_XML_01A/202310179349300941_public.xml"
133135424,"Walquist &amp; Renodin PC",2023_TEOS_XML_01A,"2023_TEOS_XML_01A/202310179349301606_public.xml"
472923401,"MILBERY &amp; KESSELMAN CPA'S LLC",2023_TEOS_XML_01A,"2023_TEOS_XML_01A/202310189349100006_public.xml"
352731182,"TIP INC",2023_TEOS_XML_01A,"2023_TEOS_XML_01A/202310189349100121_public.xml"
311672549,"ROBERT POIANI TAX &amp; FINANCIAL SERVICES",2023_TEOS_XML_01A,"2023_TEOS_XML_01A/202310189349100406_public.xml"
236429186,"Impact Group PC",2023_TEOS_XML_01A,"2023_TEOS_XML_01A/202310189349100411_public.xml"
942600667,"CODIPILLY &amp; ASSOCIATES INC",2023_TEOS_XML_01A,"2023_TEOS_XML_01A/202310189349200001_public.xml"
200790484,"InfoSight Partners LLC",2023_TEOS_XML_01A,"2023_TEOS_XML_01A/202310189349100711_public.xml"
830355680,"TRI-STATE OHV CLUB",2023_TEOS_XML_01A,"2023_TEOS_XML_01A/202310189349200506_public.xml"
873611237,"WHITLEY PENN LLP",2023_TEOS_XML_01A,"2023_TEOS_XML_01A/202310189349200521_public.xml"
470812507,"HBE LLP",2023_TEOS_XML_01A,"2023_TEOS_XML_01A/202310189349200601_public.xml"
232811249,"SKLAR CARMOSIN &amp; COMPANY",2023_TEOS_XML_01A,"2023_TEOS_XML_01A/202310189349200626_public.xml"
231135310,"BUCHBINDER TUNICK &amp; CO LLP",2023_TEOS_XML_01A,"2023_TEOS_XML_01A/202310189349200726_public.xml"
831229422,"LANGEL &amp; ASSOCIATES PC",2023_TEOS_XML_01A,"2023_TEOS_XML_01A/202310189349200731_public.xml"
134323507,"NEW MEXICO SHOTOKAN TEAM USA INC",2023_TEOS_XML_01A,"2023_TEOS_XML_01A/202310189349200901_public.xml"
660896734,"VICTUS PUERTO RICO INC",2023_TEOS_XML_01A,"2023_TEOS_XML_01A/202310189349300136_public.xml"
660593906,"OCASIO VAZQUEZ CPA GROUP PSC",2023_TEOS_XML_01A,"2023_TEOS_XML_01A/202310189349300411_public.xml"
016021275,"Larry L Campbell CPA",2023_TEOS_XML_01A,"2023_TEOS_XML_01A/202310189349300516_public.xml"
660366245,"CENTRO MARGARITA INC",2023_TEOS_XML_01A,"2023_TEOS_XML_01A/202330199349300933_public.xml"
852914170,"Mara Napa Foundation",2023_TEOS_XML_01A,"2023_TEOS_XML_01A/202310189349300816_public.xml"
823070865,"Michael W Sims CPA",2023_TEOS_XML_01A,"2023_TEOS_XML_01A/202310189349301106_public.xml"
264120279,"EVELYN F PARKES CPA PA",2023_TEOS_XML_01A,"2023_TEOS_XML_01A/202310189349301221_public.xml"
300885523,"Schutz CPA Ltd",2023_TEOS_XML_01A,"2023_TEOS_XML_01A/202310189349301401_public.xml"
833275923,"VERSAILLES COMMUNITY BROADCASTING",2023_TEOS_XML_01A,"2023_TEOS_XML_01A/202310199349100201_public.xml"
134091106,"EISNER ADVISORY GROUP LLC",2023_TEOS_XML_01A,"2023_TEOS_XML_01A/202310199349100206_public.xml"
880701699,"JONES &amp; JONES CPA OF BOONEVILLE PA",2023_TEOS_XML_01A,"2023_TEOS_XML_01A/202310199349100406_public.xml"
874718348,"Companioning Grievers Foundation",2023_TEOS_XML_01A,"2023_TEOS_XML_01A/202310199349100101_public.xml"
861849132,"The Office of Maureen Luis",2023_TEOS_XML_01A,"2023_TEOS_XML_01A/202310199349100606_public.xml"
371760272,"FREM FOUNDATION",2023_TEOS_XML_01A,"2023_TEOS_XML_01A/202310199349100706_public.xml"
873653806,"FUTURE GENERATION DEVELOPMENT FOUNDATION",2023_TEOS_XML_01A,"2023_TEOS_XML_01A/202330199349200303_public.xml"
237427217,"PAUL W BARTKE EA",2023_TEOS_XML_01A,"2023_TEOS_XML_01A/202310199349200516_public.xml"
831945890,"ANTHONY J MODESTO CPA PC",2023_TEOS_XML_01A,"2023_TEOS_XML_01A/202310199349201401_public.xml"
521316662,"Sigma Phi Epsilon Fraternity Inc - CO Delta Chapter",2023_TEOS_XML_01A,"2023_TEOS_XML_01A/202310199349300306_public.xml"
831614783,"Election CFO LLC",2023_TEOS_XML_01A,"2023_TEOS_XML_01A/202310199349300801_public.xml"
742990270,"CARR RIGGS &amp; INGRAM LLC",2023_TEOS_XML_01A,"2023_TEOS_XML_01A/202310199349301011_public.xml"
391584241,"WHITMER &amp; COMPANY CPAS LLP",2023_TEOS_XML_01A,"2023_TEOS_XML_01A/202310199349301211_public.xml"
953806262,"COLDWELL SCLAFANI &amp; COMPANY LLP",2023_TEOS_XML_01A,"2023_TEOS_XML_01A/202310199349301216_public.xml"
660531105,"CROWE PR PSC",2023_TEOS_XML_01A,"2023_TEOS_XML_01A/202310199349301221_public.xml"
136929327,"ANDERSEN TAX LLC",2023_TEOS_XML_01A,"2023_TEOS_XML_01A/202310209349100201_public.xml"
462371078,"MONFALCONE &amp; GARRIS PC",2023_TEOS_XML_01A,"2023_TEOS_XML_01A/202310209349200006_public.xml"
463512523,"CANTEY TILLER PIERCE &amp; GREEN LLP",2023_TEOS_XML_01A,"2023_TEOS_XML_01A/202310209349200106_public.xml"
251368214,"Self",2023_TEOS_XML_01A,"2023_TEOS_XML_01A/202310209349200206_public.xml"
300054241,"Linda Siefker CPA Inc",2023_TEOS_XML_01A,"2023_TEOS_XML_01A/202310209349200301_public.xml"
383801620,"DANIEL P MCGUIRE PC",2023_TEOS_XML_01A,"2023_TEOS_XML_01A/202310209349200511_public.xml"
863560528,"Ashley C Taylor CPA",2023_TEOS_XML_01A,"2023_TEOS_XML_01A/202310209349200706_public.xml"
363304582,"LITTLE LEAGUE BASEBALL INC",2023_TEOS_XML_01A,"2023_TEOS_XML_01A/202310209349200801_public.xml"
631067980,"American Financial LLC",2023_TEOS_XML_01A,"2023_TEOS_XML_01A/202310209349200816_public.xml"
800737256,"Klamath County Fire District No 1 Foundation",2023_TEOS_XML_01A,"2023_TEOS_XML_01A/202310239349200431_public.xml"
205026547,"BECKYS ACCTNG &amp; TAX SERVICE",2023_TEOS_XML_01A,"2023_TEOS_XML_01A/202310209349300021_public.xml"
811758469,"ReportmyTaxes Inc",2023_TEOS_XML_01A,"2023_TEOS_XML_01A/202310209349300601_public.xml"
660191935,"JESUS M MORA NIEVES CPA",2023_TEOS_XML_01A,"2023_TEOS_XML_01A/202310209349300511_public.xml"
522203133,"FARMER &amp; FIRST PC CPA'S",2023_TEOS_XML_01A,"2023_TEOS_XML_01A/202310209349300611_public.xml"
660450949,"HOGAR DE ENVEJECIENTES IRMA FE POL MENDEZ",2023_TEOS_XML_01A,"2023_TEOS_XML_01A/202310209349300621_public.xml"
660426787,"RSM PUERTO RICO",2023_TEOS_XML_01A,"2023_TEOS_XML_01A/202310209349300806_public.xml"
320639220,"PRICEWATERHOUSECOOPERS LLP",2023_TEOS_XML_01A,"2023_TEOS_XML_01A/202310219349100401_public.xml"
222458183,"JAMES M WOOD CPA",2023_TEOS_XML_01A,"2023_TEOS_XML_01A/202310219349200201_public.xml"
742995762,"Melody C Lovett CPA",2023_TEOS_XML_01A,"2023_TEOS_XML_01A/202310219349200701_public.xml"
137298760,"HOWARD SIMOWITZ CPA",2023_TEOS_XML_01A,"2023_TEOS_XML_01A/202310219349100101_public.xml"
311750879,"HEATHER L PEMBERTON CPA",2023_TEOS_XML_01A,"2023_TEOS_XML_01A/202310229349200301_public.xml"
951696705,"EVERGREEN ALLIANCE PROFESSIONAL CORP",2023_TEOS_XML_01A,"2023_TEOS_XML_01A/202310229349300701_public.xml"
351869300,"BROWNSBURG JUNIOR ATHLETIC FOUNDATION INC",2023_TEOS_XML_01A,"2023_TEOS_XML_01A/202310239349100001_public.xml"
862069558,"Foundation Group Inc",2023_TEOS_XML_01A,"2023_TEOS_XML_01A/202310239349100006_public.xml"
436037223,"UNIVERSAL PRINTING FOUNDATION",2023_TEOS_XML_01A,"2023_TEOS_XML_01A/202310239349100301_public.xml"
825479170,"Cozart Tax Services LLC",2023_TEOS_XML_01A,"2023_TEOS_XML_01A/202310239349100411_public.xml"
311040235,"OHIO GOVERNORS YOUTH ART EXHIBITION",2023_TEOS_XML_01A,"2023_TEOS_XML_01A/202310239349200011_public.xml"
824967440,"J D JEUNE CPA PC",2023_TEOS_XML_01A,"2023_TEOS_XML_01A/202310239349200036_public.xml"
271906579,"William D Bucher CPA",2023_TEOS_XML_01A,"2023_TEOS_XML_01A/202310239349200101_public.xml"
850614444,"NY Car Wash Workers Support AssociationNew York",2023_TEOS_XML_01A,"2023_TEOS_XML_01A/202310239349200141_public.xml"
811273605,"KANSAS CITY CENTER FOR INCLUSION INC",2023_TEOS_XML_01A,"2023_TEOS_XML_01A/202310239349200236_public.xml"
825321006,"PLANT TOMORROW",2023_TEOS_XML_01A,"2023_TEOS_XML_01A/202330239349200308_public.xml"
521554887,"GUNNS BOOKKEEPING&amp; tAX SERVICE INC",2023_TEOS_XML_01A,"2023_TEOS_XML_01A/202310239349200426_public.xml"
383831348,"SEAN J MCDONNELL CPA PC",2023_TEOS_XML_01A,"2023_TEOS_XML_01A/202310239349200621_public.xml"
204460501,"Magnus Blue LLP",2023_TEOS_XML_01A,"2023_TEOS_XML_01A/202310239349200836_public.xml"
660753966,"COMPANIA DE DANZA SIGLO XXI INC",2023_TEOS_XML_01A,"2023_TEOS_XML_01A/202310239349200906_public.xml"
232277329,"LORI MOORE CPA &amp; ASSOCIATES LLC",2023_TEOS_XML_01A,"2023_TEOS_XML_01A/202310239349201031_public.xml"
812002042,"BRINTON FAIRCHILD LLC",2023_TEOS_XML_01A,"2023_TEOS_XML_01A/202310239349201011_public.xml"
473085747,"L&amp;S Partnership",2023_TEOS_XML_01A,"2023_TEOS_XML_01A/202330249349200333_public.xml"
851322200,"STEFFORIA PETIK &amp; ASSOCIATES PC",2023_TEOS_XML_01A,"2023_TEOS_XML_01A/202310239349201321_public.xml"
881801687,"H&amp;H Tax and Business Advisors LLC",2023_TEOS_XML_01A,"2023_TEOS_XML_01A/202310239349201551_public.xml"
421074443,"CLIFTONLARSONALLEN LLP",2023_TEOS_XML_01A,"2023_TEOS_XML_01A/202310239349300036_public.xml"
261338113,"Alperin Nebbia &amp; Associates CPA PA",2023_TEOS_XML_01A,"2023_TEOS_XML_01A/202310239349300231_public.xml"
310939827,"Michael D Star PA CPA",2023_TEOS_XML_01A,"2023_TEOS_XML_01A/202310239349300606_public.xml"
202271983,"RH CPAS PLLC",2023_TEOS_XML_01A,"2023_TEOS_XML_01A/202310239349300806_public.xml"
344237265,"Nathan Goebel Professional Tax Serv",2023_TEOS_XML_01A,"2023_TEOS_XML_01A/202310239349300901_public.xml"
311361781,"PLANTE &amp; MORAN PLLC",2023_TEOS_XML_01A,"2023_TEOS_XML_01A/202310239349300701_public.xml"
862115222,"ATAX",2023_TEOS_XML_01A,"2023_TEOS_XML_01A/202310239349301611_public.xml"
370638562,"KATRINA S ROBERSON &amp; ASSOCIATES LLC",2023_TEOS_XML_01A,"2023_TEOS_XML_01A/202310239349301626_public.xml"
311248889,"PLANTE &amp; MORAN PLLC",2023_TEOS_XML_01A,"2023_TEOS_XML_01A/202310239349301636_public.xml"
842425392,"INDINERO",2023_TEOS_XML_01A,"2023_TEOS_XML_01A/202310239349301926_public.xml"
611583764,"WARREN AVERETT LLC",2023_TEOS_XML_01A,"2023_TEOS_XML_01A/202310249349100301_public.xml"
010621383,"H THOMAS BABAIAN CPA",2023_TEOS_XML_01A,"2023_TEOS_XML_01A/202310249349200311_public.xml"
462689009,"INTERNATIONAL MOUNTAIN BICYCLING ASSOCIATION",2023_TEOS_XML_01A,"2023_TEOS_XML_01A/202310249349200331_public.xml"
851723967,"FROME &amp; ASSOCIATES",2023_TEOS_XML_01A,"2023_TEOS_XML_01A/202310249349200621_public.xml"
833287714,"Vescio Family Advisors LLC",2023_TEOS_XML_01A,"2023_TEOS_XML_01A/202310249349200926_public.xml"
264138654,"DENMAN &amp; COMPANY LLP",2023_TEOS_XML_01A,"2023_TEOS_XML_01A/202310249349201011_public.xml"
900130244,"Stewart's Tax Service",2023_TEOS_XML_01A,"2023_TEOS_XML_01A/202310249349201036_public.xml"
852214432,"NATIVE NATIONS INTERNATIONAL FOUNDATION INC",2023_TEOS_XML_01A,"2023_TEOS_XML_01A/202310249349201106_public.xml"
851125277,"Paul C Jensen Attorney at Law LLC",2023_TEOS_XML_01A,"2023_TEOS_XML_01A/202310249349300601_public.xml"
314380051,"EASY OFFICE DBA JITASA",2023_TEOS_XML_01A,"2023_TEOS_XML_01A/202310249349300726_public.xml"
350282787,"APPLE TREE FINANCIAL GROUP",2023_TEOS_XML_01A,"2023_TEOS_XML_01A/202310249349300906_public.xml"
421592080,"HINTONBURDICK PLLC",2023_TEOS_XML_01A,"2023_TEOS_XML_01A/202310249349301006_public.xml"
042449880,"BOLLUS LYNCH LLP",2023_TEOS_XML_01A,"2023_TEOS_XML_01A/202310249349301306_public.xml"
371037960,"QUORUM CONSULTING LLC",2023_TEOS_XML_01A,"2023_TEOS_XML_01A/202310249349301336_public.xml"
264713497,"Clear View Business Solutions",2023_TEOS_XML_01A,"2023_TEOS_XML_01A/202310249349301616_public.xml"
813430662,"TYLER SIMMS &amp; ST SAUVEUR CPAS PLLC",2023_TEOS_XML_01A,"2023_TEOS_XML_01A/202310249349301666_public.xml"
841569182,"CANNON FAMILY FOUNDATION",2023_TEOS_XML_01A,"2023_TEOS_XML_01A/202310259349100711_public.xml"
262443575,"HADDONFIELD TAX SERVICE",2023_TEOS_XML_01A,"2023_TEOS_XML_01A/202310259349200321_public.xml"
316024150,"ERNST &amp; YOUNG US LLP",2023_TEOS_XML_01A,"2023_TEOS_XML_01A/202310259349100801_public.xml"
592064368,"Paramount Tax &amp; Accounting",2023_TEOS_XML_01A,"2023_TEOS_XML_01A/202310259349200611_public.xml"
465395395,"STEARNS &amp; CLEEK LLC",2023_TEOS_XML_01A,"2023_TEOS_XML_01A/202310259349200606_public.xml"
815246481,"B STAUM INC",2023_TEOS_XML_01A,"2023_TEOS_XML_01A/202310259349200711_public.xml"
581402855,"EJM Tax Service LLC",2023_TEOS_XML_01A,"2023_TEOS_XML_01A/202310259349200826_public.xml"
510161710,"David Ash",2023_TEOS_XML_01A,"2023_TEOS_XML_01A/202310259349300231_public.xml"
660601885,"ELFARO DE LOS ANIMALES INC",2023_TEOS_XML_01A,"2023_TEOS_XML_01A/202310259349300501_public.xml"
823700969,"BAKER TILLY US LLP",2023_TEOS_XML_01A,"2023_TEOS_XML_01A/202310259349300906_public.xml"
232497355,"NE PHYSICIAN SERVICES INC",2023_TEOS_XML_01A,"2023_TEOS_XML_01A/202310259349300516_public.xml"
910369835,"Sequim CPA",2023_TEOS_XML_01A,"2023_TEOS_XML_01A/202310259349301631_public.xml"
800869493,"RF COMPANY CPAS PS",2023_TEOS_XML_01A,"2023_TEOS_XML_01A/202310259349301766_public.xml"
361104744,"FREIDAG ASSOCIATES CPAS",2023_TEOS_XML_01A,"2023_TEOS_XML_01A/202310259349301771_public.xml"
133052490,"ERNST &amp; YOUNG US LLP",2023_TEOS_XML_01A,"2023_TEOS_XML_01A/202340269349100014_public.xml"
650216638,"BDO USA LLP",2023_TEOS_XML_01A,"2023_TEOS_XML_01A/202330269349300428_public.xml"
832275897,"COMMUNITY TRANSFORMERS FOUNDATION",2023_TEOS_XML_01A,"2023_TEOS_XML_01A/202310269349100216_public.xml"
844381309,"REDBUSCH FOUNDATION",2023_TEOS_XML_01A,"2023_TEOS_XML_01A/202310269349100311_public.xml"
471757019,"JAY MIYAKI CPA LLC",2023_TEOS_XML_01A,"2023_TEOS_XML_01A/202320269349100012_public.xml"
232374806,"PERRY N BLACKMAN CPA",2023_TEOS_XML_01A,"2023_TEOS_XML_01A/202310269349100506_public.xml"
842192155,"ITS Income Tax Services Inc",2023_TEOS_XML_01A,"2023_TEOS_XML_01A/202330269349100613_public.xml"
271227674,"CBIZ MARKS PANETH LLC",2023_TEOS_XML_01A,"2023_TEOS_XML_01A/202310269349100501_public.xml"
901028232,"Totherow Haile &amp; Welch CPAs PLLC",2023_TEOS_XML_01A,"2023_TEOS_XML_01A/202310269349200316_public.xml"
461966440,"Elliott Advisory Services LLC",2023_TEOS_XML_01A,"2023_TEOS_XML_01A/202310269349200321_public.xml"
844932731,"Thursday Morning Dialogue",2023_TEOS_XML_01A,"2023_TEOS_XML_01A/202330269349200508_public.xml"
010745314,"SUCCESS FOUNDATION INC",2023_TEOS_XML_01A,"2023_TEOS_XML_01A/202310269349200501_public.xml"
272257579,"Professional Accounting &amp; Tax",2023_TEOS_XML_01A,"2023_TEOS_XML_01A/202310269349200606_public.xml"
010061310,"John D Toye Tax Practitioner",2023_TEOS_XML_01A,"2023_TEOS_XML_01A/202340269349300519_public.xml"
050536041,"LYONS ACCOUNTANCY GROUP",2023_TEOS_XML_01A,"2023_TEOS_XML_01A/202310269349300221_public.xml"
204435876,"MADSEN O'MEARA AND COMPANY PC",2023_TEOS_XML_01A,"2023_TEOS_XML_01A/202310269349300431_public.xml"
581881120,"LITTLE SHANEYFELT MARSHALL &amp; CO PA",2023_TEOS_XML_01A,"2023_TEOS_XML_01A/202310269349301121_public.xml"
916033873,"Beta Omega House Corporation of Delta Gamma Frater",2023_TEOS_XML_01A,"2023_TEOS_XML_01A/202310269349301401_public.xml"
232660186,"KRONICK KALADA BERDY &amp; CO PC",2023_TEOS_XML_01A,"2023_TEOS_XML_01A/202310269349301501_public.xml"
591913814,"MILLER &amp; MILLER PA CPA",2023_TEOS_XML_01A,"2023_TEOS_XML_01A/202310269349301711_public.xml"
650997146,"ELLIOTTS BUSINESS SERVICESINC",2023_TEOS_XML_01A,"2023_TEOS_XML_01A/202320109349100002_public.xml"
872379007,"SUNSHINE PEER NETWORK",2023_TEOS_XML_01A,"2023_TEOS_XML_01A/202320109349200012_public.xml"
237405665,"AMERICAN FEDERATION OF TEACHERS",2023_TEOS_XML_01A,"2023_TEOS_XML_01A/202320109349200122_public.xml"
811263832,"NPO Financial Services LLC",2023_TEOS_XML_01A,"2023_TEOS_XML_01A/202320109349200127_public.xml"
823248786,"SELINSGROVE HIGH SCHOOL SOFTBALL BOOSTERS",2023_TEOS_XML_01A,"2023_TEOS_XML_01A/202320109349200142_public.xml"
222305956,"Joel G Seasonwein CPA",2023_TEOS_XML_01A,"2023_TEOS_XML_01A/202320109349200307_public.xml"
872844768,"QUEENZ PALACE FOUNDATION",2023_TEOS_XML_01A,"2023_TEOS_XML_01A/202320109349200412_public.xml"
475612858,"Campbells Enrolled Agents &amp; Co Inc",2023_TEOS_XML_01A,"2023_TEOS_XML_01A/202320109349200462_public.xml"
822110143,"FAUNA IN FOCUS INTERNATIONAL INC",2023_TEOS_XML_01A,"2023_TEOS_XML_01A/202320109349200527_public.xml"
844578816,"Reed &amp; Davidson LLP",2023_TEOS_XML_01A,"2023_TEOS_XML_01A/202320109349200532_public.xml"
237161741,"ROYAL ARCH MASONS OF MASSACHUSETTS",2023_TEOS_XML_01A,"2023_TEOS_XML_01A/202320109349200572_public.xml"
953815705,"WEST COAST ENSEMBLE INC",2023_TEOS_XML_01A,"2023_TEOS_XML_01A/202320109349200677_public.xml"
201800223,"FOURTH DISTRICT DRUG COURT NONPROFIT CORPORATION",2023_TEOS_XML_01A,"2023_TEOS_XML_01A/202320109349200802_public.xml"
872565177,"PAC NW Baseball Group",2023_TEOS_XML_01A,"2023_TEOS_XML_01A/202320109349200952_public.xml"
833716892,"PARAGON TAX SERVICES LLC",2023_TEOS_XML_01A,"2023_TEOS_XML_01A/202340109349200409_public.xml"
660570446,"FUNDACION EDUCATIVA CONCEPCION",2023_TEOS_XML_01A,"2023_TEOS_XML_01A/202320109349300227_public.xml"
741840609,"ANGIE EVANS CPA PLLC",2023_TEOS_XML_01A,"2023_TEOS_XML_01A/202320119349300102_public.xml"
752987755,"Kevin F Allen CPA",2023_TEOS_XML_01A,"2023_TEOS_XML_01A/202320119349300602_public.xml"
260376891,"BOSCIA &amp; BOSCIA PC LLC",2023_TEOS_XML_01A,"2023_TEOS_XML_01A/202340129349202214_public.xml"
061553878,"CLIFTONLARSONALLEN LLP",2023_TEOS_XML_01A,"2023_TEOS_XML_01A/202320129339300632_public.xml"
221714041,"GARBARINI &amp; CO PC CPAS",2023_TEOS_XML_01A,"2023_TEOS_XML_01A/202320129349100017_public.xml"
226083505,"ERNST &amp; YOUNG US LLP",2023_TEOS_XML_01A,"2023_TEOS_XML_01A/202320129349100142_public.xml"
752897585,"Rose Project",2023_TEOS_XML_01A,"2023_TEOS_XML_01A/202320129349100182_public.xml"
237444919,"Hanson Sulhoff &amp; Larson",2023_TEOS_XML_01A,"2023_TEOS_XML_01A/202320129349100187_public.xml"
956044405,"BARLOW CAMARA &amp; ROWLAND",2023_TEOS_XML_01A,"2023_TEOS_XML_01A/202320129349100207_public.xml"
066097792,"VENMAN &amp; CO LLC CPA'S",2023_TEOS_XML_01A,"2023_TEOS_XML_01A/202320129349100242_public.xml"
861781193,"LOGAN THOMAS &amp; JOHNSON LLC",2023_TEOS_XML_01A,"2023_TEOS_XML_01A/202330129349100213_public.xml"
237102015,"WILKINS MILLER LLC",2023_TEOS_XML_01A,"2023_TEOS_XML_01A/202320129349100412_public.xml"
853341366,"Justin D Regan Accountancy Corporation",2023_TEOS_XML_01A,"2023_TEOS_XML_01A/202320129349100437_public.xml"
232744470,"BAKER TILLY US LLP",2023_TEOS_XML_01A,"2023_TEOS_XML_01A/202320129349100402_public.xml"
133498743,"SILVERCREST FINANCIAL SERVICES INC",2023_TEOS_XML_01A,"2023_TEOS_XML_01A/202320129349100422_public.xml"
616074555,"ERNST &amp; YOUNG US LLP",2023_TEOS_XML_01A,"2023_TEOS_XML_01A/202320129349100452_public.xml"
473066872,"ALLOY SILVERSTEIN",2023_TEOS_XML_01A,"2023_TEOS_XML_01A/202320129349100917_public.xml"
276463143,"WOODBURY GROUP LLC",2023_TEOS_XML_01A,"2023_TEOS_XML_01A/202320129349101222_public.xml"
330622423,"Tim G Austgen CPA APC",2023_TEOS_XML_01A,"2023_TEOS_XML_01A/202320129349101252_public.xml"
883869708,"Aquarius Tax &amp; Bookkeeping",2023_TEOS_XML_01A,"2023_TEOS_XML_01A/202340129349101124_public.xml"
455271329,"STRONG MEN IN TOUGH TIMES MINISTRY",2023_TEOS_XML_01A,"2023_TEOS_XML_01A/202320129349200007_public.xml"
141645358,"LUMSDEN &amp; MCCORMICK LLP",2023_TEOS_XML_01A,"2023_TEOS_XML_01A/202320129349200012_public.xml"
814638989,"Freeman &amp; Associates Accty Corp",2023_TEOS_XML_01A,"2023_TEOS_XML_01A/202320129349200037_public.xml"
237185146,"ELLIOTT &amp; PAINTER LLP",2023_TEOS_XML_01A,"2023_TEOS_XML_01A/202320129349200107_public.xml"
010635733,"ROBINSON FARMER COX ASSOCIATES",2023_TEOS_XML_01A,"2023_TEOS_XML_01A/202320129349200247_public.xml"
480514053,"FRATERNAL ORDER OF EAGLES",2023_TEOS_XML_01A,"2023_TEOS_XML_01A/202320129349200332_public.xml"
841960348,"BOLINGER SEGARS GILBERT AND MOSS LLP",2023_TEOS_XML_01A,"2023_TEOS_XML_01A/202320129349200322_public.xml"
680205142,"Earline M La Buy CPA",2023_TEOS_XML_01A,"2023_TEOS_XML_01A/202320129349200342_public.xml"
480641086,"BUSENBARK WRIGHT CPA LLC",2023_TEOS_XML_01A,"2023_TEOS_XML_01A/202320129349200347_public.xml"
237408657,"RESJ PC",2023_TEOS_XML_01A,"2023_TEOS_XML_01A/202320129349200447_public.xml"
954201565,"MILLER KAPLAN ARASE LLP",2023_TEOS_XML_01A,"2023_TEOS_XML_01A/202320129349200502_public.xml"
133796877,"K G &amp; ASSOCIATES",2023_TEOS_XML_01A,"2023_TEOS_XML_01A/202320129349200612_public.xml"
452899458,"KL CPA &amp; ASSOCIATES LLC",2023_TEOS_XML_01A,"2023_TEOS_XML_01A/202320129349200802_public.xml"
461370105,"DONALD L BARLEY CPA",2023_TEOS_XML_01A,"2023_TEOS_XML_01A/202320129349201027_public.xml"
954651463,"THOMPSON AND ASSOCIATES",2023_TEOS_XML_01A,"2023_TEOS_XML_01A/202320129349201092_public.xml"
562447535,"Zeta Phi Beta Sorority Incorporated - State of Mississippi",2023_TEOS_XML_01A,"2023_TEOS_XML_01A/202320129349201082_public.xml"
237005032,"ALAN D SCHAUER CPA P C",2023_TEOS_XML_01A,"2023_TEOS_XML_01A/202320129349201107_public.xml"
263537608,"WIDMER ROEL PC",2023_TEOS_XML_01A,"2023_TEOS_XML_01A/202320129349201212_public.xml"
475076156,"MARK CONNER CPA PLLC",2023_TEOS_XML_01A,"2023_TEOS_XML_01A/202320129349201417_public.xml"
113718319,"Donnelly-Boland Tax Services LLC",2023_TEOS_XML_01A,"2023_TEOS_XML_01A/202320129349201522_public.xml"
834714331,"George Prytula III CPA PLLC",2023_TEOS_XML_01A,"2023_TEOS_XML_01A/202320129349201702_public.xml"
237445926,"KAREN REDING CPA",2023_TEOS_XML_01A,"2023_TEOS_XML_01A/202320129349201832_public.xml"
943001353,"Shining Star Consulting LLC",2023_TEOS_XML_01A,"2023_TEOS_XML_01A/202320129349202007_public.xml"
852512299,"CHANGE THE REZ INC",2023_TEOS_XML_01A,"2023_TEOS_XML_01A/202320129349202112_public.xml"
273748042,"ROY E CARTER CPA PC",2023_TEOS_XML_01A,"2023_TEOS_XML_01A/202320129349202102_public.xml"
431993631,"ACCOUNTANT IN YOUR POCKET",2023_TEOS_XML_01A,"2023_TEOS_XML_01A/202320129349202242_public.xml"
201790141,"MARCIA C PORTER CPA",2023_TEOS_XML_01A,"2023_TEOS_XML_01A/202320129349202417_public.xml"
042760675,"AMICHETTI &amp; COMPANY",2023_TEOS_XML_01A,"2023_TEOS_XML_01A/202320129349202507_public.xml"
570693597,"ROBERT P McCULLOUGH CPA LLC",2023_TEOS_XML_01A,"2023_TEOS_XML_01A/202320129349202902_public.xml"
651283291,"SBA Accounting &amp; Tax Solutions",2023_TEOS_XML_01A,"2023_TEOS_XML_01A/202320129349202952_public.xml"
853820134,"MOMS OF BOTH",2023_TEOS_XML_01A,"2023_TEOS_XML_01A/202320129349203057_public.xml"
272386592,"LICARI LARSEN AND COMPANY",2023_TEOS_XML_01A,"2023_TEOS_XML_01A/202320129349300217_public.xml"
351642433,"SARE ASSOCIATES PC",2023_TEOS_XML_01A,"2023_TEOS_XML_01A/202320129349300317_public.xml"
237086508,"BUTLER BURKE LLP",2023_TEOS_XML_01A,"2023_TEOS_XML_01A/202320129349300412_public.xml"
351691113,"SIKICH LLP",2023_TEOS_XML_01A,"2023_TEOS_XML_01A/202320129349300642_public.xml"
272500188,"SARAH WILLIAMSON CPA LLC",2023_TEOS_XML_01A,"2023_TEOS_XML_01A/202320129349300722_public.xml"
821433644,"CASSIDY CPA",2023_TEOS_XML_01A,"2023_TEOS_XML_01A/202320129349301027_public.xml"
611417378,"OVERMAN &amp; PARKS CPAS PA",2023_TEOS_XML_01A,"2023_TEOS_XML_01A/202320129349301262_public.xml"
141779621,"THE HOFFMAN EELLS GROUP CPAS PC",2023_TEOS_XML_01A,"2023_TEOS_XML_01A/202320129349301312_public.xml"
300948336,"JUNKERMIERCLARKCAMPANELLASTEVENS PC",2023_TEOS_XML_01A,"2023_TEOS_XML_01A/202320129349301907_public.xml"
464828915,"CONSIDINE &amp; CONSIDINE",2023_TEOS_XML_01A,"2023_TEOS_XML_01A/202320129349302107_public.xml"
832747834,"WHITTLESEY PC",2023_TEOS_XML_01A,"2023_TEOS_XML_01A/202320129349302357_public.xml"
223517160,"CARAS &amp; SHULMAN PC",2023_TEOS_XML_01A,"2023_TEOS_XML_01A/202320129349302387_public.xml"
465607290,"Mark Schwing CPA PC",2023_TEOS_XML_01A,"2023_TEOS_XML_01A/202320129349302512_public.xml"
800813388,"RODNEY M FOUNTAIN CPA",2023_TEOS_XML_01A,"2023_TEOS_XML_01A/202320129349302642_public.xml"
454987944,"Duben &amp; Associates",2023_TEOS_XML_01A,"2023_TEOS_XML_01A/202320129349302687_public.xml"
262148263,"MATTHEWS CARTER &amp; BOYCE",2023_TEOS_XML_01A,"2023_TEOS_XML_01A/202320129349302902_public.xml"
020813424,"PETER WYLIE CPA",2023_TEOS_XML_01A,"2023_TEOS_XML_01A/202320129349303477_public.xml"
042759640,"Nichols &amp; Company CPA PC",2023_TEOS_XML_01A,"2023_TEOS_XML_01A/202320129349303537_public.xml"
570932522,"Michael E Fortune CPA",2023_TEOS_XML_01A,"2023_TEOS_XML_01A/202320129349303777_public.xml"
951708680,"H Ellsworth Vines CPA",2023_TEOS_XML_01A,"2023_TEOS_XML_01A/202320129349303837_public.xml"
272276242,"SECOND HARVEST ASIA",2023_TEOS_XML_01A,"2023_TEOS_XML_01A/202320129349303862_public.xml"
314423432,"LOVELL BETZ &amp; ASSOCIATES LLC",2023_TEOS_XML_01A,"2023_TEOS_XML_01A/202320129349303962_public.xml"
236628440,"PRICEWATERHOUSECOOPERS LLP",2023_TEOS_XML_01A,"2023_TEOS_XML_01A/202320139349100027_public.xml"
516021149,"ERNST &amp; YOUNG US LLP",2023_TEOS_XML_01A,"2023_TEOS_XML_01A/202340139349101409_public.xml"
396042846,"TRUSTED CPAS &amp; ADVISORS LLC",2023_TEOS_XML_01A,"2023_TEOS_XML_01A/202320139349100607_public.xml"
236747076,"PRICEWATERHOUSECOOPERS LLP",2023_TEOS_XML_01A,"2023_TEOS_XML_01A/202320139349100617_public.xml"
936187704,"PRICEWATERHOUSECOOPERS LLP",2023_TEOS_XML_01A,"2023_TEOS_XML_01A/202320139349100612_public.xml"
010692828,"UHY ADVISORS NE LLC",2023_TEOS_XML_01A,"2023_TEOS_XML_01A/202320139349100817_public.xml"
326395603,"PRICEWATERHOUSECOOPERS LLP",2023_TEOS_XML_01A,"2023_TEOS_XML_01A/202320139349100802_public.xml"
631234814,"RSM US LLP",2023_TEOS_XML_01A,"2023_TEOS_XML_01A/202320139349101307_public.xml"
853188512,"IMMEASURABLY MORE 320",2023_TEOS_XML_01A,"2023_TEOS_XML_01A/202320139349200012_public.xml"
364709208,"AMATEUR ATHLETIC UNION OF THE UNITED STATES",2023_TEOS_XML_01A,"2023_TEOS_XML_01A/202320139349200537_public.xml"
472129149,"BACH CELLO SUITES WORKSHOP INC",2023_TEOS_XML_01A,"2023_TEOS_XML_01A/202320139349200917_public.xml"
273736848,"Pennys Tax and Accounting",2023_TEOS_XML_01A,"2023_TEOS_XML_01A/202340139349201019_public.xml"
943049303,"MONICA J STERN CPA PLLC",2023_TEOS_XML_01A,"2023_TEOS_XML_01A/202320139349201302_public.xml"
016018816,"OUELLETTE &amp; ASSOCIATES PA",2023_TEOS_XML_01A,"2023_TEOS_XML_01A/202320139349201322_public.xml"
832557272,"ARIZONA STATE SOCCER ASSOCIATION INC",2023_TEOS_XML_01A,"2023_TEOS_XML_01A/202320139349201342_public.xml"
853453184,"Hinkle &amp; Company PC",2023_TEOS_XML_01A,"2023_TEOS_XML_01A/202340139349201234_public.xml"
226059246,"WithumSmithBrown PC",2023_TEOS_XML_01A,"2023_TEOS_XML_01A/202320139349201627_public.xml"
237157971,"SHULTZ HUBER &amp; ASSOCIATES INC",2023_TEOS_XML_01A,"2023_TEOS_XML_01A/202320139349300442_public.xml"
205602907,"FAITHFUL FRIENDS",2023_TEOS_XML_01A,"2023_TEOS_XML_01A/202320139349300547_public.xml"
222134689,"Barbetti McHale LLC",2023_TEOS_XML_01A,"2023_TEOS_XML_01A/202320139349300937_public.xml"
020216425,"ANDERSON &amp; GILBERT INC",2023_TEOS_XML_01A,"2023_TEOS_XML_01A/202320139349301757_public.xml"
660399738,"RAO Associates LLC",2023_TEOS_XML_01A,"2023_TEOS_XML_01A/202320139349301632_public.xml"
582077522,"BENNETT THRASHER LLP",2023_TEOS_XML_01A,"2023_TEOS_XML_01A/202320139349301702_public.xml"
812221748,"ARACELLY INC",2023_TEOS_XML_01A,"2023_TEOS_XML_01A/202320149349100102_public.xml"
237081299,"FAIR OAKS CHARITABLE TRUST",2023_TEOS_XML_01A,"2023_TEOS_XML_01A/202320149349100612_public.xml"
660847813,"ADOPTANDO EN PR INC",2023_TEOS_XML_01A,"2023_TEOS_XML_01A/202320149349300012_public.xml"
853433489,"carenation pediatrics",2023_TEOS_XML_01A,"2023_TEOS_XML_01A/202320149349300202_public.xml"
471901418,"DRESS FOR SUCCESS SACRAMENTO",2023_TEOS_XML_01A,"2023_TEOS_XML_01A/202320149349300402_public.xml"
980197116,"JEWISH COMMUNITY CENTRE OF GREATER VANCOUVER",2023_TEOS_XML_01A,"2023_TEOS_XML_01A/202320149349300507_public.xml"
262710616,"W DAVID COFFMAN CPA PC",2023_TEOS_XML_01A,"2023_TEOS_XML_01A/202320159349300102_public.xml"
660289274,"TANNER &amp; ASSOCIATES CPA LLC",2023_TEOS_XML_01A,"2023_TEOS_XML_01A/202320159349300407_public.xml"
261619601,"THOMPSON GREENSPON",2023_TEOS_XML_01A,"2023_TEOS_XML_01A/202320169349100002_public.xml"
721209111,"Melissa M James EA LLC",2023_TEOS_XML_01A,"2023_TEOS_XML_01A/202320169349100302_public.xml"
863844543,"DAVID C CHVATAL CPA PC",2023_TEOS_XML_01A,"2023_TEOS_XML_01A/202320169349100902_public.xml"
226094230,"PENNINGTON PLAYERS",2023_TEOS_XML_01A,"2023_TEOS_XML_01A/202320169349200307_public.xml"
383643174,"Canale Insurance &amp; Accounting LLC",2023_TEOS_XML_01A,"2023_TEOS_XML_01A/202320169349200622_public.xml"
570691134,"GRIFFIN BEACH &amp; COMPANY PA",2023_TEOS_XML_01A,"2023_TEOS_XML_01A/202320169349200727_public.xml"
853367663,"Hinkle &amp; Company PC",2023_TEOS_XML_01A,"2023_TEOS_XML_01A/202340169349200534_public.xml"
912090526,"MOSS ADAMS LLP",2023_TEOS_XML_01A,"2023_TEOS_XML_01A/202320169349200932_public.xml"
470386450,"FRATERNAL ORDER OF EAGLES",2023_TEOS_XML_01A,"2023_TEOS_XML_01A/202320169349200937_public.xml"
270435134,"Tod Wilson CPA",2023_TEOS_XML_01A,"2023_TEOS_XML_01A/202320169349201212_public.xml"
462269151,"MILL VALLEY LABS INC",2023_TEOS_XML_01A,"2023_TEOS_XML_01A/202320169349201552_public.xml"
150311697,"BOWERS &amp; COMPANY CPAS PLLC",2023_TEOS_XML_01A,"2023_TEOS_XML_01A/202320169349300007_public.xml"
871690557,"KAUFMAN &amp; COMPANY PA",2023_TEOS_XML_01A,"2023_TEOS_XML_01A/202320169349300137_public.xml"
593843249,"PEARLAND THEATRE GUILD",2023_TEOS_XML_01A,"2023_TEOS_XML_01A/202320169349300437_public.xml"
845074164,"PORTE BROWN LLC",2023_TEOS_XML_01A,"2023_TEOS_XML_01A/202320169349300622_public.xml"
361861067,"THOMAS J DWYER &amp; ASSOCIATES LLC",2023_TEOS_XML_01A,"2023_TEOS_XML_01A/202320169349301237_public.xml"
831938535,"ADMAX SERVICING LLC",2023_TEOS_XML_01A,"2023_TEOS_XML_01A/202320169349301562_public.xml"
020615986,"KPMG LLP",2023_TEOS_XML_01A,"2023_TEOS_XML_01A/202320179349300622_public.xml"
521808636,"JB TAX &amp; ADVISORY SERVICES LLC",2023_TEOS_XML_01A,"2023_TEOS_XML_01A/202320179349100012_public.xml"
273817626,"HOLTHOUSE CARLIN &amp; VAN TRIGT LLP",2023_TEOS_XML_01A,"2023_TEOS_XML_01A/202320179349100117_public.xml"
871015210,"Entholpy EMC Inc",2023_TEOS_XML_01A,"2023_TEOS_XML_01A/202320179349100207_public.xml"
311516713,"9258 TAX PREPARATION AND PLANNING LLC",2023_TEOS_XML_01A,"2023_TEOS_XML_01A/202320179349100412_public.xml"
366051686,"STOCKING AND HEARD CPAS LLC",2023_TEOS_XML_01A,"2023_TEOS_XML_01A/202320179349100517_public.xml"
853838616,"HIGHNOON CARES",2023_TEOS_XML_01A,"2023_TEOS_XML_01A/202320179349200002_public.xml"
770414181,"CALIFORNIA TEACHERS ASSOCIATION",2023_TEOS_XML_01A,"2023_TEOS_XML_01A/202320179349200102_public.xml"
020645040,"CHARLES KAUFMAN",2023_TEOS_XML_01A,"2023_TEOS_XML_01A/202320179349200142_public.xml"
386085405,"JR Helms &amp; Associates PC",2023_TEOS_XML_01A,"2023_TEOS_XML_01A/202320179349200227_public.xml"
841055255,"WESTMINSTER AREA COMMUNITY",2023_TEOS_XML_01A,"2023_TEOS_XML_01A/202320179349200417_public.xml"
831793133,"AMATEUR ATHLETIC UNION OF THE UNITED STATES INC",2023_TEOS_XML_01A,"2023_TEOS_XML_01A/202320179349200427_public.xml"
351170805,"CG CPAS INC",2023_TEOS_XML_01A,"2023_TEOS_XML_01A/202320179349200707_public.xml"
822496624,"ASIA PACIFIC COMMONWEALTH FOUNDATION INC",2023_TEOS_XML_01A,"2023_TEOS_XML_01A/202320179349200807_public.xml"
562203544,"The Debutante Club of Greensboro",2023_TEOS_XML_01A,"2023_TEOS_XML_01A/202320179349200812_public.xml"
455532512,"Accel Tax &amp; Business Services LLC",2023_TEOS_XML_01A,"2023_TEOS_XML_01A/202320179349200912_public.xml"
550672212,"Brooks Cottle CPA PC",2023_TEOS_XML_01A,"2023_TEOS_XML_01A/202320179349201207_public.xml"
850292556,"STONE MCGEE &amp; CO CPA'S",2023_TEOS_XML_01A,"2023_TEOS_XML_01A/202320179349300617_public.xml"
814300312,"Carnahan and Associates LLC",2023_TEOS_XML_01A,"2023_TEOS_XML_01A/202320179349300717_public.xml"
364582437,"WIPFLI LLP",2023_TEOS_XML_01A,"2023_TEOS_XML_01A/202320179349300737_public.xml"
824028390,"RS ASSOCIATES",2023_TEOS_XML_01A,"2023_TEOS_XML_01A/202320179349301102_public.xml"
521829463,"COUNCILOR BUCHANAN &amp; MITCHELL PC",2023_TEOS_XML_01A,"2023_TEOS_XML_01A/202320179349301207_public.xml"
870225321,"BECKYS ACCTNG &amp; TAX SERVICE",2023_TEOS_XML_01A,"2023_TEOS_XML_01A/202320179349301407_public.xml"
843406869,"MARCUM LLP",2023_TEOS_XML_01A,"2023_TEOS_XML_01A/202320179349301652_public.xml"
454997936,"SHERMAN FINANCIAL MANAGEMENT LLC",2023_TEOS_XML_01A,"2023_TEOS_XML_01A/202320179349301772_public.xml"
756639776,"LAYTON LAYTON &amp; TOBLER LLP CPAS",2023_TEOS_XML_01A,"2023_TEOS_XML_01A/202320179349301912_public.xml"
240854970,"CAMPBELL RAPPOLD &amp; YURASITS LLP",2023_TEOS_XML_01A,"2023_TEOS_XML_01A/202320179349301962_public.xml"
261539981,"WHITLEY PENN LLP",2023_TEOS_XML_01A,"2023_TEOS_XML_01A/202320189349100002_public.xml"
872385049,"KENNETH L KARST RACIAL EQUITY FOUNDATION",2023_TEOS_XML_01A,"2023_TEOS_XML_01A/202320189349100102_public.xml"
113631379,"GRAFER FOUNDATION",2023_TEOS_XML_01A,"2023_TEOS_XML_01A/202320189349100107_public.xml"
871464343,"DAYS END GROUP OF AA INC",2023_TEOS_XML_01A,"2023_TEOS_XML_01A/202320189349100312_public.xml"
821583670,"The Ray G and Patrice C Washington Foundation NFP",2023_TEOS_XML_01A,"2023_TEOS_XML_01A/202320189349100507_public.xml"
204002634,"Ten Forty Plus Quality Tax Prep",2023_TEOS_XML_01A,"2023_TEOS_XML_01A/202320189349100707_public.xml"
203128115,"GIFTS OF JOY FOUNDATION",2023_TEOS_XML_01A,"2023_TEOS_XML_01A/202320189349100717_public.xml"
562298541,"MT PLEASANT FUND INC",2023_TEOS_XML_01A,"2023_TEOS_XML_01A/202320189349100712_public.xml"
300990325,"EAGLE LEARNING CENTER",2023_TEOS_XML_01A,"2023_TEOS_XML_01A/202320189349200012_public.xml"
275465580,"EZ TAX SOLUTIONS INC",2023_TEOS_XML_01A,"2023_TEOS_XML_01A/202320189349200502_public.xml"
237566335,"TSAGARIS &amp; TSAGARIS CPA'S PA",2023_TEOS_XML_01A,"2023_TEOS_XML_01A/202320189349200612_public.xml"
911784016,"IACOPI LENZ &amp; COMPANY",2023_TEOS_XML_01A,"2023_TEOS_XML_01A/202320189349200527_public.xml"
363463123,"CLIFTONLARSONALLEN LLP",2023_TEOS_XML_01A,"2023_TEOS_XML_01A/202320189349200632_public.xml"
465266618,"HARVEY JUDKOWITZ CPA",2023_TEOS_XML_01A,"2023_TEOS_XML_01A/202320189349200707_public.xml"
834176087,"JOHN B CROZIER III PC",2023_TEOS_XML_01A,"2023_TEOS_XML_01A/202320189349200717_public.xml"
742825392,"M ESTELLENE MCCORMICK",2023_TEOS_XML_01A,"2023_TEOS_XML_01A/202320189349300002_public.xml"
843974003,"EVANS HARVILLE ATWELL &amp; CO CPAS PLLC",2023_TEOS_XML_01A,"2023_TEOS_XML_01A/202320189349300332_public.xml"
231979460,"O'CONNELL &amp; COMPANY LLC",2023_TEOS_XML_01A,"2023_TEOS_XML_01A/202320189349301002_public.xml"
382605071,"DAVID DUFFY CPA PLLC",2023_TEOS_XML_01A,"2023_TEOS_XML_01A/202320189349301272_public.xml"
455169450,"JASON WILEY SIMPSON PA",2023_TEOS_XML_01A,"2023_TEOS_XML_01A/202320199349100102_public.xml"
920543189,"FATHOM EDUCATION FUND INC",2023_TEOS_XML_01A,"2023_TEOS_XML_01A/202320199349100212_public.xml"
842012604,"OFF THE STREETS &amp; ON THE STREAMS",2023_TEOS_XML_01A,"2023_TEOS_XML_01A/202320199349100402_public.xml"
510169327,"MARK BLAQUIERE CPA",2023_TEOS_XML_01A,"2023_TEOS_XML_01A/202320199349100707_public.xml"
920082871,"Interior Accountants Service Inc",2023_TEOS_XML_01A,"2023_TEOS_XML_01A/202320199349200022_public.xml"
650315682,"VF WEALTH MANAGEMENT",2023_TEOS_XML_01A,"2023_TEOS_XML_01A/202320199349200112_public.xml"
460655408,"MOTHERS AGAINST VIOLENCE",2023_TEOS_XML_01A,"2023_TEOS_XML_01A/202320199349200122_public.xml"
116036424,"FOX FIGURES INC",2023_TEOS_XML_01A,"2023_TEOS_XML_01A/202320199349200312_public.xml"
475317629,"JASON WILEY SIMPSON PA",2023_TEOS_XML_01A,"2023_TEOS_XML_01A/202330199349200108_public.xml"
843158984,"EISNER ADVISORY GROUP LLC",2023_TEOS_XML_01A,"2023_TEOS_XML_01A/202320199349200722_public.xml"
911568405,"PRICEWATERHOUSECOOPERS LLP",2023_TEOS_XML_01A,"2023_TEOS_XML_01A/202320199349200912_public.xml"
310679427,"OHIO TAX SERVICE INC",2023_TEOS_XML_01A,"2023_TEOS_XML_01A/202320199349300012_public.xml"
550247543,"SMITH COCHRAN &amp; HICKS PLLC",2023_TEOS_XML_01A,"2023_TEOS_XML_01A/202320199349300007_public.xml"
237448305,"PHILIP E SMITH CPA PC",2023_TEOS_XML_01A,"2023_TEOS_XML_01A/202320199349300312_public.xml"
251800882,"BUFFAMANTE WHIPPLE BUTTAFARO PC",2023_TEOS_XML_01A,"2023_TEOS_XML_01A/202320199349300322_public.xml"
660442165,"PMB734",2023_TEOS_XML_01A,"2023_TEOS_XML_01A/202320199349300612_public.xml"
830462309,"PT CPAs PLLC",2023_TEOS_XML_01A,"2023_TEOS_XML_01A/202320199349300627_public.xml"
231358715,"SIMON LEVER LLC",2023_TEOS_XML_01A,"2023_TEOS_XML_01A/202320199349300932_public.xml"
352253812,"CLIFTONLARSONALLEN LLP",2023_TEOS_XML_01A,"2023_TEOS_XML_01A/202320199349301207_public.xml"
660479375,"CENTRO ESPERANZA INC",2023_TEOS_XML_01A,"2023_TEOS_XML_01A/202320199349301657_public.xml"
833627251,"MID STATE COW HORSE ASSOCIATION",2023_TEOS_XML_01A,"2023_TEOS_XML_01A/202320209349200012_public.xml"
873136919,"BRUNET WOLFE &amp; COMPANY CPAS",2023_TEOS_XML_01A,"2023_TEOS_XML_01A/202320209349200122_public.xml"
453075072,"PORTE BROWN LLC",2023_TEOS_XML_01A,"2023_TEOS_XML_01A/202320209349200612_public.xml"
462559614,"BAZINET BOOKKEEPING",2023_TEOS_XML_01A,"2023_TEOS_XML_01A/202320209349201102_public.xml"
840601272,"ONOFREY &amp; HIRSCHFELD PC",2023_TEOS_XML_01A,"2023_TEOS_XML_01A/202320209349300502_public.xml"
461104294,"FUOCO GROUP LLP",2023_TEOS_XML_01A,"2023_TEOS_XML_01A/202320209349300802_public.xml"
821767735,"MELTON &amp; MELTON LLP",2023_TEOS_XML_01A,"2023_TEOS_XML_01A/202320209349301032_public.xml"
351534128,"DAVID CULP &amp; CO LLP",2023_TEOS_XML_01A,"2023_TEOS_XML_01A/202320209349301202_public.xml"
471232328,"James H Quist CPA PLC",2023_TEOS_XML_01A,"2023_TEOS_XML_01A/202320219349200102_public.xml"
873812325,"Tax Pro USA",2023_TEOS_XML_01A,"2023_TEOS_XML_01A/202320219349200802_public.xml"
141594890,"Brian J Pickard CPA",2023_TEOS_XML_01A,"2023_TEOS_XML_01A/202320219349300007_public.xml"
811067586,"CIC TAX SERVICES",2023_TEOS_XML_01A,"2023_TEOS_XML_01A/202320229349200402_public.xml"
463856575,"St James Wildcats Association Inc",2023_TEOS_XML_01A,"2023_TEOS_XML_01A/202320229349200502_public.xml"
412253179,"LARRY POWERS CPA PLLC",2023_TEOS_XML_01A,"2023_TEOS_XML_01A/202320239349100007_public.xml"
854391962,"MISSION MAGNET INC",2023_TEOS_XML_01A,"2023_TEOS_XML_01A/202320239349100302_public.xml"
453585370,"FRANK &amp; CINDY FU FOUNDATION",2023_TEOS_XML_01A,"2023_TEOS_XML_01A/202320239349100602_public.xml"
382558573,"RESIDENTS COUNCIL OF FRIENDSHIP VILLAGE OF KALAMAZOO",2023_TEOS_XML_01A,"2023_TEOS_XML_01A/202320239349200702_public.xml"
812725675,"NORTHLAND CPA'S SC",2023_TEOS_XML_01A,"2023_TEOS_XML_01A/202320239349201037_public.xml"
814666798,"PFS TAX CPAS LLP",2023_TEOS_XML_01A,"2023_TEOS_XML_01A/202320239349201307_public.xml"
850233723,"IHLEFELD TAX &amp; CONSULTING LLC",2023_TEOS_XML_01A,"2023_TEOS_XML_01A/202320239349201507_public.xml"
760332788,"Kessler Bookkeeping &amp; Tax Services",2023_TEOS_XML_01A,"2023_TEOS_XML_01A/202320239349300122_public.xml"
561582356,"CW LEE CPA",2023_TEOS_XML_01A,"2023_TEOS_XML_01A/202320239349300227_public.xml"
141905856,"W K Hosni &amp; Associates Inc",2023_TEOS_XML_01A,"2023_TEOS_XML_01A/202320239349300312_public.xml"
541644960,"KELEMEN &amp; STEPHENS PLLC",2023_TEOS_XML_01A,"2023_TEOS_XML_01A/202320239349300812_public.xml"
463823049,"Rebekah Barr CPA PC",2023_TEOS_XML_01A,"2023_TEOS_XML_01A/202320239349300832_public.xml"
272240516,"BARNES SALY &amp; COMPANY PC",2023_TEOS_XML_01A,"2023_TEOS_XML_01A/202320239349300842_public.xml"
541344879,"KELEMEN &amp; STEPHENS PLLC",2023_TEOS_XML_01A,"2023_TEOS_XML_01A/202320239349301007_public.xml"
273385904,"FITCH CONSULTING INC",2023_TEOS_XML_01A,"2023_TEOS_XML_01A/202320239349301107_public.xml"
640765985,"FAUST &amp; ASSOCIATES CPA'S PA",2023_TEOS_XML_01A,"2023_TEOS_XML_01A/202320239349301307_public.xml"
431890085,"DBS Financial Services Inc",2023_TEOS_XML_01A,"2023_TEOS_XML_01A/202320239349301422_public.xml"
740725695,"Daniels Tax &amp; Consulting LLC",2023_TEOS_XML_01A,"2023_TEOS_XML_01A/202320239349301782_public.xml"
364441644,"Eilts &amp; Associates Inc",2023_TEOS_XML_01A,"2023_TEOS_XML_01A/202320239349302112_public.xml"
851210963,"STANKE MANN AND MINER",2023_TEOS_XML_01A,"2023_TEOS_XML_01A/202320249349100712_public.xml"
474806521,"DIAGONAL ALLEY ANIMAL RESCUE",2023_TEOS_XML_01A,"2023_TEOS_XML_01A/202320249349100502_public.xml"
611349386,"MCM CPAS &amp; ADVISORS LLP",2023_TEOS_XML_01A,"2023_TEOS_XML_01A/202320249349100702_public.xml"
382913713,"Cherryland Accounting &amp; Tax Service",2023_TEOS_XML_01A,"2023_TEOS_XML_01A/202320249349200012_public.xml"
351663315,"Precise Books and Payroll Inc",2023_TEOS_XML_01A,"2023_TEOS_XML_01A/202320249349200402_public.xml"
223160787,"PAULA SCRENCI-VACARO CPA",2023_TEOS_XML_01A,"2023_TEOS_XML_01A/202320249349200502_public.xml"
453195578,"Nelson &amp; Pelura LLC",2023_TEOS_XML_01A,"2023_TEOS_XML_01A/202330249349200008_public.xml"
411729911,"Eide Bailly LLP",2023_TEOS_XML_01A,"2023_TEOS_XML_01A/202320249349200902_public.xml"
371240766,"PROUD Pontiac Redeveloping Our United Downtown",2023_TEOS_XML_01A,"2023_TEOS_XML_01A/202320249349201042_public.xml"
381115315,"TIBBITTS &amp; ASSOCIATES PLC",2023_TEOS_XML_01A,"2023_TEOS_XML_01A/202320249349300602_public.xml"
462697937,"CONSTANTINO NELSON &amp; WERLINE LLC",2023_TEOS_XML_01A,"2023_TEOS_XML_01A/202320249349300742_public.xml"
571129506,"THE BRITTINGHAM GROUP LLP",2023_TEOS_XML_01A,"2023_TEOS_XML_01A/202320249349300927_public.xml"
851339862,"WIPFLI LLP",2023_TEOS_XML_01A,"2023_TEOS_XML_01A/202340249349300629_public.xml"
591471622,"Poysti &amp; Associates LLC",2023_TEOS_XML_01A,"2023_TEOS_XML_01A/202320249349301317_public.xml"
912145352,"DAVIS FARR LLP",2023_TEOS_XML_01A,"2023_TEOS_XML_01A/202320249349301562_public.xml"
463977082,"Lapidos Leung &amp; Francis Inc",2023_TEOS_XML_01A,"2023_TEOS_XML_01A/202320259349100012_public.xml"
824643299,"DISERAFINO QUINN &amp; CO LLC",2023_TEOS_XML_01A,"2023_TEOS_XML_01A/202320259349100202_public.xml"
473732665,"JOHANSON &amp; YAU ACCOUNTANCY CORP",2023_TEOS_XML_01A,"2023_TEOS_XML_01A/202320259349100307_public.xml"
042753665,"NICHOLAS LAPIER CPA PC",2023_TEOS_XML_01A,"2023_TEOS_XML_01A/202320259349100512_public.xml"
010698861,"EDENFIELD AND SNOW",2023_TEOS_XML_01A,"2023_TEOS_XML_01A/202320259349200407_public.xml"
854094171,"MCCARTHY TAX PREPARATION",2023_TEOS_XML_01A,"2023_TEOS_XML_01A/202320259349200637_public.xml"
863764338,"PATRICK VIVIES CPA PA",2023_TEOS_XML_01A,"2023_TEOS_XML_01A/202320259349200717_public.xml"
231601018,"ROBERT W MORRIS &amp; COMPANY PC",2023_TEOS_XML_01A,"2023_TEOS_XML_01A/202320259349200827_public.xml"
760733317,"C DeWitt Foard &amp; Co PA",2023_TEOS_XML_01A,"2023_TEOS_XML_01A/202320259349200832_public.xml"
364242927,"OPEN DOOR REPERTORY COMPANY",2023_TEOS_XML_01A,"2023_TEOS_XML_01A/202320259349200922_public.xml"
300522382,"DOLINKA VANNOORD &amp; COMPANY PLLP",2023_TEOS_XML_01A,"2023_TEOS_XML_01A/202320259349201107_public.xml"
910912392,"DIANE P SELLINGER",2023_TEOS_XML_01A,"2023_TEOS_XML_01A/202320259349300002_public.xml"
341856594,"MCMANAMON &amp; CO LLC",2023_TEOS_XML_01A,"2023_TEOS_XML_01A/202320259349300107_public.xml"
562229927,"J RONALD MARTIN PA",2023_TEOS_XML_01A,"2023_TEOS_XML_01A/202320259349300217_public.xml"
550396949,"HERMAN &amp; CORMANY CPAS AC",2023_TEOS_XML_01A,"2023_TEOS_XML_01A/202320259349300222_public.xml"
586070756,"CARR RIGGS &amp; INGRAM LLC",2023_TEOS_XML_01A,"2023_TEOS_XML_01A/202320259349300237_public.xml"
362937018,"SASSETTI LLC",2023_TEOS_XML_01A,"2023_TEOS_XML_01A/202320259349300737_public.xml"
916035203,"A4A Accounting SPC",2023_TEOS_XML_01A,"2023_TEOS_XML_01A/202320259349301017_public.xml"
660541904,"CASA DEL PEREGRINO",2023_TEOS_XML_01A,"2023_TEOS_XML_01A/202320259349301102_public.xml"
223213406,"FIVE POINTS FINANCIAL INC",2023_TEOS_XML_01A,"2023_TEOS_XML_01A/202320259349301772_public.xml"
463141903,"BDO USA LLP",2023_TEOS_XML_01A,"2023_TEOS_XML_01A/202320269349100502_public.xml"
570812757,"SMITH SAPP",2023_TEOS_XML_01A,"2023_TEOS_XML_01A/202320269349200212_public.xml"
472321305,"BEAVERDAM CEMETERY",2023_TEOS_XML_01A,"2023_TEOS_XML_01A/202320269349200302_public.xml"
863556947,"BILL HULLUM CPA PC",2023_TEOS_XML_01A,"2023_TEOS_XML_01A/202320269349200627_public.xml"
260320222,"CHARLES G PATTEE PC",2023_TEOS_XML_01A,"2023_TEOS_XML_01A/202320269349200617_public.xml"
237027942,"Ellen Fontana CPA LLC",2023_TEOS_XML_01A,"2023_TEOS_XML_01A/202320269349200722_public.xml"
471183948,"John Bonno CPA",2023_TEOS_XML_01A,"2023_TEOS_XML_01A/202320269349201002_public.xml"
660785100,"J DAVID JACKSON PC",2023_TEOS_XML_01A,"2023_TEOS_XML_01A/202320269349201117_public.xml"
330579971,"KPMG LLP",2023_TEOS_XML_01A,"2023_TEOS_XML_01A/202320269349301032_public.xml"
371244248,"ECK SCHAFER &amp; PUNKE LLP",2023_TEOS_XML_01A,"2023_TEOS_XML_01A/202320269349301212_public.xml"
592281682,"PHILLIPS FELDMAN GROUP",2023_TEOS_XML_01A,"2023_TEOS_XML_01A/202320269349301337_public.xml"
261594598,"WIPFLI LLP",2023_TEOS_XML_01A,"2023_TEOS_XML_01A/202320269349301732_public.xml"
833943705,"Reskin CPAs PSC",2023_TEOS_XML_01A,"2023_TEOS_XML_01A/202330109349200008_public.xml"
341146688,"shenango valley boating club",2023_TEOS_XML_01A,"2023_TEOS_XML_01A/202330109349200088_public.xml"
854295102,"Blackhawk Golden K WI Inc",2023_TEOS_XML_01A,"2023_TEOS_XML_01A/202330109349200123_public.xml"
263023092,"PROP INC",2023_TEOS_XML_01A,"2023_TEOS_XML_01A/202330109349200338_public.xml"
823849642,"JA WELKER &amp; ASSOCIATES PLLC",2023_TEOS_XML_01A,"2023_TEOS_XML_01A/202330109349200403_public.xml"
721083927,"MARSHALL &amp; ASSOCIATES LLC",2023_TEOS_XML_01A,"2023_TEOS_XML_01A/202330109349200503_public.xml"
474820717,"AMATEUR ATHLETIC UNION OF THE UNITED STATES INC",2023_TEOS_XML_01A,"2023_TEOS_XML_01A/202330109349200553_public.xml"
831513161,"DOWNTOWN PARKSIDE ROYAL POINCIANA CIVIC ASSOCIATIO",2023_TEOS_XML_01A,"2023_TEOS_XML_01A/202330109349200583_public.xml"
472157319,"Pleasants County Farm Bureau",2023_TEOS_XML_01A,"2023_TEOS_XML_01A/202330109349200873_public.xml"
873976842,"Hillary G Trout CPA",2023_TEOS_XML_01A,"2023_TEOS_XML_01A/202330109349300013_public.xml"
660372667,"CPA HECTOR R COLLAZO CHEVEREZ &amp; CO PSC",2023_TEOS_XML_01A,"2023_TEOS_XML_01A/202330109349300238_public.xml"
361222178,"Phillips Salmi &amp; Associates LLC",2023_TEOS_XML_01A,"2023_TEOS_XML_01A/202330109349300308_public.xml"
314328507,"FRATERNAL ORDER OF EAGLES",2023_TEOS_XML_01A,"2023_TEOS_XML_01A/202330109349300653_public.xml"
271677282,"Richard Schoonmaker",2023_TEOS_XML_01A,"2023_TEOS_XML_01A/202330119349200003_public.xml"
273615763,"Arnold Castellano &amp; Associates",2023_TEOS_XML_01A,"2023_TEOS_XML_01A/202330119349200203_public.xml"
236000702,"BMWED - PENNSYLVANIA FEDERATION",2023_TEOS_XML_01A,"2023_TEOS_XML_01A/202330119349300103_public.xml"
411357109,"RUSSELL &amp; ASSOCIATES LLC",2023_TEOS_XML_01A,"2023_TEOS_XML_01A/202340129349303844_public.xml"
346572552,"PRICEWATERHOUSECOOPERS LLP",2023_TEOS_XML_01A,"2023_TEOS_XML_01A/202330129349100003_public.xml"
311596911,"DEPAOLA BEGG &amp; ASSOC PC",2023_TEOS_XML_01A,"2023_TEOS_XML_01A/202330129349100113_public.xml"
226097070,"KSDT &amp; CO LLC",2023_TEOS_XML_01A,"2023_TEOS_XML_01A/202330179349100118_public.xml"
386074753,"GABRIDGE &amp; COMPANY PLC",2023_TEOS_XML_01A,"2023_TEOS_XML_01A/202330129349100308_public.xml"
593725617,"WESTGATE RESORTS FOUNDATION INC",2023_TEOS_XML_01A,"2023_TEOS_XML_01A/202330129349100238_public.xml"
161701147,"EDWARD L ARCARA CPA PC",2023_TEOS_XML_01A,"2023_TEOS_XML_01A/202330129349100518_public.xml"
351781577,"ERNST &amp; YOUNG US LLP",2023_TEOS_XML_01A,"2023_TEOS_XML_01A/202330129349100323_public.xml"
463723623,"PAYNE NICKLES &amp; COMPANY",2023_TEOS_XML_01A,"2023_TEOS_XML_01A/202340129349100519_public.xml"
310883859,"KSM BUSINESS SERVICES INC",2023_TEOS_XML_01A,"2023_TEOS_XML_01A/202330129349100913_public.xml"
300195227,"Pond Accounting LLC",2023_TEOS_XML_01A,"2023_TEOS_XML_01A/202330129349100988_public.xml"
521772602,"THE HURST COMPANY CPAS PA",2023_TEOS_XML_01A,"2023_TEOS_XML_01A/202330129349101103_public.xml"
166172018,"ERNST &amp; YOUNG US LLP",2023_TEOS_XML_01A,"2023_TEOS_XML_01A/202330129349101203_public.xml"
204889403,"Fredrick Zink &amp; Associates PC",2023_TEOS_XML_01A,"2023_TEOS_XML_01A/202330129349101303_public.xml"
586054839,"BROWN &amp; MCDANIEL CPAS LLC",2023_TEOS_XML_01A,"2023_TEOS_XML_01A/202330129349200138_public.xml"
455565896,"ARENSON &amp; SANDHOUSE PA",2023_TEOS_XML_01A,"2023_TEOS_XML_01A/202330129349200143_public.xml"
872278669,"REIMER MCGUINNESS HESS PC",2023_TEOS_XML_01A,"2023_TEOS_XML_01A/202330129349200223_public.xml"
020645291,"Kevin Tolson CPA LLC",2023_TEOS_XML_01A,"2023_TEOS_XML_01A/202330129349200233_public.xml"
800014785,"HONEY'S HELPING HANDS INC",2023_TEOS_XML_01A,"2023_TEOS_XML_01A/202330129349200403_public.xml"
811475786,"CANTOR NOVAK BEAVER &amp; PIKE PC",2023_TEOS_XML_01A,"2023_TEOS_XML_01A/202330129349200848_public.xml"
730480862,"Needles &amp; Associates LLC",2023_TEOS_XML_01A,"2023_TEOS_XML_01A/202330129349201073_public.xml"
271460243,"DOEHRING WINDERS &amp; CO LLP",2023_TEOS_XML_01A,"2023_TEOS_XML_01A/202330129349201153_public.xml"
743043361,"TONNESON &amp; COMPANY PC",2023_TEOS_XML_01A,"2023_TEOS_XML_01A/202330129349201303_public.xml"
752171176,"RUTHERFORD TAYLOR &amp; COMPANY PC",2023_TEOS_XML_01A,"2023_TEOS_XML_01A/202330129349201313_public.xml"
954834523,"Schoenfelder &amp; Shaw INC",2023_TEOS_XML_01A,"2023_TEOS_XML_01A/202330129349201328_public.xml"
371905601,"Eagle View CPAs",2023_TEOS_XML_01A,"2023_TEOS_XML_01A/202330129349201538_public.xml"
384225923,"CASTLE COMPUTERS",2023_TEOS_XML_01A,"2023_TEOS_XML_01A/202330129349201613_public.xml"
931287776,"MCMICHAEL &amp; TOLEDO CPAS",2023_TEOS_XML_01A,"2023_TEOS_XML_01A/202330129349201733_public.xml"
843416016,"ADAPTIVE RESOURCES",2023_TEOS_XML_01A,"2023_TEOS_XML_01A/202330129349201893_public.xml"
830442130,"TONE FOR PEACE INC",2023_TEOS_XML_01A,"2023_TEOS_XML_01A/202330129349202108_public.xml"
205726479,"FRIENDS OF CENTRAL MISSISSIPPIRESIDENTIAL CENTER INC",2023_TEOS_XML_01A,"2023_TEOS_XML_01A/202330129349202158_public.xml"
845077119,"Ballplayer Academy",2023_TEOS_XML_01A,"2023_TEOS_XML_01A/202330129349202208_public.xml"
271215676,"DOOLEY AND COMPANY LLC",2023_TEOS_XML_01A,"2023_TEOS_XML_01A/202330129349202238_public.xml"
363534194,"OPTIMIST CLUB OF DEERFIELD",2023_TEOS_XML_01A,"2023_TEOS_XML_01A/202330129349202448_public.xml"
870873552,"Wild Song Productions Inc",2023_TEOS_XML_01A,"2023_TEOS_XML_01A/202330129349202658_public.xml"
222315098,"LINDA M AVENA CPA PA",2023_TEOS_XML_01A,"2023_TEOS_XML_01A/202330129349301093_public.xml"
263274815,"JOHN W GOSHEN CPA",2023_TEOS_XML_01A,"2023_TEOS_XML_01A/202330129349301108_public.xml"
710864277,"JONES CPA GROUP PC",2023_TEOS_XML_01A,"2023_TEOS_XML_01A/202330129349301113_public.xml"
272791351,"DUSTIN KERN CPA PC",2023_TEOS_XML_01A,"2023_TEOS_XML_01A/202330129349301503_public.xml"
382334141,"MANER COSTERISAN PC",2023_TEOS_XML_01A,"2023_TEOS_XML_01A/202330129349301838_public.xml"
237246639,"REA &amp; ASSOCIATES INC",2023_TEOS_XML_01A,"2023_TEOS_XML_01A/202330129349302118_public.xml"
840519607,"BiggsKofford PC",2023_TEOS_XML_01A,"2023_TEOS_XML_01A/202330129349302578_public.xml"
943129692,"BAKER TILLY US LLP",2023_TEOS_XML_01A,"2023_TEOS_XML_01A/202330129349302883_public.xml"
453827468,"Daigrepont &amp; Brian APAC",2023_TEOS_XML_01A,"2023_TEOS_XML_01A/202330129349303068_public.xml"
460988654,"OUR DAILY BREAD INC",2023_TEOS_XML_01A,"2023_TEOS_XML_01A/202330129349303113_public.xml"
814071324,"Pieters and Associates",2023_TEOS_XML_01A,"2023_TEOS_XML_01A/202330129349303388_public.xml"
463181224,"WEGNER CPAS LLP",2023_TEOS_XML_01A,"2023_TEOS_XML_01A/202330129349303408_public.xml"
800079349,"FJ &amp; Associates PLLC",2023_TEOS_XML_01A,"2023_TEOS_XML_01A/202330129349303478_public.xml"
351933222,"Stephens &amp; Soetenga CPAs PC",2023_TEOS_XML_01A,"2023_TEOS_XML_01A/202330129349303508_public.xml"
042116079,"Jill Peabody CPA LLC",2023_TEOS_XML_01A,"2023_TEOS_XML_01A/202330129349303543_public.xml"
830222010,"Simmons Clubb &amp; Hodges CPAS PLLC",2023_TEOS_XML_01A,"2023_TEOS_XML_01A/202330129349303608_public.xml"
133929858,"Joel Bachrach CPA",2023_TEOS_XML_01A,"2023_TEOS_XML_01A/202330129349303778_public.xml"
237286556,"PATRICK J KELLY CPA",2023_TEOS_XML_01A,"2023_TEOS_XML_01A/202330129349303788_public.xml"
660429598,"Emilia Rodas Vinas CPA",2023_TEOS_XML_01A,"2023_TEOS_XML_01A/202330129349303783_public.xml"
475086327,"MCLARNEY &amp; COMPANY",2023_TEOS_XML_01A,"2023_TEOS_XML_01A/202330129349303813_public.xml"
520513460,"TOAL MURRAY DAY &amp; LALOR LLC",2023_TEOS_XML_01A,"2023_TEOS_XML_01A/202330129349303843_public.xml"
520981185,"Joseph Bossert CPA Company Chartered",2023_TEOS_XML_01A,"2023_TEOS_XML_01A/202330129349303878_public.xml"
832075706,"Sahota Tax Center",2023_TEOS_XML_01A,"2023_TEOS_XML_01A/202330129349303918_public.xml"
204453563,"MASHBURN &amp; LEMMINGS PC",2023_TEOS_XML_01A,"2023_TEOS_XML_01A/202330129349303953_public.xml"
205951140,"BABIONE KUEHLER &amp; COMPANY",2023_TEOS_XML_01A,"2023_TEOS_XML_01A/202330129349304038_public.xml"
232330444,"Clairmont Paciello &amp; Co PC",2023_TEOS_XML_01A,"2023_TEOS_XML_01A/202330129349304113_public.xml"
471857682,"Winningham Becker &amp; Company LLP",2023_TEOS_XML_01A,"2023_TEOS_XML_01A/202330139339300318_public.xml"
480961283,"FORVIS LLP",2023_TEOS_XML_01A,"2023_TEOS_XML_01A/202330139349300948_public.xml"
363365278,"MACK &amp; ASSOCIATES PC",2023_TEOS_XML_01A,"2023_TEOS_XML_01A/202330139339300713_public.xml"
226058166,"MEISEL TUTEUR &amp; LEWIS PC",2023_TEOS_XML_01A,"2023_TEOS_XML_01A/202330139349100608_public.xml"
521557799,"KFG LLC",2023_TEOS_XML_01A,"2023_TEOS_XML_01A/202330139349101313_public.xml"
201675324,"ERNST &amp; YOUNG US LLP",2023_TEOS_XML_01A,"2023_TEOS_XML_01A/202330139349101413_public.xml"
841987880,"HEARTWORK WELLNESS COLLABORATIVE",2023_TEOS_XML_01A,"2023_TEOS_XML_01A/202330139349200323_public.xml"
874568310,"PK TAX &amp; ACCOUNTING SERVICES LLC",2023_TEOS_XML_01A,"2023_TEOS_XML_01A/202330139349200518_public.xml"
872011673,"Rea CPA Group PC",2023_TEOS_XML_01A,"2023_TEOS_XML_01A/202330139349200528_public.xml"
840796515,"TOBIN RUPAREL KONCZAK &amp; MUNDELL PC",2023_TEOS_XML_01A,"2023_TEOS_XML_01A/202330139349201013_public.xml"
271141858,"BORLAND BENEFIELD PC",2023_TEOS_XML_01A,"2023_TEOS_XML_01A/202330139349201223_public.xml"
462682581,"LEADING FOR EDUCATIONAL EXCELLENCE INC",2023_TEOS_XML_01A,"2023_TEOS_XML_01A/202330139349201343_public.xml"
270129536,"FLOOD &amp; ASSOCIATES PLLC",2023_TEOS_XML_01A,"2023_TEOS_XML_01A/202330139349201513_public.xml"
275074578,"SHEPPARD-HARRIS &amp; ASSOCIATES PC",2023_TEOS_XML_01A,"2023_TEOS_XML_01A/202330139349300008_public.xml"
470733395,"DAUBY O'CONNOR &amp; ZALESKI LLC",2023_TEOS_XML_01A,"2023_TEOS_XML_01A/202330139349300228_public.xml"
391856898,"ERNST &amp; YOUNG US LLP",2023_TEOS_XML_01A,"2023_TEOS_XML_01A/202330139349300233_public.xml"
370690501,"JAMES HENSON PC",2023_TEOS_XML_01A,"2023_TEOS_XML_01A/202330139349300348_public.xml"
562069367,"BRADFORD H PINER CPA PA",2023_TEOS_XML_01A,"2023_TEOS_XML_01A/202330139349300518_public.xml"
232681402,"CAMPBELL RAPPOLD &amp; YURASITS LLP",2023_TEOS_XML_01A,"2023_TEOS_XML_01A/202330139349300543_public.xml"
462774277,"TEMPLETON &amp; COMPANY LLP",2023_TEOS_XML_01A,"2023_TEOS_XML_01A/202330139349301638_public.xml"
311490115,"UNIVERSITE DE SHERBROOKE",2023_TEOS_XML_01A,"2023_TEOS_XML_01A/202330139349301683_public.xml"
390756575,"MIDWEST-SOUTHEASTERN EQUIPMENT DEALERS FOUNDATION INC",2023_TEOS_XML_01A,"2023_TEOS_XML_01A/202330149349100203_public.xml"
853541352,"Tetrafunk Food Truck",2023_TEOS_XML_01A,"2023_TEOS_XML_01A/202330149349100503_public.xml"
731638062,"WOMEN OF COURAGE MINISTRY",2023_TEOS_XML_01A,"2023_TEOS_XML_01A/202330149349100603_public.xml"
833995227,"ROPE Hockey Booster Club INC",2023_TEOS_XML_01A,"2023_TEOS_XML_01A/202330149349100608_public.xml"
854104837,"STEAMBOAT LOCAL LOVE INC",2023_TEOS_XML_01A,"2023_TEOS_XML_01A/202330149349200103_public.xml"
461301196,"GREEN HASSON &amp; JANKS LLP",2023_TEOS_XML_01A,"2023_TEOS_XML_01A/202330149349200023_public.xml"
596869788,"ONEIDA CONSULTING LLC",2023_TEOS_XML_01A,"2023_TEOS_XML_01A/202330149349100508_public.xml"
660663242,"APRODEC INC",2023_TEOS_XML_01A,"2023_TEOS_XML_01A/202330149349200618_public.xml"
366208096,"John M Janiga Attorney-at-Law",2023_TEOS_XML_01A,"2023_TEOS_XML_01A/202330149349200713_public.xml"
273473437,"HRB TAX GROUP INC",2023_TEOS_XML_01A,"2023_TEOS_XML_01A/202330159349200003_public.xml"
843270649,"JEFFERY M BRADSHAW CPA PC",2023_TEOS_XML_01A,"2023_TEOS_XML_01A/202330169349100403_public.xml"
431461622,"RUBINBROWN LLP",2023_TEOS_XML_01A,"2023_TEOS_XML_01A/202330169349100508_public.xml"
463591243,"SANDRA H BAIRD CPA ACCOUNTANCY CORP",2023_TEOS_XML_01A,"2023_TEOS_XML_01A/202330169349100613_public.xml"
660737571,"DAVID RIVERA CPA",2023_TEOS_XML_01A,"2023_TEOS_XML_01A/202330169349200308_public.xml"
271780502,"HOOSIER INTERFAITH POWER &amp; LIGHT INC",2023_TEOS_XML_01A,"2023_TEOS_XML_01A/202330169349200418_public.xml"
823997079,"Professional Tax Service",2023_TEOS_XML_01A,"2023_TEOS_XML_01A/202330169349200733_public.xml"
871327541,"HENDRICKS HOLDING COMPANY INC",2023_TEOS_XML_01A,"2023_TEOS_XML_01A/202330169349200933_public.xml"
873754144,"Henderson Basketball Academy",2023_TEOS_XML_01A,"2023_TEOS_XML_01A/202330169349201128_public.xml"
752698055,"Bruce A Sostak PC",2023_TEOS_XML_01A,"2023_TEOS_XML_01A/202330169349201148_public.xml"
465473619,"Boys Iceless Hockey League - NFP",2023_TEOS_XML_01A,"2023_TEOS_XML_01A/202330169349201218_public.xml"
251462217,"SR Spataro",2023_TEOS_XML_01A,"2023_TEOS_XML_01A/202330169349201243_public.xml"
020039200,"Merrimack Tax Associates PLLC",2023_TEOS_XML_01A,"2023_TEOS_XML_01A/202330169349201403_public.xml"
860790803,"Pebble Creek Art Club",2023_TEOS_XML_01A,"2023_TEOS_XML_01A/202330169349201503_public.xml"
952008001,"Steven W Dolan Attorney",2023_TEOS_XML_01A,"2023_TEOS_XML_01A/202330169349300108_public.xml"
741185669,"ADKF PC",2023_TEOS_XML_01A,"2023_TEOS_XML_01A/202330169349300043_public.xml"
436921041,"MOSS ADAMS LLP",2023_TEOS_XML_01A,"2023_TEOS_XML_01A/202330169349300403_public.xml"
141784402,"ROBERT PATTERSON CPA",2023_TEOS_XML_01A,"2023_TEOS_XML_01A/202330169349300908_public.xml"
237592523,"FAHNESTOCK FINANCIAL SERVICES INC",2023_TEOS_XML_01A,"2023_TEOS_XML_01A/202330169349301003_public.xml"
621456023,"HRB TAX GROUP INC",2023_TEOS_XML_01A,"2023_TEOS_XML_01A/202330169349301223_public.xml"
367297795,"CORNELIUS &amp; MABEL ENRIGHT EDUCATION",2023_TEOS_XML_01A,"2023_TEOS_XML_01A/202330179349100023_public.xml"
814691922,"EISNER ADVISORY GROUP LLC",2023_TEOS_XML_01A,"2023_TEOS_XML_01A/202330179349100303_public.xml"
824551056,"LEARN FOR JOY INC",2023_TEOS_XML_01A,"2023_TEOS_XML_01A/202330179349100313_public.xml"
832102099,"SEEDS OF SERVICE",2023_TEOS_XML_01A,"2023_TEOS_XML_01A/202330179349200008_public.xml"
812111874,"Paws 2 Freedom",2023_TEOS_XML_01A,"2023_TEOS_XML_01A/202330179349200108_public.xml"
462966326,"BRAD HAMBY MINISTRY INC",2023_TEOS_XML_01A,"2023_TEOS_XML_01A/202330179349200123_public.xml"
911459480,"FISHERMANS TERMINAL TENANTS ASSOCIATION",2023_TEOS_XML_01A,"2023_TEOS_XML_01A/202330179349200313_public.xml"
943334444,"Prince &amp; Associates CPA",2023_TEOS_XML_01A,"2023_TEOS_XML_01A/202330179349200343_public.xml"
383308288,"H&amp;S COMPANIES PC",2023_TEOS_XML_01A,"2023_TEOS_XML_01A/202330179349200503_public.xml"
222783179,"JAIL CHAPLAINCY OF SOMERSET COUNTY",2023_TEOS_XML_01A,"2023_TEOS_XML_01A/202330179349200518_public.xml"
860653714,"ARIZONA CLASSIC JAZZ SOCIETY INC",2023_TEOS_XML_01A,"2023_TEOS_XML_01A/202330179349200523_public.xml"
870495810,"SOUTH DESPAIN DITCH COMPANY",2023_TEOS_XML_01A,"2023_TEOS_XML_01A/202330179349200813_public.xml"
203455944,"CORNELL BEALL &amp; LEIGH LLC",2023_TEOS_XML_01A,"2023_TEOS_XML_01A/202330179349200833_public.xml"
273805859,"HUNGER BALL OF SHEBOYGAN COUNTY INC",2023_TEOS_XML_01A,"2023_TEOS_XML_01A/202330179349201003_public.xml"
460420810,"KETEL THORSTENSON LLP",2023_TEOS_XML_01A,"2023_TEOS_XML_01A/202330179349201053_public.xml"
742662972,"Dale A Allison Jr",2023_TEOS_XML_01A,"2023_TEOS_XML_01A/202330179349201108_public.xml"
205851131,"MONICA L MASCO",2023_TEOS_XML_01A,"2023_TEOS_XML_01A/202330179349201113_public.xml"
581435084,"GEORGIA FEDERAL TAX CONFERENCE INC",2023_TEOS_XML_01A,"2023_TEOS_XML_01A/202330179349201158_public.xml"
263624341,"Maniscalco &amp; Picone CPAs PC",2023_TEOS_XML_01A,"2023_TEOS_XML_01A/202330179349201403_public.xml"
300741605,"MC DONOUGH &amp; ASSOCIATES CPA",2023_TEOS_XML_01A,"2023_TEOS_XML_01A/202330179349201213_public.xml"
351878448,"AGRESTA STORMS &amp; O'LEARY PC",2023_TEOS_XML_01A,"2023_TEOS_XML_01A/202330179349201408_public.xml"
550841763,"YOUNG TAI CHOI COMPANY EA",2023_TEOS_XML_01A,"2023_TEOS_XML_01A/202330179349300138_public.xml"
133976090,"EDWARD M PALMESE CPA",2023_TEOS_XML_01A,"2023_TEOS_XML_01A/202330179349301023_public.xml"
475609554,"Thompson Derrig &amp; Craig PC",2023_TEOS_XML_01A,"2023_TEOS_XML_01A/202330179349301433_public.xml"
371697474,"WHITTLESEY PC",2023_TEOS_XML_01A,"2023_TEOS_XML_01A/202330179349301413_public.xml"
205045345,"ALERDING CPA GROUP",2023_TEOS_XML_01A,"2023_TEOS_XML_01A/202330179349301513_public.xml"
222773497,"CAMPBELL RAPPOLD &amp; YURASITS LLP",2023_TEOS_XML_01A,"2023_TEOS_XML_01A/202330179349301863_public.xml"
746083270,"Rodriguez Business Consulting LLC",2023_TEOS_XML_01A,"2023_TEOS_XML_01A/202330179349301968_public.xml"
460823497,"AAU National Karate Committee",2023_TEOS_XML_01A,"2023_TEOS_XML_01A/202330179349302008_public.xml"
656444896,"SAMUEL S ADELSBERG &amp; CO",2023_TEOS_XML_01A,"2023_TEOS_XML_01A/202330189349100303_public.xml"
871239959,"CBIZ MHM LLC",2023_TEOS_XML_01A,"2023_TEOS_XML_01A/202330189349100718_public.xml"
460904658,"Wayland &amp; Vukadinovich LLP",2023_TEOS_XML_01A,"2023_TEOS_XML_01A/202330189349200313_public.xml"
814284106,"GILBERT &amp; WOLFAND PC",2023_TEOS_XML_01A,"2023_TEOS_XML_01A/202330189349200503_public.xml"
046151904,"NEW BEDFORD SECTION NATIONAL COUNCIL OF JEWISH WOMEN INCORPORATED",2023_TEOS_XML_01A,"2023_TEOS_XML_01A/202330189349200628_public.xml"
941656236,"M Green and Company LLP",2023_TEOS_XML_01A,"2023_TEOS_XML_01A/202330189349200713_public.xml"
800092318,"Maxes Taxes Corporation",2023_TEOS_XML_01A,"2023_TEOS_XML_01A/202330189349200723_public.xml"
593768734,"The Paresian Club",2023_TEOS_XML_01A,"2023_TEOS_XML_01A/202330189349200918_public.xml"
770186335,"GLENN BURDETTE INC",2023_TEOS_XML_01A,"2023_TEOS_XML_01A/202330189349201123_public.xml"
580671327,"ARLINE &amp; WIGGINS CPAS LLC",2023_TEOS_XML_01A,"2023_TEOS_XML_01A/202330189349300128_public.xml"
472117737,"WADOVICK &amp; COMPANY",2023_TEOS_XML_01A,"2023_TEOS_XML_01A/202330189349300218_public.xml"
660517696,"CASA ISMAEL INC",2023_TEOS_XML_01A,"2023_TEOS_XML_01A/202330189349300423_public.xml"
141340008,"Marvin and Company PC",2023_TEOS_XML_01A,"2023_TEOS_XML_01A/202330189349300503_public.xml"
462271528,"CORNERSTONE CPA GROUP LLP",2023_TEOS_XML_01A,"2023_TEOS_XML_01A/202330189349300713_public.xml"
952793778,"DONALD V OGDEN",2023_TEOS_XML_01A,"2023_TEOS_XML_01A/202330189349301128_public.xml"
383909489,"CATARINEAU &amp; GIVENS PA",2023_TEOS_XML_01A,"2023_TEOS_XML_01A/202330189349301308_public.xml"
311489717,"CARPENTER WIGGINS JORDAN THOMAS &amp; SCARBO",2023_TEOS_XML_01A,"2023_TEOS_XML_01A/202330199349200013_public.xml"
201798600,"RUANE &amp; COMPANY LLP",2023_TEOS_XML_01A,"2023_TEOS_XML_01A/202330199349100803_public.xml"
611082545,"BALDWIN CPAS PLLC",2023_TEOS_XML_01A,"2023_TEOS_XML_01A/202330199349200333_public.xml"
042297010,"JOSEPH E CAOUETTE CPA",2023_TEOS_XML_01A,"2023_TEOS_XML_01A/202330199349200518_public.xml"
264813404,"John M Monticone CPA",2023_TEOS_XML_01A,"2023_TEOS_XML_01A/202330199349200823_public.xml"
383792444,"Gary A Gilbreath CPA",2023_TEOS_XML_01A,"2023_TEOS_XML_01A/202330199349200833_public.xml"
800540085,"NORTHWEST MECHANICAL &amp; SHEET METAL",2023_TEOS_XML_01A,"2023_TEOS_XML_01A/202330199349201503_public.xml"
481088753,"DIEHL BANWART BOLTON CPAS PA",2023_TEOS_XML_01A,"2023_TEOS_XML_01A/202330199349300123_public.xml"
320336165,"CLIFTONLARSONALLEN LLP",2023_TEOS_XML_01A,"2023_TEOS_XML_01A/202330199349300048_public.xml"
840321157,"DONALD R MORELAND &amp; ASSOCIATES PC",2023_TEOS_XML_01A,"2023_TEOS_XML_01A/202330199349300108_public.xml"
455562728,"CLIFTONLARSONALLEN LLP",2023_TEOS_XML_01A,"2023_TEOS_XML_01A/202330199349300333_public.xml"
591756933,"MARTIN STARNES &amp; ASSOCIATES CPAS PA",2023_TEOS_XML_01A,"2023_TEOS_XML_01A/202330199349301303_public.xml"
383857619,"ROBERT J RIPP &amp; ASSOCIATES",2023_TEOS_XML_01A,"2023_TEOS_XML_01A/202330209349200033_public.xml"
873736632,"H AND R BLOCK",2023_TEOS_XML_01A,"2023_TEOS_XML_01A/202330209349200113_public.xml"
464824271,"Tolliver &amp; Associates Inc",2023_TEOS_XML_01A,"2023_TEOS_XML_01A/202330209349201008_public.xml"
273152725,"STOKES FOUNDATION",2023_TEOS_XML_01A,"2023_TEOS_XML_01A/202330209349200208_public.xml"
854381237,"MARCHIONDA &amp; FERRER PA",2023_TEOS_XML_01A,"2023_TEOS_XML_01A/202330209349200713_public.xml"
471070216,"PRECISION BUSINESS SERVICES INC",2023_TEOS_XML_01A,"2023_TEOS_XML_01A/202330209349200703_public.xml"
471454727,"Block Advisors",2023_TEOS_XML_01A,"2023_TEOS_XML_01A/202330209349200738_public.xml"
136117315,"KARL S BLOCK CPA PC",2023_TEOS_XML_01A,"2023_TEOS_XML_01A/202330209349300103_public.xml"
475221862,"CARR RIGGS &amp; INGRAM LLC",2023_TEOS_XML_01A,"2023_TEOS_XML_01A/202330209349300308_public.xml"
660320329,"HOGAR COLEGIO LA MILAGROSA",2023_TEOS_XML_01A,"2023_TEOS_XML_01A/202330209349300918_public.xml"
770310237,"CLIFTONLARSONALLEN LLP",2023_TEOS_XML_01A,"2023_TEOS_XML_01A/202330209349300943_public.xml"
660469637,"PA Consulting LLC",2023_TEOS_XML_01A,"2023_TEOS_XML_01A/202330209349301028_public.xml"
800614289,"ST VINCENT DE PAUL - CABRINI CONFERENCE",2023_TEOS_XML_01A,"2023_TEOS_XML_01A/202330219349300308_public.xml"
821323499,"MOJI COFFEE AND MORE",2023_TEOS_XML_01A,"2023_TEOS_XML_01A/202330229349300208_public.xml"
911524163,"DOG PATCH GROUP",2023_TEOS_XML_01A,"2023_TEOS_XML_01A/202330239349100303_public.xml"
840917156,"ANDERSON &amp; WHITNEY PC",2023_TEOS_XML_01A,"2023_TEOS_XML_01A/202330239349100518_public.xml"
834305872,"HD ROSETH &amp; ASSOCIATES LTD",2023_TEOS_XML_01A,"2023_TEOS_XML_01A/202330239349100713_public.xml"
592620060,"AL &amp; NANCY BURNETT CHARITABLE",2023_TEOS_XML_01A,"2023_TEOS_XML_01A/202330239349100703_public.xml"
814717076,"ARGOS FAMILY OFFICELLC",2023_TEOS_XML_01A,"2023_TEOS_XML_01A/202330239349100903_public.xml"
202361588,"TERRY KLEIN CPA PLLC",2023_TEOS_XML_01A,"2023_TEOS_XML_01A/202330239349200548_public.xml"
474571080,"Charles J DiMatteo JrCPA",2023_TEOS_XML_01A,"2023_TEOS_XML_01A/202330239349200813_public.xml"
416029311,"SHERRY B GUNELSON LTD",2023_TEOS_XML_01A,"2023_TEOS_XML_01A/202330239349200923_public.xml"
273543591,"CREEDLE JONES &amp; ASSOCIATES PC",2023_TEOS_XML_01A,"2023_TEOS_XML_01A/202330239349201038_public.xml"
822985086,"Robert P Davis CPA PC",2023_TEOS_XML_01A,"2023_TEOS_XML_01A/202330239349201463_public.xml"
863676539,"LOUISIANA NURSING EDUCATION AID",2023_TEOS_XML_01A,"2023_TEOS_XML_01A/202330239349201453_public.xml"
873770024,"H&amp;H Tax and Business Advisors LLC",2023_TEOS_XML_01A,"2023_TEOS_XML_01A/202330239349201473_public.xml"
640444793,"WILLIAMS PITTS &amp; BEARD PLLC",2023_TEOS_XML_01A,"2023_TEOS_XML_01A/202330239349201503_public.xml"
911395966,"American Tax Consultants LLC",2023_TEOS_XML_01A,"2023_TEOS_XML_01A/202340239349200234_public.xml"
756664298,"KPMG LLP",2023_TEOS_XML_01A,"2023_TEOS_XML_01A/202330239349300008_public.xml"
030318724,"J A Goldsbury PC",2023_TEOS_XML_01A,"2023_TEOS_XML_01A/202330239349300333_public.xml"
455477218,"SALTI &amp; ASSOCIATES LLC",2023_TEOS_XML_01A,"2023_TEOS_XML_01A/202330239349300448_public.xml"
710738938,"PRZ CPAS &amp; ADVISORS",2023_TEOS_XML_01A,"2023_TEOS_XML_01A/202330239349300608_public.xml"
203837778,"WISE &amp; CO LLP",2023_TEOS_XML_01A,"2023_TEOS_XML_01A/202330239349300628_public.xml"
221439904,"CONDON O'MEARA MCGINTY &amp; DONNELLY LLP",2023_TEOS_XML_01A,"2023_TEOS_XML_01A/202330239349301318_public.xml"
861270540,"MV Tax Solutions (MVTAXORG)",2023_TEOS_XML_01A,"2023_TEOS_XML_01A/202330239349301573_public.xml"
311361779,"PLANTE &amp; MORAN PLLC",2023_TEOS_XML_01A,"2023_TEOS_XML_01A/202330239349301533_public.xml"
030380921,"AAFCPAS INC",2023_TEOS_XML_01A,"2023_TEOS_XML_01A/202330239349301758_public.xml"
464692896,"CASEY PETERSON LTD",2023_TEOS_XML_01A,"2023_TEOS_XML_01A/202330239349302103_public.xml"
872976578,"Pellegrino &amp; McFarland PA",2023_TEOS_XML_01A,"2023_TEOS_XML_01A/202330249349100203_public.xml"
550877549,"CERRITOS ACCOUNTANCY CORPORATION",2023_TEOS_XML_01A,"2023_TEOS_XML_01A/202330249349100213_public.xml"
811571243,"MACALPINE CARLL &amp; CO LLC",2023_TEOS_XML_01A,"2023_TEOS_XML_01A/202330249349100403_public.xml"
873357042,"ERNST &amp; YOUNG US LLP",2023_TEOS_XML_01A,"2023_TEOS_XML_01A/202330249349100303_public.xml"
486115269,"Mikoleit Inc",2023_TEOS_XML_01A,"2023_TEOS_XML_01A/202330249349200043_public.xml"
300958689,"Bailey Tax &amp; Accounting Inc",2023_TEOS_XML_01A,"2023_TEOS_XML_01A/202330249349200208_public.xml"
452978712,"LUNG AND HEART TRANSPLANT FOUNDATION",2023_TEOS_XML_01A,"2023_TEOS_XML_01A/202330249349200103_public.xml"
261408487,"ACCOUNTING SERVICES OF FLORIDA INC",2023_TEOS_XML_01A,"2023_TEOS_XML_01A/202330249349200313_public.xml"
240809399,"GREEK RESOURCE SERVICES LLC",2023_TEOS_XML_01A,"2023_TEOS_XML_01A/202330249349200343_public.xml"
204332366,"Zaroczynski and Associates",2023_TEOS_XML_01A,"2023_TEOS_XML_01A/202330249349200638_public.xml"
954287390,"YBARRA &amp; ASSOCIATES",2023_TEOS_XML_01A,"2023_TEOS_XML_01A/202330249349200703_public.xml"
391461362,"SHAFER FINANCIAL SERVICES SC",2023_TEOS_XML_01A,"2023_TEOS_XML_01A/202330249349200813_public.xml"
824675445,"PROTECT THE CHILDREN",2023_TEOS_XML_01A,"2023_TEOS_XML_01A/202330249349200923_public.xml"
832867504,"M&amp;J Tax Services Inc",2023_TEOS_XML_01A,"2023_TEOS_XML_01A/202330249349201018_public.xml"
680157685,"STACK &amp; JAGIELLO LLP",2023_TEOS_XML_01A,"2023_TEOS_XML_01A/202330249349201203_public.xml"
201683139,"HAMBLIN AND ASSOCIATES LLC",2023_TEOS_XML_01A,"2023_TEOS_XML_01A/202330249349300003_public.xml"
310908694,"PEACHIN SCHWARTZ AND WEINGARDT PC",2023_TEOS_XML_01A,"2023_TEOS_XML_01A/202330249349300703_public.xml"
383847754,"HENRY &amp; COMPANY INC",2023_TEOS_XML_01A,"2023_TEOS_XML_01A/202330249349300813_public.xml"
980341969,"WithumSmithBrown PC",2023_TEOS_XML_01A,"2023_TEOS_XML_01A/202330249349300908_public.xml"
463537714,"David M Reynolds CPA PC",2023_TEOS_XML_01A,"2023_TEOS_XML_01A/202330249349301113_public.xml"
237163967,"Monteith &amp; Sexe CPAs PC",2023_TEOS_XML_01A,"2023_TEOS_XML_01A/202330249349301533_public.xml"
240771163,"Kirk Summa &amp; Co LLP",2023_TEOS_XML_01A,"2023_TEOS_XML_01A/202330249349301558_public.xml"
510521886,"JEBRAN &amp; ABRAHAM PC",2023_TEOS_XML_01A,"2023_TEOS_XML_01A/202330259349100008_public.xml"
874775838,"Peter H Martinsen CPA LLC",2023_TEOS_XML_01A,"2023_TEOS_XML_01A/202330259349100408_public.xml"
852106782,"FRIEDMAN &amp; HUEY ASSOC LLP",2023_TEOS_XML_01A,"2023_TEOS_XML_01A/202330259349100508_public.xml"
832598355,"Neelys Accounting Services Inc-NR",2023_TEOS_XML_01A,"2023_TEOS_XML_01A/202330259349200008_public.xml"
941728612,"LARRY L SNYDER EA",2023_TEOS_XML_01A,"2023_TEOS_XML_01A/202330259349200133_public.xml"
201291925,"GARELIK &amp; EPSTEIN PC",2023_TEOS_XML_01A,"2023_TEOS_XML_01A/202330259349200208_public.xml"
237161352,"ROSEN &amp; UNDERDOWN CPAS PLC",2023_TEOS_XML_01A,"2023_TEOS_XML_01A/202330259349200223_public.xml"
311804919,"BDO USA LLP",2023_TEOS_XML_01A,"2023_TEOS_XML_01A/202330259349200218_public.xml"
200128225,"CORNWELL JACKSON PLLC",2023_TEOS_XML_01A,"2023_TEOS_XML_01A/202330259349200308_public.xml"
853963899,"AMERICAN TAX &amp; ACCOUNTING",2023_TEOS_XML_01A,"2023_TEOS_XML_01A/202330259349200713_public.xml"
301161930,"RCI INC",2023_TEOS_XML_01A,"2023_TEOS_XML_01A/202330259349200743_public.xml"
621753576,"ELLIOTT DAVIS LLCPLLC",2023_TEOS_XML_01A,"2023_TEOS_XML_01A/202330259349200823_public.xml"
061045553,"KAREN B STRONK CPA LLC",2023_TEOS_XML_01A,"2023_TEOS_XML_01A/202330259349200918_public.xml"
366110213,"INFOCUS PAYROLL",2023_TEOS_XML_01A,"2023_TEOS_XML_01A/202330259349201018_public.xml"
411462655,"Jamie J Standinger CPA PC",2023_TEOS_XML_01A,"2023_TEOS_XML_01A/202330259349201203_public.xml"
946102259,"KENNETH FRANK ACCOUNTANCY APC",2023_TEOS_XML_01A,"2023_TEOS_XML_01A/202330259349201103_public.xml"
452794224,"Sutton Frost Cary LLP",2023_TEOS_XML_01A,"2023_TEOS_XML_01A/202330259349300618_public.xml"
910226463,"HANSEN &amp; COGAR PLLC",2023_TEOS_XML_01A,"2023_TEOS_XML_01A/202330259349301208_public.xml"
631239585,"RUSSELL &amp; COMPANY LLC",2023_TEOS_XML_01A,"2023_TEOS_XML_01A/202330259349301218_public.xml"
270212577,"Balanced Accounting &amp; Tax Consultin",2023_TEOS_XML_01A,"2023_TEOS_XML_01A/202330259349301428_public.xml"
454615711,"PALMER &amp; CO PA",2023_TEOS_XML_01A,"2023_TEOS_XML_01A/202330259349301503_public.xml"
825380671,"JARRARD NOWELL &amp; RUSSELL LLC",2023_TEOS_XML_01A,"2023_TEOS_XML_01A/202330269349100703_public.xml"
020376820,"CAREW &amp; WELLS PLLC",2023_TEOS_XML_01A,"2023_TEOS_XML_01A/202330269349200203_public.xml"
473628536,"CHRISTOPHER R LAMBERT &amp; ASSOCIATES",2023_TEOS_XML_01A,"2023_TEOS_XML_01A/202330269349200218_public.xml"
475090696,"TAMMY VASILATOS CPA LLC",2023_TEOS_XML_01A,"2023_TEOS_XML_01A/202330269349200613_public.xml"
300002909,"THOUSAND CPA LLC",2023_TEOS_XML_01A,"2023_TEOS_XML_01A/202330269349200643_public.xml"
166051071,"COMMUNICATION WORKERS OF AMERICA",2023_TEOS_XML_01A,"2023_TEOS_XML_01A/202330269349200708_public.xml"
430677853,"LEGACY PROFESSIONALS LLP",2023_TEOS_XML_01A,"2023_TEOS_XML_01A/202330269349201213_public.xml"
811225385,"Schultz &amp; Associates PS",2023_TEOS_XML_01A,"2023_TEOS_XML_01A/202330269349201453_public.xml"
381334618,"BOYCE &amp; IRLAND CPA'S PC",2023_TEOS_XML_01A,"2023_TEOS_XML_01A/202330269349300313_public.xml"
232080805,"LEID LORAH &amp; COMPANY PC",2023_TEOS_XML_01A,"2023_TEOS_XML_01A/202330269349300338_public.xml"
222939768,"LEONE MCDONNELL &amp; ROBERTS PA",2023_TEOS_XML_01A,"2023_TEOS_XML_01A/202330269349300403_public.xml"
350413365,"CRACE CPA LLC",2023_TEOS_XML_01A,"2023_TEOS_XML_01A/202330269349300528_public.xml"
113681448,"Rosetree &amp; Company Ltd",2023_TEOS_XML_01A,"2023_TEOS_XML_01A/202330269349300818_public.xml"
361263958,"LEGACY PROFESSIONALS LLP",2023_TEOS_XML_01A,"2023_TEOS_XML_01A/202330269349300803_public.xml"
471205950,"Guy Johnson &amp; Rayburn PC",2023_TEOS_XML_01A,"2023_TEOS_XML_01A/202330269349301118_public.xml"
410328850,"KRAHMER SHAFFER &amp; EDMUNDSON LTD",2023_TEOS_XML_01A,"2023_TEOS_XML_01A/202330269349301343_public.xml"
833359293,"ERNST &amp; YOUNG US LLP",2023_TEOS_XML_01A,"2023_TEOS_XML_01A/202340109349100004_public.xml"
815025311,"ACHIEVEMENT SQUARE DEVELOPMENT &amp; TRAINING CENTERS INC",2023_TEOS_XML_01A,"2023_TEOS_XML_01A/202340109349200074_public.xml"
621595030,"EAST TENNESSEE ENTERPRISE PARTNERSHIP INC",2023_TEOS_XML_01A,"2023_TEOS_XML_01A/202340109349200084_public.xml"
873744832,"The Tzfat Foundation",2023_TEOS_XML_01A,"2023_TEOS_XML_01A/202340109349200549_public.xml"
822045463,"RAISE THE SAIL FOUNDATION",2023_TEOS_XML_01A,"2023_TEOS_XML_01A/202340109349201004_public.xml"
431114363,"Custos LLC",2023_TEOS_XML_01A,"2023_TEOS_XML_01A/202340109349300314_public.xml"
362808346,"IMAGINATION THEATRE INC",2023_TEOS_XML_01A,"2023_TEOS_XML_01A/202340109349300319_public.xml"
752462834,"ERNST &amp; YOUNG US LLP",2023_TEOS_XML_01A,"2023_TEOS_XML_01A/202340109349300279_public.xml"
367190603,"S&amp;G ACCOUNTING SERVICE INC",2023_TEOS_XML_01A,"2023_TEOS_XML_01A/202340129349100014_public.xml"
981125300,"HANCOCK ASKEW &amp; CO LLP",2023_TEOS_XML_01A,"2023_TEOS_XML_01A/202340129349100104_public.xml"
650734395,"NANCY C SMITH CPA PA",2023_TEOS_XML_01A,"2023_TEOS_XML_01A/202340129349100109_public.xml"
311778943,"PORZIO BROMBERG &amp; NEWMAN PC",2023_TEOS_XML_01A,"2023_TEOS_XML_01A/202340129349100124_public.xml"
541726783,"HARRIS HARVEY NEAL &amp; COLLPCPA'S",2023_TEOS_XML_01A,"2023_TEOS_XML_01A/202340129349100159_public.xml"
710890637,"NEAL BRADSHER &amp; TAYLOR PA",2023_TEOS_XML_01A,"2023_TEOS_XML_01A/202340129349100164_public.xml"
873632877,"Edgar Law Group LLP",2023_TEOS_XML_01A,"2023_TEOS_XML_01A/202340129349100189_public.xml"
473032905,"SOREL INTERNATIONAL PRACTICE",2023_TEOS_XML_01A,"2023_TEOS_XML_01A/202340129349100179_public.xml"
237417555,"WIPFLI LLP",2023_TEOS_XML_01A,"2023_TEOS_XML_01A/202340129349100234_public.xml"
873830915,"LISA GASPERO ATTORNEY AT LAW",2023_TEOS_XML_01A,"2023_TEOS_XML_01A/202340129349100319_public.xml"
383022006,"NIETZKE &amp; FAUPEL PC",2023_TEOS_XML_01A,"2023_TEOS_XML_01A/202340129349100709_public.xml"
311775386,"JESSUP &amp; ASSOCIATES PA",2023_TEOS_XML_01A,"2023_TEOS_XML_01A/202340129349100759_public.xml"
133550057,"LIVINGSTON &amp; HAYNES PC",2023_TEOS_XML_01A,"2023_TEOS_XML_01A/202340129349100954_public.xml"
364915079,"EBS Consulting Inc",2023_TEOS_XML_01A,"2023_TEOS_XML_01A/202340129349101119_public.xml"
134090990,"ANTAX CONSULTING CORPORATION",2023_TEOS_XML_01A,"2023_TEOS_XML_01A/202340129349101264_public.xml"
943150642,"ACCOUNTING ASSOCIATE CPA PC",2023_TEOS_XML_01A,"2023_TEOS_XML_01A/202340129349200044_public.xml"
362852573,"ELLIS &amp; ELLIS PLLC",2023_TEOS_XML_01A,"2023_TEOS_XML_01A/202340129349200239_public.xml"
592800929,"SMOCK &amp; ZINK CPA'S PA",2023_TEOS_XML_01A,"2023_TEOS_XML_01A/202340129349200249_public.xml"
346532636,"TAX &amp; ACCOUNTING SOLUTIONS INC",2023_TEOS_XML_01A,"2023_TEOS_XML_01A/202340129349200429_public.xml"
942222024,"LAW OFFICES OF NATALYA ATTESTATOVA CPA",2023_TEOS_XML_01A,"2023_TEOS_XML_01A/202340129349200909_public.xml"
455189289,"RSM US LLP",2023_TEOS_XML_01A,"2023_TEOS_XML_01A/202340129349200944_public.xml"
455119689,"RICHARD A CLAPSADDLE CPA PC",2023_TEOS_XML_01A,"2023_TEOS_XML_01A/202340129349201124_public.xml"
911550449,"BRUCE P FREDERICK CPA PC",2023_TEOS_XML_01A,"2023_TEOS_XML_01A/202340129349201174_public.xml"
546004125,"SOCIETY OF VIRGINIA CREEPERS",2023_TEOS_XML_01A,"2023_TEOS_XML_01A/202340129349201239_public.xml"
812086998,"CALOLBON CIVIC ASSOCIATION USA",2023_TEOS_XML_01A,"2023_TEOS_XML_01A/202340129349201254_public.xml"
133500476,"Block Advisors",2023_TEOS_XML_01A,"2023_TEOS_XML_01A/202340129349201414_public.xml"
852007063,"Daves Accounting and Tax Service",2023_TEOS_XML_01A,"2023_TEOS_XML_01A/202340129349201429_public.xml"
263713089,"Regier Cox and Associates PLLC",2023_TEOS_XML_01A,"2023_TEOS_XML_01A/202340129349302534_public.xml"
453728483,"THE DETROIT ACTORS THEATRE COMPANY",2023_TEOS_XML_01A,"2023_TEOS_XML_01A/202340129349201619_public.xml"
824962702,"Ernest Skiadas CPA PC",2023_TEOS_XML_01A,"2023_TEOS_XML_01A/202340129349201714_public.xml"
203621396,"MTA ACCOUNTING PA",2023_TEOS_XML_01A,"2023_TEOS_XML_01A/202340129349201839_public.xml"
861949202,"Robert C Sembly",2023_TEOS_XML_01A,"2023_TEOS_XML_01A/202340129349201879_public.xml"
770050060,"HOWARD HUDSON &amp; CO CPA",2023_TEOS_XML_01A,"2023_TEOS_XML_01A/202340129349201889_public.xml"
383811657,"SH HOSHOR CPA",2023_TEOS_XML_01A,"2023_TEOS_XML_01A/202340129349201899_public.xml"
273293136,"TIDEWATER BASKETBALL OFFICIALS ASSOCIATION INC",2023_TEOS_XML_01A,"2023_TEOS_XML_01A/202340129349202304_public.xml"
203420728,"RICHARD S PICCOLA CPA",2023_TEOS_XML_01A,"2023_TEOS_XML_01A/202340129349202324_public.xml"
820579218,"DAVID TURRENTINE &amp; ASSOCIATES INC",2023_TEOS_XML_01A,"2023_TEOS_XML_01A/202340129349202329_public.xml"
465627808,"HRB TAX GROUP INC",2023_TEOS_XML_01A,"2023_TEOS_XML_01A/202340129349202434_public.xml"
451273172,"JOSEPH W SIEPKA CPA",2023_TEOS_XML_01A,"2023_TEOS_XML_01A/202340129349202524_public.xml"
431314931,"Favazza &amp; Associates LLC CPAs",2023_TEOS_XML_01A,"2023_TEOS_XML_01A/202340129349202579_public.xml"
853205474,"Diamond Tax &amp; Financial Inc",2023_TEOS_XML_01A,"2023_TEOS_XML_01A/202340129349202904_public.xml"
203483047,"HUTH THOMPSON LLP",2023_TEOS_XML_01A,"2023_TEOS_XML_01A/202340129349300009_public.xml"
521816635,"SIMON &amp; DEITZ LLC CPAS",2023_TEOS_XML_01A,"2023_TEOS_XML_01A/202340129349300104_public.xml"
660519279,"GALINDEZ LLC",2023_TEOS_XML_01A,"2023_TEOS_XML_01A/202340129349300114_public.xml"
470793135,"SCHUMACHER SMEJKAL &amp; ELM PC",2023_TEOS_XML_01A,"2023_TEOS_XML_01A/202340129349300139_public.xml"
010575727,"T Benus Associates LLC",2023_TEOS_XML_01A,"2023_TEOS_XML_01A/202340129349300204_public.xml"
941593084,"JAMES W TOFT &amp; ASSOCIATES INC",2023_TEOS_XML_01A,"2023_TEOS_XML_01A/202340129349300424_public.xml"
901132308,"JAMES A LUCAS AND COMPANY LLP",2023_TEOS_XML_01A,"2023_TEOS_XML_01A/202340129349300544_public.xml"
841975759,"WEBER CPA",2023_TEOS_XML_01A,"2023_TEOS_XML_01A/202340129349300629_public.xml"
341218346,"WARNER &amp; WARNER CPA'S INC",2023_TEOS_XML_01A,"2023_TEOS_XML_01A/202340129349300814_public.xml"
042992252,"ROLAND P LAMBALOT PC",2023_TEOS_XML_01A,"2023_TEOS_XML_01A/202340129349300824_public.xml"
207060696,"BENDA GRACE STULZ &amp; COMPANY PC",2023_TEOS_XML_01A,"2023_TEOS_XML_01A/202340129349300899_public.xml"
851450928,"PROSPECTIVE BUSINESS SOLUTIONS LLC",2023_TEOS_XML_01A,"2023_TEOS_XML_01A/202340129349301109_public.xml"
831484745,"SOARES SANDALL BERNACCHI PETROVICH",2023_TEOS_XML_01A,"2023_TEOS_XML_01A/202340129349301549_public.xml"
475643679,"CALIBRE CPA GROUP PLLC",2023_TEOS_XML_01A,"2023_TEOS_XML_01A/202340129349301614_public.xml"
980046988,"DELOITTE &amp; TOUCHE LLP",2023_TEOS_XML_01A,"2023_TEOS_XML_01A/202340129349301709_public.xml"
386112533,"GJC CPA'S &amp; ADVISORS",2023_TEOS_XML_01A,"2023_TEOS_XML_01A/202340129349301704_public.xml"
593155126,"FARMAND FARMAND &amp; FARMAND LLP",2023_TEOS_XML_01A,"2023_TEOS_XML_01A/202340129349301744_public.xml"
436036063,"ANDERS MINKLER HUBER &amp; HELM LLP",2023_TEOS_XML_01A,"2023_TEOS_XML_01A/202340129349301849_public.xml"
420888028,"OTTO LAW OFFICE PLLC",2023_TEOS_XML_01A,"2023_TEOS_XML_01A/202340129349302539_public.xml"
814212207,"RUDLER PSC",2023_TEOS_XML_01A,"2023_TEOS_XML_01A/202340129349302734_public.xml"
843166338,"For Purpose Law Group",2023_TEOS_XML_01A,"2023_TEOS_XML_01A/202340129349302849_public.xml"
237415501,"Leo Riley &amp; Co CPA's",2023_TEOS_XML_01A,"2023_TEOS_XML_01A/202340129349302874_public.xml"
752217559,"Sutton Frost Cary LLP",2023_TEOS_XML_01A,"2023_TEOS_XML_01A/202340129349303069_public.xml"
746067849,"CB&amp;C CPA PC",2023_TEOS_XML_01A,"2023_TEOS_XML_01A/202340129349303579_public.xml"
450569375,"BAMBO SONAIKE CPA LLC",2023_TEOS_XML_01A,"2023_TEOS_XML_01A/202340129349304049_public.xml"
741690314,"Griffin Group CPA PA",2023_TEOS_XML_01A,"2023_TEOS_XML_01A/202340129349303919_public.xml"
626051024,"WATKINS UIBERALL PLLC",2023_TEOS_XML_01A,"2023_TEOS_XML_01A/202340139349100409_public.xml"
824950630,"THE ARCANISTS",2023_TEOS_XML_01A,"2023_TEOS_XML_01A/202340139349200004_public.xml"
237361726,"HRB TAX GROUP INC",2023_TEOS_XML_01A,"2023_TEOS_XML_01A/202340139349200239_public.xml"
853382497,"Hinkle &amp; Company PC",2023_TEOS_XML_01A,"2023_TEOS_XML_01A/202340139349301519_public.xml"
850372421,"Chacon Accounting &amp; Tax SVC Inc",2023_TEOS_XML_01A,"2023_TEOS_XML_01A/202340139349200624_public.xml"
550751494,"KOZICKI HUGHES TICKERHOOF PLLC",2023_TEOS_XML_01A,"2023_TEOS_XML_01A/202340139349200829_public.xml"
391914583,"BAHR &amp; KILSDONK SC",2023_TEOS_XML_01A,"2023_TEOS_XML_01A/202340139349201619_public.xml"
911826439,"MISSIONS TO MEXICO",2023_TEOS_XML_01A,"2023_TEOS_XML_01A/202340139349201624_public.xml"
270134585,"BEACHFLEISCHMAN PLLC",2023_TEOS_XML_01A,"2023_TEOS_XML_01A/202340139349300524_public.xml"
910833796,"SQUIRES MADDUX &amp; COMPANY PLLC",2023_TEOS_XML_01A,"2023_TEOS_XML_01A/202340139349301214_public.xml"
593003778,"FPT SERVICES CPA",2023_TEOS_XML_01A,"2023_TEOS_XML_01A/202340139349301659_public.xml"
640948039,"MATTHEWS CUTRER &amp; LINDSAY PA",2023_TEOS_XML_01A,"2023_TEOS_XML_01A/202340139349301714_public.xml"
562414491,"The Pasarya center for arts and Humanity pasarya museumof art",2023_TEOS_XML_01A,"2023_TEOS_XML_01A/202340149349100704_public.xml"
272196105,"Alabama Lacrosse Officials Association",2023_TEOS_XML_01A,"2023_TEOS_XML_01A/202340149349200204_public.xml"
510183272,"KEYS ACCOUNTING &amp; TAX SERVICE INC",2023_TEOS_XML_01A,"2023_TEOS_XML_01A/202340149349200209_public.xml"
020778163,"THE APPIAN SOCIETY INC",2023_TEOS_XML_01A,"2023_TEOS_XML_01A/202340149349200504_public.xml"
813119166,"HOMELESS HOUNDS ANIMAL RESCUE",2023_TEOS_XML_01A,"2023_TEOS_XML_01A/202340149349200609_public.xml"
470602985,"BUCKLEY &amp; SITZMAN LLP",2023_TEOS_XML_01A,"2023_TEOS_XML_01A/202340149349300309_public.xml"
263178790,"BERGEY &amp; COMPANY PA",2023_TEOS_XML_01A,"2023_TEOS_XML_01A/202340159349300504_public.xml"
364105004,"OSTROW REISIN BERK &amp; ABRAMS LTD",2023_TEOS_XML_01A,"2023_TEOS_XML_01A/202340169349100209_public.xml"
237008867,"MAZARS USA LLP",2023_TEOS_XML_01A,"2023_TEOS_XML_01A/202340169349100509_public.xml"
874036038,"GORFINE SCHILLER &amp; GARDYN PA",2023_TEOS_XML_01A,"2023_TEOS_XML_01A/202340169349100704_public.xml"
942988629,"ERNST &amp; YOUNG US LLP",2023_TEOS_XML_01A,"2023_TEOS_XML_01A/202340169349100714_public.xml"
843408386,"DALE C ISABELL CPA",2023_TEOS_XML_01A,"2023_TEOS_XML_01A/202340169349200109_public.xml"
237125392,"Shakopee Education Association",2023_TEOS_XML_01A,"2023_TEOS_XML_01A/202340169349200404_public.xml"
352342707,"BEAN HUNT HARRIS &amp; COMPANY",2023_TEOS_XML_01A,"2023_TEOS_XML_01A/202340169349200544_public.xml"
263107920,"TASSY MULTI SERVICES",2023_TEOS_XML_01A,"2023_TEOS_XML_01A/202340169349200739_public.xml"
275137135,"MULDER FITCH WEAVER LLC",2023_TEOS_XML_01A,"2023_TEOS_XML_01A/202340169349200909_public.xml"
462109156,"Bernicker Eiger &amp; Lang CPA LLC",2023_TEOS_XML_01A,"2023_TEOS_XML_01A/202340169349201224_public.xml"
440442280,"OLSEN THIELEN &amp; CO LTD",2023_TEOS_XML_01A,"2023_TEOS_XML_01A/202340169349300119_public.xml"
900443098,"CPA ADVANTAGE",2023_TEOS_XML_01A,"2023_TEOS_XML_01A/202340169349300129_public.xml"
431155204,"JC Financial Services and Tax Prep",2023_TEOS_XML_01A,"2023_TEOS_XML_01A/202340169349300409_public.xml"
831997726,"Marsh Espey &amp; Merrill PC",2023_TEOS_XML_01A,"2023_TEOS_XML_01A/202340169349300724_public.xml"
364341864,"CALIBRE CPA GROUP PLLC",2023_TEOS_XML_01A,"2023_TEOS_XML_01A/202340169349300749_public.xml"
813878157,"The Honeycutt Group CPA PC",2023_TEOS_XML_01A,"2023_TEOS_XML_01A/202340169349301229_public.xml"
570660103,"Michael E Fortune CPA",2023_TEOS_XML_01A,"2023_TEOS_XML_01A/202340169349301459_public.xml"
436032800,"Mary L DAgostino LLC",2023_TEOS_XML_01A,"2023_TEOS_XML_01A/202340179349200134_public.xml"
263583773,"LBF GROUP PLLC",2023_TEOS_XML_01A,"2023_TEOS_XML_01A/202340179349200149_public.xml"
753223909,"AMATEUR ATHLETIC UNION OF THE UNITED STATES",2023_TEOS_XML_01A,"2023_TEOS_XML_01A/202340179349200214_public.xml"
264691609,"PETROPHASE CORPORATION",2023_TEOS_XML_01A,"2023_TEOS_XML_01A/202340179349200309_public.xml"
831823333,"Village Tax Accounting SolutionsLLC",2023_TEOS_XML_01A,"2023_TEOS_XML_01A/202340179349200344_public.xml"
113744202,"DONNA SAMSON-SPRAKE CPA",2023_TEOS_XML_01A,"2023_TEOS_XML_01A/202340179349200349_public.xml"
943475924,"Phinney's Friends Inc",2023_TEOS_XML_01A,"2023_TEOS_XML_01A/202340179349200439_public.xml"
813931169,"Fontanello Duffield &amp; Otake LLP",2023_TEOS_XML_01A,"2023_TEOS_XML_01A/202340179349200549_public.xml"
832870471,"BLESSING BIKE",2023_TEOS_XML_01A,"2023_TEOS_XML_01A/202340179349200719_public.xml"
475402865,"HIGH DESERT COMMUNITY OUTREACH INC",2023_TEOS_XML_01A,"2023_TEOS_XML_01A/202340179349200749_public.xml"
953679419,"OLD MISSION GRAMMER SCHOOL PARENTS CLUB",2023_TEOS_XML_01A,"2023_TEOS_XML_01A/202340179349200834_public.xml"
382851909,"KRUGGEL LAWTON &amp; COMPANY LLC",2023_TEOS_XML_01A,"2023_TEOS_XML_01A/202340179349201079_public.xml"
561941713,"CARTER P C",2023_TEOS_XML_01A,"2023_TEOS_XML_01A/202340179349201154_public.xml"
863984281,"POLTAX LLC",2023_TEOS_XML_01A,"2023_TEOS_XML_01A/202340179349201314_public.xml"
844220570,"ATCHLEY &amp; ASSOCIATES LLP",2023_TEOS_XML_01A,"2023_TEOS_XML_01A/202340179349201604_public.xml"
462497976,"STAHLBERG MANUEL &amp; ASSOCIATES PC",2023_TEOS_XML_01A,"2023_TEOS_XML_01A/202340179349300134_public.xml"
813878573,"RUSHTON LLC",2023_TEOS_XML_01A,"2023_TEOS_XML_01A/202340179349300224_public.xml"
200456334,"BINATIONAL INDEPENDENT FILM FESTIVAL",2023_TEOS_XML_01A,"2023_TEOS_XML_01A/202340179349300304_public.xml"
133616191,"MARCUM LLP",2023_TEOS_XML_01A,"2023_TEOS_XML_01A/202340179349301309_public.xml"
862055661,"SERVATIUS O'BRIEN &amp; FONG LLP",2023_TEOS_XML_01A,"2023_TEOS_XML_01A/202340179349301489_public.xml"
731706204,"RAJ R BRAHMBHATT CPA",2023_TEOS_XML_01A,"2023_TEOS_XML_01A/202340179349301604_public.xml"
550724084,"Carte &amp; Associates PLLC",2023_TEOS_XML_01A,"2023_TEOS_XML_01A/202340179349301759_public.xml"
582631695,"1SOURCE PARTNERS",2023_TEOS_XML_01A,"2023_TEOS_XML_01A/202340189349100114_public.xml"
814543679,"AURATUNING EDUCATIONAL SERVICES",2023_TEOS_XML_01A,"2023_TEOS_XML_01A/202340189349100004_public.xml"
364304586,"BINNS CHARITABLE FUND INC",2023_TEOS_XML_01A,"2023_TEOS_XML_01A/202340189349100404_public.xml"
946765266,"HERBOLSHEIMER FAM FOUNDATION TR",2023_TEOS_XML_01A,"2023_TEOS_XML_01A/202340189349100504_public.xml"
823397344,"LIFE ENRICHMENT AWARENESS AND DIRECTION",2023_TEOS_XML_01A,"2023_TEOS_XML_01A/202340189349200809_public.xml"
812829516,"ARCARA LENDA EUSANIO &amp; STACEY CPA'S PC",2023_TEOS_XML_01A,"2023_TEOS_XML_01A/202340189349200504_public.xml"
411764945,"HAWKINS ASH CPAS LLP",2023_TEOS_XML_01A,"2023_TEOS_XML_01A/202340189349200529_public.xml"
841927853,"OUR ANGELS",2023_TEOS_XML_01A,"2023_TEOS_XML_01A/202340189349201104_public.xml"
463637605,"UNITED SECURITY FORCES OF AMERICA INTERNATIONAL UNION",2023_TEOS_XML_01A,"2023_TEOS_XML_01A/202340189349201114_public.xml"
141737657,"Norreen V Opper CPA",2023_TEOS_XML_01A,"2023_TEOS_XML_01A/202340189349201109_public.xml"
421560035,"NOVAK FRANCELLA LLC",2023_TEOS_XML_01A,"2023_TEOS_XML_01A/202340189349300004_public.xml"
660516904,"CENTRO DEL TRIUNFO INC",2023_TEOS_XML_01A,"2023_TEOS_XML_01A/202340189349300129_public.xml"
592289997,"PURVIS GRAY &amp; COMPANY LLP",2023_TEOS_XML_01A,"2023_TEOS_XML_01A/202340189349300424_public.xml"
301199345,"JDS PROFESSIONAL GROUP",2023_TEOS_XML_01A,"2023_TEOS_XML_01A/202340189349300624_public.xml"
611359783,"WILLIAMS WILLIAMS &amp; LENTZ LLP",2023_TEOS_XML_01A,"2023_TEOS_XML_01A/202340199349100209_public.xml"
386938924,"WHITLEY PENN LLP",2023_TEOS_XML_01A,"2023_TEOS_XML_01A/202340199349100504_public.xml"
382680399,"FLEURY SINGLER &amp; CO PC",2023_TEOS_XML_01A,"2023_TEOS_XML_01A/202340199349200029_public.xml"
850433782,"HINKLE LANDERS PC",2023_TEOS_XML_01A,"2023_TEOS_XML_01A/202340199349200834_public.xml"
371360177,"ROMAN CATHOLIC FAITHFUL",2023_TEOS_XML_01A,"2023_TEOS_XML_01A/202340199349200909_public.xml"
260174430,"RICHARD BONILLA MBA",2023_TEOS_XML_01A,"2023_TEOS_XML_01A/202340199349300214_public.xml"
860823852,"Curosh Law Group PLLC",2023_TEOS_XML_01A,"2023_TEOS_XML_01A/202340199349300614_public.xml"
470762483,"EIDE BAILLY LLP",2023_TEOS_XML_01A,"2023_TEOS_XML_01A/202340209339300109_public.xml"
861688859,"Mazzucco &amp; Company CPAs",2023_TEOS_XML_01A,"2023_TEOS_XML_01A/202340209349100004_public.xml"
465490742,"Donohoo McCalley and Associates",2023_TEOS_XML_01A,"2023_TEOS_XML_01A/202340209349200139_public.xml"
237409024,"BROWN SMITH &amp; SETTLE LLC CPA'S",2023_TEOS_XML_01A,"2023_TEOS_XML_01A/202340209349200519_public.xml"
851925895,"Radford Tax",2023_TEOS_XML_01A,"2023_TEOS_XML_01A/202340209349200909_public.xml"
300963839,"FRIENDS OF THE WESTFORD DOG PARK",2023_TEOS_XML_01A,"2023_TEOS_XML_01A/202340209349200914_public.xml"
861793357,"DARNALL SIKES &amp; FREDERICK",2023_TEOS_XML_01A,"2023_TEOS_XML_01A/202340209349300104_public.xml"
465353130,"HANSEN HUNTER &amp; COMPANY PC",2023_TEOS_XML_01A,"2023_TEOS_XML_01A/202340209349300334_public.xml"
382463829,"LANGE &amp; ASSOCIATES PC",2023_TEOS_XML_01A,"2023_TEOS_XML_01A/202340209349300414_public.xml"
237281843,"Kho &amp; Patel",2023_TEOS_XML_01A,"2023_TEOS_XML_01A/202340219349300204_public.xml"
272111440,"MANN WEITZ &amp; ASSOCIATES LLC",2023_TEOS_XML_01A,"2023_TEOS_XML_01A/202340229349200404_public.xml"
986001153,"ERNST &amp; YOUNG LLP",2023_TEOS_XML_01A,"2023_TEOS_XML_01A/202340239339300119_public.xml"
833941127,"SACHS DIAZ &amp; DIAZ PL",2023_TEOS_XML_01A,"2023_TEOS_XML_01A/202340239349100404_public.xml"
920611524,"HENJES CONNER &amp; WILLIAMS PC",2023_TEOS_XML_01A,"2023_TEOS_XML_01A/202340239349200114_public.xml"
954827124,"GERRY ANDRADE &amp; ASSOCIATES INC",2023_TEOS_XML_01A,"2023_TEOS_XML_01A/202340239349200729_public.xml"
020777791,"MASTER GARDENER FOUNDATION OF BENTON-FRANKLIN COUNTY",2023_TEOS_XML_01A,"2023_TEOS_XML_01A/202340239349200704_public.xml"
521550834,"COOKE LAVENDER MASSEY &amp; COMPANY PC",2023_TEOS_XML_01A,"2023_TEOS_XML_01A/202340239349200834_public.xml"
260877938,"Cape Fear Tax &amp; Accounting Solutions LLC",2023_TEOS_XML_01A,"2023_TEOS_XML_01A/202340239349201014_public.xml"
346609008,"Peck &amp; Gambish CPAs",2023_TEOS_XML_01A,"2023_TEOS_XML_01A/202340239349201044_public.xml"
872484580,"KDK ACCOUNTANCY CORPORATION",2023_TEOS_XML_01A,"2023_TEOS_XML_01A/202340239349201464_public.xml"
465211440,"M &amp; J Tax Service Inc",2023_TEOS_XML_01A,"2023_TEOS_XML_01A/202340239349201614_public.xml"
824678259,"COHEN PAGANO ACCOUNTANCY INC",2023_TEOS_XML_01A,"2023_TEOS_XML_01A/202340239349201704_public.xml"
831856890,"MATHER &amp; CO CPAS LLC",2023_TEOS_XML_01A,"2023_TEOS_XML_01A/202340239349300004_public.xml"
452790071,"Churchill Rossi &amp; Co",2023_TEOS_XML_01A,"2023_TEOS_XML_01A/202340239349300119_public.xml"
350532834,"Harmonie Wealth Group Tax Ser",2023_TEOS_XML_01A,"2023_TEOS_XML_01A/202340239349300329_public.xml"
541848525,"KELEMEN &amp; STEPHENS PLLC",2023_TEOS_XML_01A,"2023_TEOS_XML_01A/202340239349300819_public.xml"
742416960,"WHITLEY PENN LLP",2023_TEOS_XML_01A,"2023_TEOS_XML_01A/202340239349300904_public.xml"
066149509,"Edward J Sodlosky CPA",2023_TEOS_XML_01A,"2023_TEOS_XML_01A/202340239349300949_public.xml"
420634964,"VAN MAANEN SIETSTRA MEYER &amp; NIKKEL PC",2023_TEOS_XML_01A,"2023_TEOS_XML_01A/202340239349301104_public.xml"
237253796,"NICHOLS &amp; COMPANY CPAS",2023_TEOS_XML_01A,"2023_TEOS_XML_01A/202340239349301114_public.xml"
273612496,"Wayne E Vinson CPA PS",2023_TEOS_XML_01A,"2023_TEOS_XML_01A/202340239349301504_public.xml"
810107440,"WESLER &amp; ASSOCIATES CPA PC",2023_TEOS_XML_01A,"2023_TEOS_XML_01A/202340239349301649_public.xml"
371035542,"ERNST &amp; YOUNG US LLP",2023_TEOS_XML_01A,"2023_TEOS_XML_01A/202340239349301714_public.xml"
251718608,"STENGER BIES &amp; COMPANY INC",2023_TEOS_XML_01A,"2023_TEOS_XML_01A/202340249349100009_public.xml"
813154402,"Andersen Tax LLC",2023_TEOS_XML_01A,"2023_TEOS_XML_01A/202340249349100709_public.xml"
651317627,"Goodson &amp; Taylor CPAs",2023_TEOS_XML_01A,"2023_TEOS_XML_01A/202340249349200019_public.xml"
880623579,"Blissfield Little League Inc aka Blissfield Area Little League",2023_TEOS_XML_01A,"2023_TEOS_XML_01A/202340249349200444_public.xml"
251046132,"UNITED STEELWORKERS",2023_TEOS_XML_01A,"2023_TEOS_XML_01A/202340249349200529_public.xml"
454643003,"CHRISTOPHER L FYFFE PC",2023_TEOS_XML_01A,"2023_TEOS_XML_01A/202340249349200704_public.xml"
814215209,"SNYDER &amp; CLEMENTE",2023_TEOS_XML_01A,"2023_TEOS_XML_01A/202340249349200819_public.xml"
208084982,"WIPFLI LLP",2023_TEOS_XML_01A,"2023_TEOS_XML_01A/202340249349200904_public.xml"
430862058,"UNDERWOOD &amp; ASSOCIATES PC",2023_TEOS_XML_01A,"2023_TEOS_XML_01A/202340249349200909_public.xml"
860831057,"Stevens Tax Service",2023_TEOS_XML_01A,"2023_TEOS_XML_01A/202340249349200924_public.xml"
454364112,"CBIZ MHM LLC",2023_TEOS_XML_01A,"2023_TEOS_XML_01A/202340249349201159_public.xml"
111957294,"HECHT AND ASSOCIATES LLP",2023_TEOS_XML_01A,"2023_TEOS_XML_01A/202340249349300329_public.xml"
811235374,"WAYNE GUERRINO CPA PA",2023_TEOS_XML_01A,"2023_TEOS_XML_01A/202340249349300624_public.xml"
631004009,"NEWMANS ACCOUNTING SERVICE",2023_TEOS_XML_01A,"2023_TEOS_XML_01A/202340249349300924_public.xml"
271067698,"SULLIVAN &amp; FENGLER",2023_TEOS_XML_01A,"2023_TEOS_XML_01A/202340249349300914_public.xml"
731678180,"THOMAS HOWELL FERGUSON PA",2023_TEOS_XML_01A,"2023_TEOS_XML_01A/202340249349301559_public.xml"
946163916,"SEILER LLP",2023_TEOS_XML_01A,"2023_TEOS_XML_01A/202340259349100209_public.xml"
201045482,"ERICA NELSON CPA LLC",2023_TEOS_XML_01A,"2023_TEOS_XML_01A/202340259349100304_public.xml"
956034851,"Pejsa &amp; Shepherd Acctcy Corp",2023_TEOS_XML_01A,"2023_TEOS_XML_01A/202340259349100609_public.xml"
204390643,"DEHAVEN FOUNDATION",2023_TEOS_XML_01A,"2023_TEOS_XML_01A/202340259349100414_public.xml"
851884757,"SUKHWA SONG CPA PC",2023_TEOS_XML_01A,"2023_TEOS_XML_01A/202340259349200009_public.xml"
844886089,"Club West Conservancy",2023_TEOS_XML_01A,"2023_TEOS_XML_01A/202340259349200019_public.xml"
364767058,"University Hills Neighborhood Association",2023_TEOS_XML_01A,"2023_TEOS_XML_01A/202340259349200304_public.xml"
341931851,"LASKEY COSTELLO LLC",2023_TEOS_XML_01A,"2023_TEOS_XML_01A/202340259349200329_public.xml"
436062773,"CANDACE P OMLID LLC",2023_TEOS_XML_01A,"2023_TEOS_XML_01A/202340259349200504_public.xml"
261666857,"DOWNEY PIECIAK FITZGERALD &amp; CO PC",2023_TEOS_XML_01A,"2023_TEOS_XML_01A/202340259349200704_public.xml"
440372189,"LEGACY PROFESSIONALS LLP",2023_TEOS_XML_01A,"2023_TEOS_XML_01A/202340259349200629_public.xml"
863470271,"James R Whitlow CPA LLC",2023_TEOS_XML_01A,"2023_TEOS_XML_01A/202340259349200709_public.xml"
710902568,"TUSTIN MEADOWS TINY TOTS PRESCHOOL INC",2023_TEOS_XML_01A,"2023_TEOS_XML_01A/202340259349200914_public.xml"
371588989,"CAMPBELL &amp; COMPANY CPAS PA",2023_TEOS_XML_01A,"2023_TEOS_XML_01A/202340259349200934_public.xml"
462410522,"HELLAM VARON &amp; CO INC PS",2023_TEOS_XML_01A,"2023_TEOS_XML_01A/202340259349300629_public.xml"
592824952,"SANDERS HOLLOWAY &amp; RYAN",2023_TEOS_XML_01A,"2023_TEOS_XML_01A/202340259349300729_public.xml"
720975164,"Tax Options Inc",2023_TEOS_XML_01A,"2023_TEOS_XML_01A/202340259349300834_public.xml"
270720524,"ELLIS LEE HOSTETTER &amp; CO PC",2023_TEOS_XML_01A,"2023_TEOS_XML_01A/202340259349300924_public.xml"
640756631,"McCUNE &amp; BELL CPA's PLLC",2023_TEOS_XML_01A,"2023_TEOS_XML_01A/202340259349300929_public.xml"
310913750,"Complete Accounting and Tax",2023_TEOS_XML_01A,"2023_TEOS_XML_01A/202340259349301019_public.xml"
660421420,"INSTITUTO PREVOCACIONAL E INDUSTRIAL DE PUERTO RICO",2023_TEOS_XML_01A,"2023_TEOS_XML_01A/202340259349301014_public.xml"
813045567,"LUCCHESI CPA FIRM PLLC",2023_TEOS_XML_01A,"2023_TEOS_XML_01A/202340259349301604_public.xml"
200824115,"DERIK TORRES CPA PC",2023_TEOS_XML_01A,"2023_TEOS_XML_01A/202340269349100109_public.xml"
311601499,"CHRISTMANN &amp; CO",2023_TEOS_XML_01A,"2023_TEOS_XML_01A/202340269349100704_public.xml"
882197890,"Hurst Accting Financial Svcs Inc",2023_TEOS_XML_01A,"2023_TEOS_XML_01A/202340269349200314_public.xml"
850712697,"CARROLL AND COMPANY CPAS",2023_TEOS_XML_01A,"2023_TEOS_XML_01A/202340269349200604_public.xml"
300870200,"IOTA PI CHAPTER OF THETA CHI FRATERNITY AT LSU",2023_TEOS_XML_01A,"2023_TEOS_XML_01A/202340269349200709_public.xml"
301199432,"Engelbert Tax Services",2023_TEOS_XML_01A,"2023_TEOS_XML_01A/202340269349201119_public.xml"
300047737,"MICHAEL P GRAHAM LTD",2023_TEOS_XML_01A,"2023_TEOS_XML_01A/202340269349201204_public.xml"
473291154,"GREEK RESOURCE SERVICES LLC",2023_TEOS_XML_01A,"2023_TEOS_XML_01A/202340269349300024_public.xml"
741369986,"Carrie Says PC",2023_TEOS_XML_01A,"2023_TEOS_XML_01A/202340269349300044_public.xml"
320669498,"Financial Management Systems Inc",2023_TEOS_XML_01A,"2023_TEOS_XML_01A/202340269349300224_public.xml"
800970282,"AMGL PC",2023_TEOS_XML_01A,"2023_TEOS_XML_01A/202340269349300449_public.xml"
842965384,"CAINES HODGES &amp; COMPANY PC",2023_TEOS_XML_01A,"2023_TEOS_XML_01A/202340269349300524_public.xml"
816006009,"Jeremy D Cook CPA PLLC",2023_TEOS_XML_01A,"2023_TEOS_XML_01A/202340269349300829_public.xml"
832745293,"CTBS Corporation",2023_TEOS_XML_01A,"2023_TEOS_XML_01A/202340269349301124_public.xml"
200746368,"BEVERLY CLAPP",2023_TEOS_XML_01A,"2023_TEOS_XML_01A/202340269349301409_public.xml"
541924911,"GODWIN &amp; ASSOCIATES CPA",2023_TEOS_XML_01A,"2023_TEOS_XML_01A/202340269349301554_public.xml"
621842735,"PUGH &amp; COMPANY PC",2023_TEOS_XML_01A,"2023_TEOS_XML_01A/202340269349301824_public.xml"
310914060,"JESSUP &amp; ASSOCIATES PLC",2023_TEOS_XML_01A,"2023_TEOS_XML_01A/202340269349301954_public.xml"
611355638,"QIMAT GOYAL INC",2023_TEOS_XML_02A,"2023_TEOS_XML_02A/202310349349100511_public.xml"
862849029,"Project Local Incorporated",2023_TEOS_XML_02A,"2023_TEOS_XML_02A/202300279349100300_public.xml"
474826340,"ATZEL LLC DBA GIGTAXX",2023_TEOS_XML_02A,"2023_TEOS_XML_02A/202300279349100505_public.xml"
830874386,"AVL Tax Professionals",2023_TEOS_XML_02A,"2023_TEOS_XML_02A/202310279349200231_public.xml"
930390475,"TERRENCE R MOONEY CPA",2023_TEOS_XML_02A,"2023_TEOS_XML_02A/202300279349200715_public.xml"
872418756,"HOPE KAMSTRA CPA PA",2023_TEOS_XML_02A,"2023_TEOS_XML_02A/202300279349200920_public.xml"
872296258,"Kimbo and Friends Animal Rescue",2023_TEOS_XML_02A,"2023_TEOS_XML_02A/202300279349200925_public.xml"
263547411,"A Dowl Knight &amp; Company PC",2023_TEOS_XML_02A,"2023_TEOS_XML_02A/202300279349200930_public.xml"
522216729,"PTA MARYLAND CONGRESS OF PARENTS &amp; TEACHERS INC",2023_TEOS_XML_02A,"2023_TEOS_XML_02A/202300279349200950_public.xml"
391709912,"BATLEY CPA LLC",2023_TEOS_XML_02A,"2023_TEOS_XML_02A/202300279349201005_public.xml"
521834519,"Seabrook Adventist Early Learning Center Inc",2023_TEOS_XML_02A,"2023_TEOS_XML_02A/202300279349201205_public.xml"
452440774,"TERRENCE R MOONEY CPA",2023_TEOS_XML_02A,"2023_TEOS_XML_02A/202300279349300125_public.xml"
274737588,"Rogers &amp; Company PLLC",2023_TEOS_XML_02A,"2023_TEOS_XML_02A/202300279349300225_public.xml"
830248919,"Carver Florek &amp; James CPAs",2023_TEOS_XML_02A,"2023_TEOS_XML_02A/202300279349300235_public.xml"
161067148,"BONADIO &amp; CO LLP",2023_TEOS_XML_02A,"2023_TEOS_XML_02A/202300279349300725_public.xml"
310913830,"LINDA J COOLEYCPAMST",2023_TEOS_XML_02A,"2023_TEOS_XML_02A/202300279349300925_public.xml"
863081305,"For a Better Philadelphia",2023_TEOS_XML_02A,"2023_TEOS_XML_02A/202300279349300945_public.xml"
880088303,"BARNES GIVENS &amp; BARNES",2023_TEOS_XML_02A,"2023_TEOS_XML_02A/202300279349301140_public.xml"
810223113,"BEARTOOTH TAX &amp; CONSULTING INC",2023_TEOS_XML_02A,"2023_TEOS_XML_02A/202300279349301410_public.xml"
356218833,"PORTE BROWN LLC",2023_TEOS_XML_02A,"2023_TEOS_XML_02A/202300289349100500_public.xml"
814860436,"SOWERS &amp; FELDMAN CPA PA",2023_TEOS_XML_02A,"2023_TEOS_XML_02A/202300289349200200_public.xml"
320222989,"THE REGAL SWAN FOUNDATION INC",2023_TEOS_XML_02A,"2023_TEOS_XML_02A/202300289349200210_public.xml"
825141189,"Hirlinger PLC",2023_TEOS_XML_02A,"2023_TEOS_XML_02A/202320289349200307_public.xml"
825178134,"GERALD T REILLY &amp; COMPANY",2023_TEOS_XML_02A,"2023_TEOS_XML_02A/202300289349300115_public.xml"
561665315,"CHANESS &amp; MAHER PC CPAS",2023_TEOS_XML_02A,"2023_TEOS_XML_02A/202300289349300300_public.xml"
430785752,"CUPP AND WALLACE CPA PC",2023_TEOS_XML_02A,"2023_TEOS_XML_02A/202300289349300415_public.xml"
980413360,"SOMEKH CHAIKIN - KPMG ISRAEL",2023_TEOS_XML_02A,"2023_TEOS_XML_02A/202300299339300150_public.xml"
820933822,"TIGHE KRESS &amp; ORR PC",2023_TEOS_XML_02A,"2023_TEOS_XML_02A/202300289349300605_public.xml"
593531326,"PROGRESSIVE HOUSING SOLUTIONS OF FLORIDA INC",2023_TEOS_XML_02A,"2023_TEOS_XML_02A/202300299349100000_public.xml"
208516046,"NICHOLAS RYDZYNSKI FOUNDATION",2023_TEOS_XML_02A,"2023_TEOS_XML_02A/202300299349100150_public.xml"
824063979,"Trisha T Bonilla CPA",2023_TEOS_XML_02A,"2023_TEOS_XML_02A/202300299349100300_public.xml"
263282268,"RICHARD T LONG",2023_TEOS_XML_02A,"2023_TEOS_XML_02A/202300299349100350_public.xml"
611952857,"Elm Valley Fishing Club Inc",2023_TEOS_XML_02A,"2023_TEOS_XML_02A/202300299349200100_public.xml"
205204420,"Deborah L Carano CPA Inc",2023_TEOS_XML_02A,"2023_TEOS_XML_02A/202300299349200160_public.xml"
520704245,"Charles P Mercogliano CPA LLC",2023_TEOS_XML_02A,"2023_TEOS_XML_02A/202330299349200163_public.xml"
264285570,"USASOC SOLDIER FAMILY AND COMMAND SUPPORT ASSOCIATION",2023_TEOS_XML_02A,"2023_TEOS_XML_02A/202300299349300150_public.xml"
660374268,"ASOCIACION DE PERSONAS CON IMPEDIME NTOS INC",2023_TEOS_XML_02A,"2023_TEOS_XML_02A/202300299349300200_public.xml"
596199488,"KAUFMAN ROSSIN &amp; CO PA",2023_TEOS_XML_02A,"2023_TEOS_XML_02A/202300459349101105_public.xml"
133389544,"David Gotterer Charitable Trust",2023_TEOS_XML_02A,"2023_TEOS_XML_02A/202300309349100005_public.xml"
383229397,"MONTGOMERY WIETHORN &amp; BURKE PC",2023_TEOS_XML_02A,"2023_TEOS_XML_02A/202300309349100400_public.xml"
853549425,"SUSAN L ALLEN CPA PA",2023_TEOS_XML_02A,"2023_TEOS_XML_02A/202300309349100700_public.xml"
931318963,"JORSTAD INCORPORATED CPA",2023_TEOS_XML_02A,"2023_TEOS_XML_02A/202300309349100610_public.xml"
436042265,"Veterans of Foreign Wars 3500",2023_TEOS_XML_02A,"2023_TEOS_XML_02A/202300309349200100_public.xml"
911509451,"KIWANIS INTERNATIONAL INC",2023_TEOS_XML_02A,"2023_TEOS_XML_02A/202300309349200205_public.xml"
208956212,"KATHLEEN T DUKE PC",2023_TEOS_XML_02A,"2023_TEOS_XML_02A/202300309349200615_public.xml"
850466214,"BRAZOS MUTUAL DOMESTIC WATER CONSUMERS ASSOCIATION",2023_TEOS_XML_02A,"2023_TEOS_XML_02A/202300309349201110_public.xml"
900991419,"DENMAN &amp; COMPANY LLP",2023_TEOS_XML_02A,"2023_TEOS_XML_02A/202300309349300315_public.xml"
521229295,"PKS &amp; COMPANY PA",2023_TEOS_XML_02A,"2023_TEOS_XML_02A/202300309349300505_public.xml"
453261827,"HEALTH REPULIC INSURANCE COMPANY",2023_TEOS_XML_02A,"2023_TEOS_XML_02A/202300309349300655_public.xml"
314183980,"C AND J TAX SERVICE",2023_TEOS_XML_02A,"2023_TEOS_XML_02A/202300309349300660_public.xml"
660367053,"Clorinda Duarte",2023_TEOS_XML_02A,"2023_TEOS_XML_02A/202300309349300695_public.xml"
851103573,"Mullins PC",2023_TEOS_XML_02A,"2023_TEOS_XML_02A/202300309349300685_public.xml"
331121666,"HOFFMANN &amp; SWINTEK LLC CPA'S",2023_TEOS_XML_02A,"2023_TEOS_XML_02A/202300309349300780_public.xml"
222665215,"Epsilon Psi House Corporation of Delta Gamma Inc",2023_TEOS_XML_02A,"2023_TEOS_XML_02A/202300309349300870_public.xml"
590652495,"SOUTH DADE CHAMBER OF COMMERCE INC",2023_TEOS_XML_02A,"2023_TEOS_XML_02A/202300309349300880_public.xml"
844004228,"HOSTETTER &amp; HOSTETTER CPA",2023_TEOS_XML_02A,"2023_TEOS_XML_02A/202300309349300915_public.xml"
592490651,"JANSSEN &amp; IGAR CPAS PA",2023_TEOS_XML_02A,"2023_TEOS_XML_02A/202300309349301020_public.xml"
470793135,"SCHUMACHER SMEJKAL &amp; ELM PC",2023_TEOS_XML_02A,"2023_TEOS_XML_02A/202300309349301110_public.xml"
344415328,"Fischer &amp; Co LTD",2023_TEOS_XML_02A,"2023_TEOS_XML_02A/202300309349301350_public.xml"
030473380,"Mersereau Lazenby &amp; Rockas LLC",2023_TEOS_XML_02A,"2023_TEOS_XML_02A/202330319349300803_public.xml"
453804704,"DAVID J SILVERMAN &amp; COMPANY EA LLC",2023_TEOS_XML_02A,"2023_TEOS_XML_02A/202300319349100105_public.xml"
471883500,"VIETNAM VETERANS OF BARTOWN COUNTY",2023_TEOS_XML_02A,"2023_TEOS_XML_02A/202300319349200020_public.xml"
232982637,"RHEINER &amp; BREINER LLC",2023_TEOS_XML_02A,"2023_TEOS_XML_02A/202300319349200240_public.xml"
043809801,"EASY OFFICE DBA JITASA",2023_TEOS_XML_02A,"2023_TEOS_XML_02A/202300319349200305_public.xml"
271493370,"Brad J Decker CPA",2023_TEOS_XML_02A,"2023_TEOS_XML_02A/202300319349200310_public.xml"
263114518,"Professional Accounting &amp; Bookkeepi",2023_TEOS_XML_02A,"2023_TEOS_XML_02A/202300319349200315_public.xml"
454598756,"O'NEILL &amp; GASPARDO LLC",2023_TEOS_XML_02A,"2023_TEOS_XML_02A/202300319349200530_public.xml"
840392647,"ANDERSON &amp; WHITNEY PC",2023_TEOS_XML_02A,"2023_TEOS_XML_02A/202300319349200800_public.xml"
391435884,"JOHNSON BLOCK &amp; CO INC",2023_TEOS_XML_02A,"2023_TEOS_XML_02A/202300319349200795_public.xml"
841613508,"WORLDVIEW RESOURCE GROUP",2023_TEOS_XML_02A,"2023_TEOS_XML_02A/202300319349200910_public.xml"
510507909,"Nelson &amp; Associates CPAs",2023_TEOS_XML_02A,"2023_TEOS_XML_02A/202300319349200940_public.xml"
825347201,"Karen V Sanchez CPA",2023_TEOS_XML_02A,"2023_TEOS_XML_02A/202300319349200975_public.xml"
460925103,"CARR RIGGS &amp; INGRAM LLC",2023_TEOS_XML_02A,"2023_TEOS_XML_02A/202300319349201205_public.xml"
742973452,"THE ACCOUNTING OFFICE",2023_TEOS_XML_02A,"2023_TEOS_XML_02A/202300319349300225_public.xml"
810415249,"ACCOUNTING &amp; TAX SPECIALISTS",2023_TEOS_XML_02A,"2023_TEOS_XML_02A/202300319349300525_public.xml"
320493850,"STOPP &amp; VANHOY LLC",2023_TEOS_XML_02A,"2023_TEOS_XML_02A/202300319349300545_public.xml"
741668144,"SCHRIVER CARMONA &amp; COMPANY PLLC",2023_TEOS_XML_02A,"2023_TEOS_XML_02A/202300319349301230_public.xml"
390290575,"HUBERTY &amp; ASSOCIATES SC",2023_TEOS_XML_02A,"2023_TEOS_XML_02A/202300319349301330_public.xml"
420571107,"Williams &amp; Williams Law LLC",2023_TEOS_XML_02A,"2023_TEOS_XML_02A/202300319349301415_public.xml"
411862926,"Schutz CPA Ltd",2023_TEOS_XML_02A,"2023_TEOS_XML_02A/202300319349301705_public.xml"
474750389,"Leaf &amp; Cole LLP",2023_TEOS_XML_02A,"2023_TEOS_XML_02A/202300329349100015_public.xml"
742939499,"Foundation Source",2023_TEOS_XML_02A,"2023_TEOS_XML_02A/202300329349100020_public.xml"
474587262,"Taxes Simply Done Inc",2023_TEOS_XML_02A,"2023_TEOS_XML_02A/202300329349100200_public.xml"
510180064,"Sadorian and Company Inc",2023_TEOS_XML_02A,"2023_TEOS_XML_02A/202300329349100310_public.xml"
046009327,"MARION CHESLEY TRUST",2023_TEOS_XML_02A,"2023_TEOS_XML_02A/202300329349100225_public.xml"
237081299,"FAIR OAKS CHARITABLE TRUST",2023_TEOS_XML_02A,"2023_TEOS_XML_02A/202300329349100510_public.xml"
461772732,"Ferracane &amp; Johnson PC",2023_TEOS_XML_02A,"2023_TEOS_XML_02A/202300329349100600_public.xml"
562223130,"NEAL BRADSHER &amp; TAYLOR PA",2023_TEOS_XML_02A,"2023_TEOS_XML_02A/202300329349100705_public.xml"
366791305,"CHARLES A YOUNG TRUST",2023_TEOS_XML_02A,"2023_TEOS_XML_02A/202300329349100850_public.xml"
436253991,"TUW O W COSTILOW SCHOLARSHIP",2023_TEOS_XML_02A,"2023_TEOS_XML_02A/202300329349100860_public.xml"
510176822,"WESTMINSTER PRESBYTERIAN TRUST",2023_TEOS_XML_02A,"2023_TEOS_XML_02A/202300329349101250_public.xml"
596163100,"TR UW JAMES BROWN TRUST A",2023_TEOS_XML_02A,"2023_TEOS_XML_02A/202300329349101415_public.xml"
146015733,"WALTER F PREUSSER TR UW",2023_TEOS_XML_02A,"2023_TEOS_XML_02A/202300329349101505_public.xml"
463846233,"David A Henry",2023_TEOS_XML_02A,"2023_TEOS_XML_02A/202300329349200020_public.xml"
486134747,"PRIME ACCOUNTING",2023_TEOS_XML_02A,"2023_TEOS_XML_02A/202300329349200035_public.xml"
842934594,"EXPERTO TAX SERVICE",2023_TEOS_XML_02A,"2023_TEOS_XML_02A/202300329349200200_public.xml"
237058565,"John J Gallo CPA PLLC",2023_TEOS_XML_02A,"2023_TEOS_XML_02A/202300329349200400_public.xml"
272366611,"Poulsen &amp; Stowell PLLC",2023_TEOS_XML_02A,"2023_TEOS_XML_02A/202300329349200520_public.xml"
611769253,"Presnell Gage PLLC",2023_TEOS_XML_02A,"2023_TEOS_XML_02A/202340309349200824_public.xml"
845134760,"STEPHEN K JONES CPA LLC",2023_TEOS_XML_02A,"2023_TEOS_XML_02A/202300329349201040_public.xml"
581460011,"WARRENJACKSON CPAS PLLC",2023_TEOS_XML_02A,"2023_TEOS_XML_02A/202300329349200805_public.xml"
300741605,"MC DONOUGH &amp; ASSOCIATES CPA",2023_TEOS_XML_02A,"2023_TEOS_XML_02A/202300329349200840_public.xml"
351619896,"HRB TAX GROUP INC",2023_TEOS_XML_02A,"2023_TEOS_XML_02A/202300329349201020_public.xml"
581354113,"DUNCAN ASHE PA",2023_TEOS_XML_02A,"2023_TEOS_XML_02A/202300329349201030_public.xml"
010560311,"Merritt Accountancy",2023_TEOS_XML_02A,"2023_TEOS_XML_02A/202300329349201125_public.xml"
871569403,"CARLOS GONZALEZ ACCOUNTANCY CORP",2023_TEOS_XML_02A,"2023_TEOS_XML_02A/202300329349201165_public.xml"
510251435,"Pilc &amp; Moseley LLC",2023_TEOS_XML_02A,"2023_TEOS_XML_02A/202300329349300005_public.xml"
201223676,"PLODZIK &amp; SANDERSON PROFESSIONAL ASSN",2023_TEOS_XML_02A,"2023_TEOS_XML_02A/202300329349300010_public.xml"
370769914,"LMHN LTD",2023_TEOS_XML_02A,"2023_TEOS_XML_02A/202300329349300340_public.xml"
141811320,"BONADIO &amp; CO LLP",2023_TEOS_XML_02A,"2023_TEOS_XML_02A/202300329349300510_public.xml"
202215389,"GARY BRANNON CPA PA",2023_TEOS_XML_02A,"2023_TEOS_XML_02A/202320329349301417_public.xml"
821313517,"JONATHAN T PROCH CPA LLC",2023_TEOS_XML_02A,"2023_TEOS_XML_02A/202300329349301650_public.xml"
475229192,"MICHELS &amp; SCHILPEROORT PS",2023_TEOS_XML_02A,"2023_TEOS_XML_02A/202300339349100010_public.xml"
824727563,"Strategic Accounting Solutions",2023_TEOS_XML_02A,"2023_TEOS_XML_02A/202300339349100215_public.xml"
136124190,"MARTIN D KORTJOHN",2023_TEOS_XML_02A,"2023_TEOS_XML_02A/202300339349100125_public.xml"
832596875,"Foundation Source",2023_TEOS_XML_02A,"2023_TEOS_XML_02A/202300339349101010_public.xml"
900746910,"VERMONT AFFORDABLE HOUSING COALITION",2023_TEOS_XML_02A,"2023_TEOS_XML_02A/202300339349200120_public.xml"
814835030,"Colby &amp; Powell PLC",2023_TEOS_XML_02A,"2023_TEOS_XML_02A/202300339349200220_public.xml"
364659787,"HRB TAX GROUP INC",2023_TEOS_XML_02A,"2023_TEOS_XML_02A/202300339349200225_public.xml"
237147710,"GREEK RESOURCE SERVICES LLC",2023_TEOS_XML_02A,"2023_TEOS_XML_02A/202300339349200310_public.xml"
834430695,"Robinson Gruters and Roberts",2023_TEOS_XML_02A,"2023_TEOS_XML_02A/202300339349200615_public.xml"
455579095,"COQUELIN RUN CITIZENS ASSOCIATION INC",2023_TEOS_XML_02A,"2023_TEOS_XML_02A/202300339349200700_public.xml"
473421372,"GONZALEZ AND ASSOCIATES PC",2023_TEOS_XML_02A,"2023_TEOS_XML_02A/202300339349200725_public.xml"
521422111,"Desiree A Ridgell",2023_TEOS_XML_02A,"2023_TEOS_XML_02A/202300339349200900_public.xml"
910497210,"JW &amp; Associates PLLC",2023_TEOS_XML_02A,"2023_TEOS_XML_02A/202300339349200945_public.xml"
876123873,"Jones Simkins LLC",2023_TEOS_XML_02A,"2023_TEOS_XML_02A/202300339349201405_public.xml"
208215633,"Leif E Knudsen CPA SC",2023_TEOS_XML_02A,"2023_TEOS_XML_02A/202300339349201450_public.xml"
251466908,"REILLY CREPPAGE &amp; CO INC",2023_TEOS_XML_02A,"2023_TEOS_XML_02A/202300339349300005_public.xml"
464670657,"HARRIS HARDY &amp; JOHNSTONE PC",2023_TEOS_XML_02A,"2023_TEOS_XML_02A/202300339349300235_public.xml"
850431994,"NICHOLAS J ROSA CPA",2023_TEOS_XML_02A,"2023_TEOS_XML_02A/202300339349300600_public.xml"
464774854,"RIVERO GORDIMER &amp; COMPANY PA",2023_TEOS_XML_02A,"2023_TEOS_XML_02A/202300339349300635_public.xml"
660481158,"HOGAR FORJADORES DE ESPERANZA INC",2023_TEOS_XML_02A,"2023_TEOS_XML_02A/202300339349300705_public.xml"
611303332,"Robinson Tax Service Inc",2023_TEOS_XML_02A,"2023_TEOS_XML_02A/202300339349300825_public.xml"
841803556,"REHMANN ROBSON LLC",2023_TEOS_XML_02A,"2023_TEOS_XML_02A/202300339349301015_public.xml"
593131885,"DONNA BLAES CPA LLC",2023_TEOS_XML_02A,"2023_TEOS_XML_02A/202300339349301115_public.xml"
431061572,"Normas Tax Service",2023_TEOS_XML_02A,"2023_TEOS_XML_02A/202300339349301700_public.xml"
382664541,"CLIFTONLARSONALLEN LLP",2023_TEOS_XML_02A,"2023_TEOS_XML_02A/202300339349301760_public.xml"
831176244,"CONWAY DEUTH &amp; SCHMIESING PLLP",2023_TEOS_XML_02A,"2023_TEOS_XML_02A/202300349349100205_public.xml"
843991110,"ROLLERI &amp; SHEPPARD CPAS LLP",2023_TEOS_XML_02A,"2023_TEOS_XML_02A/202300349349100500_public.xml"
863372682,"B SPEER CPA LLC",2023_TEOS_XML_02A,"2023_TEOS_XML_02A/202310349349100806_public.xml"
010539770,"VANCEGRAY WEALTH MANAGEMENT TAX SERVICES",2023_TEOS_XML_02A,"2023_TEOS_XML_02A/202300349349101010_public.xml"
237128118,"FK Morrow Foundation",2023_TEOS_XML_02A,"2023_TEOS_XML_02A/202300349349100600_public.xml"
824369856,"COHNREZNICK LLP",2023_TEOS_XML_02A,"2023_TEOS_XML_02A/202300349349101105_public.xml"
742381523,"ASPEN ADVISING",2023_TEOS_XML_02A,"2023_TEOS_XML_02A/202300349349101110_public.xml"
166021940,"PRICEWATERHOUSECOOPERS LLP",2023_TEOS_XML_02A,"2023_TEOS_XML_02A/202300349349101200_public.xml"
431814858,"United Government Security Officers of America Local 20",2023_TEOS_XML_02A,"2023_TEOS_XML_02A/202300349349200105_public.xml"
943337173,"Fisher &amp; Company LLP",2023_TEOS_XML_02A,"2023_TEOS_XML_02A/202300349349200000_public.xml"
320112101,"AIKEN &amp; SANDERS INC PS",2023_TEOS_XML_02A,"2023_TEOS_XML_02A/202300349349200140_public.xml"
582052391,"CANADY RICHBOURG &amp; ASSOCIATES LLP",2023_TEOS_XML_02A,"2023_TEOS_XML_02A/202300349349200210_public.xml"
262471687,"HEALTH AND ED 4 NEPAL INC",2023_TEOS_XML_02A,"2023_TEOS_XML_02A/202300349349200300_public.xml"
841927853,"OUR ANGELS",2023_TEOS_XML_02A,"2023_TEOS_XML_02A/202300349349200500_public.xml"
202516778,"EMAUS SCHOLARSHIP FOUNDATION OF ILLINOIS",2023_TEOS_XML_02A,"2023_TEOS_XML_02A/202300349349200915_public.xml"
461030698,"Strydesky &amp; Company",2023_TEOS_XML_02A,"2023_TEOS_XML_02A/202330349339300703_public.xml"
351691299,"Schneider &amp; Evans LLC",2023_TEOS_XML_02A,"2023_TEOS_XML_02A/202300349349201035_public.xml"
680192588,"ANDERSON &amp; ASSOCIATES CPAS",2023_TEOS_XML_02A,"2023_TEOS_XML_02A/202300349349201200_public.xml"
271819146,"KENDALL PREBOLA AND JONES LLC",2023_TEOS_XML_02A,"2023_TEOS_XML_02A/202300349349300110_public.xml"
621865246,"SOUTH WILLIAMSON ATHLETICS",2023_TEOS_XML_02A,"2023_TEOS_XML_02A/202330339349300013_public.xml"
751370090,"TIDWELL GROUP LLC",2023_TEOS_XML_02A,"2023_TEOS_XML_02A/202300349349300810_public.xml"
980470539,"Lin Company II Inc",2023_TEOS_XML_02A,"2023_TEOS_XML_02A/202300349349300905_public.xml"
200551503,"DAVID A LEVY CPA PC",2023_TEOS_XML_02A,"2023_TEOS_XML_02A/202300349349301225_public.xml"
872570424,"Holyfield &amp; Thomas LLC",2023_TEOS_XML_02A,"2023_TEOS_XML_02A/202300349349301415_public.xml"
721490697,"Paul M Sommerfeldt",2023_TEOS_XML_02A,"2023_TEOS_XML_02A/202300349349301515_public.xml"
010466967,"ONE RIVER CPAS",2023_TEOS_XML_02A,"2023_TEOS_XML_02A/202300349349301670_public.xml"
832754266,"Accounting Plus Inc",2023_TEOS_XML_02A,"2023_TEOS_XML_02A/202300359349100005_public.xml"
473106111,"CLIFTONLARSONALLEN LLP",2023_TEOS_XML_02A,"2023_TEOS_XML_02A/202300359349200010_public.xml"
223092550,"CALVIN TAYLOR CPA LLC",2023_TEOS_XML_02A,"2023_TEOS_XML_02A/202300359349300200_public.xml"
832745293,"CTBS Corporation",2023_TEOS_XML_02A,"2023_TEOS_XML_02A/202300359349300220_public.xml"
344237259,"ALICE LILLY",2023_TEOS_XML_02A,"2023_TEOS_XML_02A/202300359349300410_public.xml"
821364858,"Bernstein Accounting &amp; Tax Services Inc",2023_TEOS_XML_02A,"2023_TEOS_XML_02A/202300369349200205_public.xml"
364069933,"HEATHER L PEMBERTON CPA",2023_TEOS_XML_02A,"2023_TEOS_XML_02A/202300369349300150_public.xml"
473235066,"BARNES SALY &amp; COMPANY PC",2023_TEOS_XML_02A,"2023_TEOS_XML_02A/202300379349100030_public.xml"
264626610,"CARY MILLAR PC",2023_TEOS_XML_02A,"2023_TEOS_XML_02A/202300379349100115_public.xml"
844237374,"L4J LIVING FOR JESUS BIBLE STUDY INC",2023_TEOS_XML_02A,"2023_TEOS_XML_02A/202300379349100110_public.xml"
880533985,"T &amp; J Kofford Foundation",2023_TEOS_XML_02A,"2023_TEOS_XML_02A/202300379349100210_public.xml"
471923578,"Anne G and Robert W Dorsey Family Foundation",2023_TEOS_XML_02A,"2023_TEOS_XML_02A/202300379349100405_public.xml"
592263586,"SEAMANS OUTREACH SERVICES INC",2023_TEOS_XML_02A,"2023_TEOS_XML_02A/202300379349100700_public.xml"
843155823,"DEANNAS ORGANICS",2023_TEOS_XML_02A,"2023_TEOS_XML_02A/202300379349100705_public.xml"
822671556,"MAESE FULMER CPAS PLLC",2023_TEOS_XML_02A,"2023_TEOS_XML_02A/202320379349101012_public.xml"
833941127,"SACHS DIAZ &amp; DIAZ PL",2023_TEOS_XML_02A,"2023_TEOS_XML_02A/202300379349100965_public.xml"
853800239,"LIGHT WITHIN ALL",2023_TEOS_XML_02A,"2023_TEOS_XML_02A/202300379349200010_public.xml"
541446973,"Monte W Mays &amp; Associates LLC",2023_TEOS_XML_02A,"2023_TEOS_XML_02A/202300379349200030_public.xml"
306141987,"ERNST &amp; YOUNG US LLP",2023_TEOS_XML_02A,"2023_TEOS_XML_02A/202300379349101000_public.xml"
861007913,"LISA M SMITH CPA",2023_TEOS_XML_02A,"2023_TEOS_XML_02A/202300379349200245_public.xml"
800292124,"DOUBLE D TAX SERVICES INC",2023_TEOS_XML_02A,"2023_TEOS_XML_02A/202300379349200430_public.xml"
840539814,"Ware &amp; Hinds Ditch Association",2023_TEOS_XML_02A,"2023_TEOS_XML_02A/202300379349200500_public.xml"
237346475,"CAPE COD HORTICULTURAL SOCIETY INC",2023_TEOS_XML_02A,"2023_TEOS_XML_02A/202300379349200505_public.xml"
475569856,"NANCY OLIVARES EA",2023_TEOS_XML_02A,"2023_TEOS_XML_02A/202300379349200755_public.xml"
352463816,"EADS &amp; ASSOCIATES INC",2023_TEOS_XML_02A,"2023_TEOS_XML_02A/202300379349200765_public.xml"
852798610,"Scinto Group LLP",2023_TEOS_XML_02A,"2023_TEOS_XML_02A/202340379349200629_public.xml"
834161571,"Chi Heorot Alumni Association Inc",2023_TEOS_XML_02A,"2023_TEOS_XML_02A/202300379349200825_public.xml"
743091437,"HUTCHINSON AND BLOODGOOD LLP",2023_TEOS_XML_02A,"2023_TEOS_XML_02A/202300379349201010_public.xml"
463113304,"RADCLIFFE CORPORATE SERVICES",2023_TEOS_XML_02A,"2023_TEOS_XML_02A/202300379349201015_public.xml"
990333167,"OHANA TAX SERVICE INC",2023_TEOS_XML_02A,"2023_TEOS_XML_02A/202300379349201085_public.xml"
591741900,"CAVANAUGH &amp; CO LLP",2023_TEOS_XML_02A,"2023_TEOS_XML_02A/202300379349201200_public.xml"
396073636,"Wisconsin Sportsmans Association Inc",2023_TEOS_XML_02A,"2023_TEOS_XML_02A/202300379349300005_public.xml"
452206152,"Thomason Financial Resources",2023_TEOS_XML_02A,"2023_TEOS_XML_02A/202300379349300245_public.xml"
851803497,"Bookkeeping At Its Best",2023_TEOS_XML_02A,"2023_TEOS_XML_02A/202300379349300425_public.xml"
840646077,"COLORADO COUNCIL ON ECONOMIC EDUCATION",2023_TEOS_XML_02A,"2023_TEOS_XML_02A/202300379349300800_public.xml"
550385060,"THE RODEHEAVER GROUP PC",2023_TEOS_XML_02A,"2023_TEOS_XML_02A/202300379349300860_public.xml"
631224544,"GIBSON &amp; CARDEN LLC",2023_TEOS_XML_02A,"2023_TEOS_XML_02A/202300379349300895_public.xml"
660600037,"REGALOS DE AMOR INC",2023_TEOS_XML_02A,"2023_TEOS_XML_02A/202300379349301005_public.xml"
420644910,"ROLAND DIELEMAN CPAS",2023_TEOS_XML_02A,"2023_TEOS_XML_02A/202300379349301055_public.xml"
202879000,"GIBSON &amp; COMPANY PC",2023_TEOS_XML_02A,"2023_TEOS_XML_02A/202300379349301065_public.xml"
472241225,"CLIFTONLARSONALLEN LLP",2023_TEOS_XML_02A,"2023_TEOS_XML_02A/202300379349301205_public.xml"
260394674,"WIPFLI LLP",2023_TEOS_XML_02A,"2023_TEOS_XML_02A/202300379349301215_public.xml"
386091224,"J W KIELISZEWSKI CPA PC",2023_TEOS_XML_02A,"2023_TEOS_XML_02A/202300379349301260_public.xml"
810750939,"JONES LITTLE &amp; CO CPA'S LLP",2023_TEOS_XML_02A,"2023_TEOS_XML_02A/202300379349301560_public.xml"
237236167,"FOULDS &amp; CO PC",2023_TEOS_XML_02A,"2023_TEOS_XML_02A/202310389349200801_public.xml"
026006524,"LEONE MCDONNELL &amp; ROBERTS PA",2023_TEOS_XML_02A,"2023_TEOS_XML_02A/202300389349100005_public.xml"
222746854,"WHITTLESEY PC",2023_TEOS_XML_02A,"2023_TEOS_XML_02A/202300389349100310_public.xml"
822428393,"CERTIFIED ACCOUNTING &amp; TAX INC",2023_TEOS_XML_02A,"2023_TEOS_XML_02A/202300389349100335_public.xml"
540762350,"RUMBLE &amp; ASSOCIATES",2023_TEOS_XML_02A,"2023_TEOS_XML_02A/202300389349100405_public.xml"
226830026,"ANDERSEN TAX LLC",2023_TEOS_XML_02A,"2023_TEOS_XML_02A/202300389349100605_public.xml"
823191630,"RSM US LLP",2023_TEOS_XML_02A,"2023_TEOS_XML_02A/202300389349100615_public.xml"
222667283,"S A Freitas CPA",2023_TEOS_XML_02A,"2023_TEOS_XML_02A/202300389349101165_public.xml"
842699949,"Earl Morrall Charity Foundation Inc",2023_TEOS_XML_02A,"2023_TEOS_XML_02A/202300389349200100_public.xml"
660688974,"TALBERT &amp; TALBERT",2023_TEOS_XML_02A,"2023_TEOS_XML_02A/202300389349200225_public.xml"
824224510,"PORTER &amp; ASSOCIATES CPAS PLLC",2023_TEOS_XML_02A,"2023_TEOS_XML_02A/202300389349200245_public.xml"
474934413,"BLISS KID YOGA",2023_TEOS_XML_02A,"2023_TEOS_XML_02A/202300389349200420_public.xml"
475148551,"Spagnola &amp; Spagnola Accounting Firm LLC",2023_TEOS_XML_02A,"2023_TEOS_XML_02A/202300389349200735_public.xml"
841526603,"Norman R Taylor CPA PC",2023_TEOS_XML_02A,"2023_TEOS_XML_02A/202300389349200975_public.xml"
853669134,"Central Florida ObGyn Society",2023_TEOS_XML_02A,"2023_TEOS_XML_02A/202330519349201003_public.xml"
720984552,"GATES &amp; COMPANY LLC",2023_TEOS_XML_02A,"2023_TEOS_XML_02A/202300389349300030_public.xml"
640541802,"LOWERY PAYN AND LEGGETT CPAS",2023_TEOS_XML_02A,"2023_TEOS_XML_02A/202300389349300110_public.xml"
453444045,"Batts Morrison Wales &amp; Lee PA",2023_TEOS_XML_02A,"2023_TEOS_XML_02A/202300389349300045_public.xml"
116006849,"SHAPIRO GOLDSTEIN MOSES &amp; ARTUSO LLP",2023_TEOS_XML_02A,"2023_TEOS_XML_02A/202300389349300210_public.xml"
203873790,"YAMAHA MUSIC AND WELLNESS INSTITUTE INC",2023_TEOS_XML_02A,"2023_TEOS_XML_02A/202300389349300220_public.xml"
300505256,"SIMON FRASER UNIVERSITY",2023_TEOS_XML_02A,"2023_TEOS_XML_02A/202300389349300200_public.xml"
262783032,"FOUNDATION FOR STUDENT ACHIEVEMENT INC",2023_TEOS_XML_02A,"2023_TEOS_XML_02A/202300389349300400_public.xml"
260006579,"CHERRY BEKAERT ADVISORY LLC",2023_TEOS_XML_02A,"2023_TEOS_XML_02A/202300389349300605_public.xml"
660938154,"GALINDEZ LLC",2023_TEOS_XML_02A,"2023_TEOS_XML_02A/202300389349300810_public.xml"
273326766,"NISIVOCCIA LLP",2023_TEOS_XML_02A,"2023_TEOS_XML_02A/202330389349301118_public.xml"
521361803,"Rogers &amp; Company PLLC",2023_TEOS_XML_02A,"2023_TEOS_XML_02A/202300389349301020_public.xml"
260404777,"DIANE REYNOLDS CPA",2023_TEOS_XML_02A,"2023_TEOS_XML_02A/202300389349301335_public.xml"
383675065,"CLIFTONLARSONALLEN LLP",2023_TEOS_XML_02A,"2023_TEOS_XML_02A/202300389349301730_public.xml"
411896055,"LA FAYETTE &amp; PLATH LTD",2023_TEOS_XML_02A,"2023_TEOS_XML_02A/202300389349301750_public.xml"
850572254,"Jason Arsenault CPA LLC",2023_TEOS_XML_02A,"2023_TEOS_XML_02A/202300399349100105_public.xml"
541725608,"Tom Sullivan EA",2023_TEOS_XML_02A,"2023_TEOS_XML_02A/202300399349100205_public.xml"
473896179,"Ellsworth Stauffer PC",2023_TEOS_XML_02A,"2023_TEOS_XML_02A/202300399349100310_public.xml"
201116279,"MORRIS WERNER LAW OFFICES",2023_TEOS_XML_02A,"2023_TEOS_XML_02A/202300399349100305_public.xml"
871626146,"ATA Group LLP",2023_TEOS_XML_02A,"2023_TEOS_XML_02A/202300399349100315_public.xml"
256018685,"PRICEWATERHOUSECOOPERS LLP",2023_TEOS_XML_02A,"2023_TEOS_XML_02A/202300399349100425_public.xml"
873056970,"ALAN MAXCY CPA",2023_TEOS_XML_02A,"2023_TEOS_XML_02A/202300399349100505_public.xml"
824819085,"MANER COSTERISAN PC",2023_TEOS_XML_02A,"2023_TEOS_XML_02A/202300399349200120_public.xml"
823080404,"SHARMA &amp; ASSOCIATES",2023_TEOS_XML_02A,"2023_TEOS_XML_02A/202320399349201412_public.xml"
043719912,"KEVIN MCKAY CPA PLLC",2023_TEOS_XML_02A,"2023_TEOS_XML_02A/202300399349200405_public.xml"
592406671,"JAMES MOORE &amp; CO PL",2023_TEOS_XML_02A,"2023_TEOS_XML_02A/202300399349200415_public.xml"
852798996,"H AND R BLOCK",2023_TEOS_XML_02A,"2023_TEOS_XML_02A/202300399349200500_public.xml"
331065027,"TRUSTY BOOKKEEPING &amp; INCOME TAX SVCS INC",2023_TEOS_XML_02A,"2023_TEOS_XML_02A/202300399349200745_public.xml"
743243861,"Angie Shirley CPA",2023_TEOS_XML_02A,"2023_TEOS_XML_02A/202300399349200910_public.xml"
872485701,"Barfield and Kinkead LLC",2023_TEOS_XML_02A,"2023_TEOS_XML_02A/202300399349200920_public.xml"
410901002,"LAND OLAKES KENNEL CLUB INCORPORATED",2023_TEOS_XML_02A,"2023_TEOS_XML_02A/202300399349201100_public.xml"
911749107,"AGT CPAS AND ADVISORS",2023_TEOS_XML_02A,"2023_TEOS_XML_02A/202300399349201365_public.xml"
840449936,"KUNDINGER CORDER &amp; MONTOYA PC",2023_TEOS_XML_02A,"2023_TEOS_XML_02A/202300399349300335_public.xml"
454919549,"WALL TITUS LLC",2023_TEOS_XML_02A,"2023_TEOS_XML_02A/202300399349300345_public.xml"
666043399,"Rodriguez &amp; Santiago CPA's PSC",2023_TEOS_XML_02A,"2023_TEOS_XML_02A/202300399349300520_public.xml"
370240348,"PHILLIPS &amp; ASSOCIATES CPAs PC",2023_TEOS_XML_02A,"2023_TEOS_XML_02A/202300399349301185_public.xml"
821077370,"FORGE FINANCIAL &amp; MANAGEMENT CONSULTING",2023_TEOS_XML_02A,"2023_TEOS_XML_02A/202300399349301230_public.xml"
980164389,"ERNST &amp; YOUNG US LLP",2023_TEOS_XML_02A,"2023_TEOS_XML_02A/202300399349301385_public.xml"
263614559,"FAIR ANDERSON &amp; LANGERMAN",2023_TEOS_XML_02A,"2023_TEOS_XML_02A/202300409349100125_public.xml"
510562110,"GERALD T REILLY &amp; COMPANY",2023_TEOS_XML_02A,"2023_TEOS_XML_02A/202300409349100120_public.xml"
813871322,"GUY ROCHBERG CPA",2023_TEOS_XML_02A,"2023_TEOS_XML_02A/202300409349100205_public.xml"
831082741,"Rosemet Foundation Inc",2023_TEOS_XML_02A,"2023_TEOS_XML_02A/202300409349100300_public.xml"
861361054,"Shawn Washington Accountancy Corporation",2023_TEOS_XML_02A,"2023_TEOS_XML_02A/202300409349100430_public.xml"
464502419,"Evers &amp; Company CPAs LLC",2023_TEOS_XML_02A,"2023_TEOS_XML_02A/202300409349100610_public.xml"
862328631,"A Heartfelt Mermaid Gift Corporation",2023_TEOS_XML_02A,"2023_TEOS_XML_02A/202300409349100705_public.xml"
237179101,"PKF O'CONNOR DAVIES ADVISORY LLC",2023_TEOS_XML_02A,"2023_TEOS_XML_02A/202300409349100520_public.xml"
411793832,"SEVENICH BUTLER GERLACH &amp; BRAZIL LTD",2023_TEOS_XML_02A,"2023_TEOS_XML_02A/202300409349100805_public.xml"
311465773,"KHAN ARNDT &amp; ASSOCIATES PA",2023_TEOS_XML_02A,"2023_TEOS_XML_02A/202300409349100920_public.xml"
300847815,"HRB TAX GROUP INC",2023_TEOS_XML_02A,"2023_TEOS_XML_02A/202300409349200040_public.xml"
421670935,"PAUL E SHAPIRO",2023_TEOS_XML_02A,"2023_TEOS_XML_02A/202300409349200120_public.xml"
843248029,"J Bart Bradshaw CPA PLLC",2023_TEOS_XML_02A,"2023_TEOS_XML_02A/202300409349200235_public.xml"
586065107,"RONDA HOLLOWAY CPA PC",2023_TEOS_XML_02A,"2023_TEOS_XML_02A/202300409349200240_public.xml"
833816821,"VIELE SOLIMANO SWAGLER &amp; CHAPMAN CPA PC",2023_TEOS_XML_02A,"2023_TEOS_XML_02A/202300409349200510_public.xml"
452513099,"GREAT MINDS LEARNING CENTER",2023_TEOS_XML_02A,"2023_TEOS_XML_02A/202300409349200810_public.xml"
311714120,"Phillips Feldman Group",2023_TEOS_XML_02A,"2023_TEOS_XML_02A/202300409349200845_public.xml"
350782564,"BIKOS &amp; ASSOCIATES CPA PC",2023_TEOS_XML_02A,"2023_TEOS_XML_02A/202300409349201025_public.xml"
811437338,"Daniel B Blomberg Inc",2023_TEOS_XML_02A,"2023_TEOS_XML_02A/202300409349201465_public.xml"
872408490,"Becker College Alumni Association",2023_TEOS_XML_02A,"2023_TEOS_XML_02A/202300409349201500_public.xml"
522370420,"WOLTMAN GROUP PLLC",2023_TEOS_XML_02A,"2023_TEOS_XML_02A/202300409349300135_public.xml"
480824314,"H AND R BLOCK",2023_TEOS_XML_02A,"2023_TEOS_XML_02A/202300409349300410_public.xml"
860873658,"FESTER &amp; CHAPMAN PLLC",2023_TEOS_XML_02A,"2023_TEOS_XML_02A/202300409349300520_public.xml"
660541904,"CASA DEL PEREGRINO",2023_TEOS_XML_02A,"2023_TEOS_XML_02A/202300409349300615_public.xml"
561729316,"Corporate Business Services",2023_TEOS_XML_02A,"2023_TEOS_XML_02A/202300409349300720_public.xml"
980158157,"V TAX FILING LIMITED PARTNERSHIP",2023_TEOS_XML_02A,"2023_TEOS_XML_02A/202300409349300700_public.xml"
430787999,"GIBSON &amp; COMPANY PC",2023_TEOS_XML_02A,"2023_TEOS_XML_02A/202300409349300815_public.xml"
341328737,"MIZICK MILLER &amp; COMPANY INC",2023_TEOS_XML_02A,"2023_TEOS_XML_02A/202300409349301500_public.xml"
471121284,"D'ARCANGELO &amp; CO LLP",2023_TEOS_XML_02A,"2023_TEOS_XML_02A/202300409349301605_public.xml"
850575656,"Ornelas &amp; Morris CPAs PC",2023_TEOS_XML_02A,"2023_TEOS_XML_02A/202300409349301665_public.xml"
852123472,"LARRICE CARTER CPA",2023_TEOS_XML_02A,"2023_TEOS_XML_02A/202300419339300005_public.xml"
626301619,"HOUSHOLDER ARTMAN PLLC",2023_TEOS_XML_02A,"2023_TEOS_XML_02A/202300419349100015_public.xml"
223838850,"PALMETTO ZEIGLER CHAMBERLAIN &amp; PERRELLA",2023_TEOS_XML_02A,"2023_TEOS_XML_02A/202300419349100110_public.xml"
204004868,"LERMAN BOUDART &amp; ASSOCIATES LLP",2023_TEOS_XML_02A,"2023_TEOS_XML_02A/202300419349100120_public.xml"
261547873,"DEBOECK FAMILY FOUNDATION INC",2023_TEOS_XML_02A,"2023_TEOS_XML_02A/202300419349100205_public.xml"
251560562,"JENMAR FOUNDATION",2023_TEOS_XML_02A,"2023_TEOS_XML_02A/202300419349100400_public.xml"
232939105,"CALIHAN FOUNDATION",2023_TEOS_XML_02A,"2023_TEOS_XML_02A/202300419349100500_public.xml"
863630947,"The Cottonwood Group",2023_TEOS_XML_02A,"2023_TEOS_XML_02A/202320419349100427_public.xml"
510198301,"BEANE SWARINGEN &amp; COMPANY PLLC",2023_TEOS_XML_02A,"2023_TEOS_XML_02A/202300419349200105_public.xml"
260418458,"CHANDEL ASSOCIATES PA",2023_TEOS_XML_02A,"2023_TEOS_XML_02A/202300419349200710_public.xml"
452045918,"Thomas M Crane PA",2023_TEOS_XML_02A,"2023_TEOS_XML_02A/202300419349200720_public.xml"
931099812,"Deanne Bain",2023_TEOS_XML_02A,"2023_TEOS_XML_02A/202300419349200885_public.xml"
262043980,"LITTLE LEAGUE BASEBALL INC",2023_TEOS_XML_02A,"2023_TEOS_XML_02A/202300419349201065_public.xml"
364189559,"EFFINGHAM COUNTY HABITAT FOR HUMANITY",2023_TEOS_XML_02A,"2023_TEOS_XML_02A/202300419349201165_public.xml"
381918631,"Lake Michigan CPA Services PLC",2023_TEOS_XML_02A,"2023_TEOS_XML_02A/202300419349300115_public.xml"
204777323,"HAMILTON ASSOCIATES PC",2023_TEOS_XML_02A,"2023_TEOS_XML_02A/202300419349300145_public.xml"
020458663,"Paula K Wyeth CPA",2023_TEOS_XML_02A,"2023_TEOS_XML_02A/202300419349300140_public.xml"
454200252,"CT BUSINESS SERVICES LLC",2023_TEOS_XML_02A,"2023_TEOS_XML_02A/202300419349300305_public.xml"
820760869,"MCCALL SCANLON &amp; TICE LLC",2023_TEOS_XML_02A,"2023_TEOS_XML_02A/202300419349300510_public.xml"
592529126,"ROBBINS &amp; MORONEY PA",2023_TEOS_XML_02A,"2023_TEOS_XML_02A/202300419349300725_public.xml"
383584919,"CURTIS BAILEY EXELBY &amp; SPOSITO PC",2023_TEOS_XML_02A,"2023_TEOS_XML_02A/202300419349300740_public.xml"
980078729,"Board of Governors of The Banff Centre",2023_TEOS_XML_02A,"2023_TEOS_XML_02A/202300519349300600_public.xml"
382601964,"BOISVENU &amp; COMPANY PC",2023_TEOS_XML_02A,"2023_TEOS_XML_02A/202300419349301000_public.xml"
521034058,"Block Advisors",2023_TEOS_XML_02A,"2023_TEOS_XML_02A/202300419349301235_public.xml"
454793293,"DEBORAH L HERMAN CPA",2023_TEOS_XML_02A,"2023_TEOS_XML_02A/202300419349301325_public.xml"
020519859,"Raiche &amp; Company CPAs PLLC",2023_TEOS_XML_02A,"2023_TEOS_XML_02A/202300419349301340_public.xml"
330559491,"PDM LLP",2023_TEOS_XML_02A,"2023_TEOS_XML_02A/202310419349300541_public.xml"
842478845,"SOMMERVILLE &amp; ASSOCIATES PC",2023_TEOS_XML_02A,"2023_TEOS_XML_02A/202300419349301505_public.xml"
660419857,"JAVIER F ORTIZ DIAZ CPA CSP",2023_TEOS_XML_02A,"2023_TEOS_XML_02A/202300419349301595_public.xml"
592405204,"BEHIND THE SCENES FINANCIALS INC",2023_TEOS_XML_02A,"2023_TEOS_XML_02A/202300419349301815_public.xml"
950483880,"EXACT TAX INC",2023_TEOS_XML_02A,"2023_TEOS_XML_02A/202300419349302150_public.xml"
840808874,"Wootten Financial Services",2023_TEOS_XML_02A,"2023_TEOS_XML_02A/202300429349200220_public.xml"
421422130,"COLLINS LEADERSHIP CLUB",2023_TEOS_XML_02A,"2023_TEOS_XML_02A/202300429349200800_public.xml"
812918785,"Diana A Morales EA",2023_TEOS_XML_02A,"2023_TEOS_XML_02A/202300429349200805_public.xml"
814101984,"HARTE&amp;COMPANY ACCOUNTING AND TAX SERVICES",2023_TEOS_XML_02A,"2023_TEOS_XML_02A/202300429349200815_public.xml"
954831064,"GREATESCAPE FOUNDATION",2023_TEOS_XML_02A,"2023_TEOS_XML_02A/202300429349200900_public.xml"
746515281,"PRICEWATERHOUSECOOPERS LLP",2023_TEOS_XML_02A,"2023_TEOS_XML_02A/202300429349100800_public.xml"
274303347,"ALAN ROSS &amp; COMPANY PC",2023_TEOS_XML_02A,"2023_TEOS_XML_02A/202300429349300025_public.xml"
222486265,"SOUTHERN BERKSHIRE ELDERLY TRANSPORTATION CORPORATION",2023_TEOS_XML_02A,"2023_TEOS_XML_02A/202300429349300105_public.xml"
834143727,"APRIO LLP",2023_TEOS_XML_02A,"2023_TEOS_XML_02A/202300439349300805_public.xml"
842962806,"J DAVIS CPA-AC",2023_TEOS_XML_02A,"2023_TEOS_XML_02A/202300429349300525_public.xml"
475269252,"FROST PLLC",2023_TEOS_XML_02A,"2023_TEOS_XML_02A/202300439349100000_public.xml"
474757354,"COMPLETE BUSINESS SVC",2023_TEOS_XML_02A,"2023_TEOS_XML_02A/202300439349100700_public.xml"
746040639,"Gary W Ballowe CPA",2023_TEOS_XML_02A,"2023_TEOS_XML_02A/202300439349200110_public.xml"
842696694,"CFO ORTHO",2023_TEOS_XML_02A,"2023_TEOS_XML_02A/202300439349200720_public.xml"
820918393,"OREGON YOUTH OUTREACH",2023_TEOS_XML_02A,"2023_TEOS_XML_02A/202300439349200805_public.xml"
461217226,"VETERANS RECOVERY CENTER COUNCIL OF MURFREESBORO",2023_TEOS_XML_02A,"2023_TEOS_XML_02A/202300439349201100_public.xml"
352514915,"CENKO VENDITTELLI HAYNES AND TOKARZ PLC",2023_TEOS_XML_02A,"2023_TEOS_XML_02A/202300439349201200_public.xml"
660469059,"PATRONATO CASTILLO SERRALLES",2023_TEOS_XML_02A,"2023_TEOS_XML_02A/202300439349300300_public.xml"
843500658,"ARON HIRSCHFELD CPA PC",2023_TEOS_XML_02A,"2023_TEOS_XML_02A/202300449349100315_public.xml"
474005260,"YBARRA &amp; ASSOCIATES",2023_TEOS_XML_02A,"2023_TEOS_XML_02A/202300449349100435_public.xml"
872560123,"Mireyas Mission",2023_TEOS_XML_02A,"2023_TEOS_XML_02A/202300449349100500_public.xml"
841483081,"CBIZ MHM LLC",2023_TEOS_XML_02A,"2023_TEOS_XML_02A/202300449349100615_public.xml"
943214432,"FRANK RIMERMAN &amp; CO LLP",2023_TEOS_XML_02A,"2023_TEOS_XML_02A/202300449349100715_public.xml"
844880046,"WALLACE PLESE DREHER LLP",2023_TEOS_XML_02A,"2023_TEOS_XML_02A/202300449349100735_public.xml"
202531733,"SCHULZE OSWALD MILLER &amp; EDWARDS PC",2023_TEOS_XML_02A,"2023_TEOS_XML_02A/202300449349100815_public.xml"
341213061,"THE D'AMORE TATMAN GROUP LLC",2023_TEOS_XML_02A,"2023_TEOS_XML_02A/202300449349100900_public.xml"
822142119,"ERIC T MOODY CPA PA",2023_TEOS_XML_02A,"2023_TEOS_XML_02A/202300449349200000_public.xml"
800955555,"Crowe and Heckman PC",2023_TEOS_XML_02A,"2023_TEOS_XML_02A/202340449349200629_public.xml"
232636583,"BARBARA AKINS CPA",2023_TEOS_XML_02A,"2023_TEOS_XML_02A/202300449349200240_public.xml"
650111468,"FRATERNAL ORDER OF EAGLES 4219",2023_TEOS_XML_02A,"2023_TEOS_XML_02A/202300449349200345_public.xml"
541414004,"BURDETTE SMITH &amp; BISH LLC",2023_TEOS_XML_02A,"2023_TEOS_XML_02A/202300449349200505_public.xml"
621480331,"Loucks &amp; Weaver CPA",2023_TEOS_XML_02A,"2023_TEOS_XML_02A/202300449349200610_public.xml"
843088715,"ACCOUNTING RESULTS LLC",2023_TEOS_XML_02A,"2023_TEOS_XML_02A/202300449349200840_public.xml"
931330169,"Rauch McFetridge Cleveland &amp; Stein CPAs LLC",2023_TEOS_XML_02A,"2023_TEOS_XML_02A/202300449349200715_public.xml"
461613556,"MAURICIO FERNANDEZ PA",2023_TEOS_XML_02A,"2023_TEOS_XML_02A/202300449349200900_public.xml"
943068754,"Richard A Nagel CPA",2023_TEOS_XML_02A,"2023_TEOS_XML_02A/202300449349200940_public.xml"
473071419,"IRON-2-IRON MINISTRIES INC",2023_TEOS_XML_02A,"2023_TEOS_XML_02A/202300449349201340_public.xml"
363961835,"Bert Schmitt",2023_TEOS_XML_02A,"2023_TEOS_XML_02A/202300449349201380_public.xml"
391396456,"THE VANDERBLOEMEN GROUP LLC",2023_TEOS_XML_02A,"2023_TEOS_XML_02A/202300449349201425_public.xml"
452711332,"HENJES CONNER &amp; WILLIAMS PC",2023_TEOS_XML_02A,"2023_TEOS_XML_02A/202300449349300130_public.xml"
381368341,"Markowski &amp; Company CPAs",2023_TEOS_XML_02A,"2023_TEOS_XML_02A/202300449349300530_public.xml"
472494559,"Momentum Tax &amp; Financial LLC",2023_TEOS_XML_02A,"2023_TEOS_XML_02A/202300449349300640_public.xml"
311014373,"SAM BROWN CPA INC",2023_TEOS_XML_02A,"2023_TEOS_XML_02A/202300449349301030_public.xml"
205334367,"BABIONE KUEHLER &amp; COMPANY",2023_TEOS_XML_02A,"2023_TEOS_XML_02A/202300449349301225_public.xml"
455530186,"JOHN MICHAEL MILLER CPA INC",2023_TEOS_XML_02A,"2023_TEOS_XML_02A/202300449349301305_public.xml"
942771956,"ROBERT L WITHROW CPA",2023_TEOS_XML_02A,"2023_TEOS_XML_02A/202300449349301385_public.xml"
660545118,"SCUBA DOGS SOCIETY INC",2023_TEOS_XML_02A,"2023_TEOS_XML_02A/202300449349301400_public.xml"
912146802,"ARMANINO LLP",2023_TEOS_XML_02A,"2023_TEOS_XML_02A/202300449349301445_public.xml"
223246590,"Paterson Federation Knights of Columbus",2023_TEOS_XML_02A,"2023_TEOS_XML_02A/202300449349301505_public.xml"
237361922,"THE US TAX GROUP LTD",2023_TEOS_XML_02A,"2023_TEOS_XML_02A/202300449349301815_public.xml"
202387168,"KELEMEN &amp; STEPHENS PLLC",2023_TEOS_XML_02A,"2023_TEOS_XML_02A/202300449349302120_public.xml"
470743141,"O'DONNELL FICENEC WILLS &amp; FERDIG LLP",2023_TEOS_XML_02A,"2023_TEOS_XML_02A/202300449349302300_public.xml"
611705744,"JAMISONMONEYFARMER PC",2023_TEOS_XML_02A,"2023_TEOS_XML_02A/202330459349300823_public.xml"
943033875,"DELUCCHI HAWN LLP",2023_TEOS_XML_02A,"2023_TEOS_XML_02A/202300459349100110_public.xml"
873847490,"NEWBURG &amp; COMPANY LLP",2023_TEOS_XML_02A,"2023_TEOS_XML_02A/202300459349100310_public.xml"
352189469,"HONEYCUTT &amp; GRADY CPAS",2023_TEOS_XML_02A,"2023_TEOS_XML_02A/202300459349100630_public.xml"
862232427,"GREGORY L ASHCRAFT CPA PA",2023_TEOS_XML_02A,"2023_TEOS_XML_02A/202300459349100720_public.xml"
954035765,"HUTCHINSON &amp; BLOODGOOD LLP",2023_TEOS_XML_02A,"2023_TEOS_XML_02A/202300459349101305_public.xml"
850821747,"RSM US LLP",2023_TEOS_XML_02A,"2023_TEOS_XML_02A/202300459349200030_public.xml"
341198989,"CRUM &amp; COMPANY",2023_TEOS_XML_02A,"2023_TEOS_XML_02A/202300459349200805_public.xml"
453615077,"DIAMOND ASSOCIATES CPAS PC",2023_TEOS_XML_02A,"2023_TEOS_XML_02A/202300459349201125_public.xml"
453112684,"ARCHIE WHIRLWINDS MUSIC BOOSTER CLUB",2023_TEOS_XML_02A,"2023_TEOS_XML_02A/202300459349201300_public.xml"
261858486,"KILIMANJARO GUIDE SCHOLARSHIP FOUNDATION INC",2023_TEOS_XML_02A,"2023_TEOS_XML_02A/202300459349201400_public.xml"
226060979,"ISRAELOW LIPTON GILLIO MEYEROWITZ &amp; MELTZER",2023_TEOS_XML_02A,"2023_TEOS_XML_02A/202300459349201595_public.xml"
831447585,"Chollas RC Flyers",2023_TEOS_XML_02A,"2023_TEOS_XML_02A/202300459349201600_public.xml"
832838595,"TAXMOM",2023_TEOS_XML_02A,"2023_TEOS_XML_02A/202300459349201580_public.xml"
204856866,"MEISELS KUNSTLER PICKER &amp; AUERBACH CPA",2023_TEOS_XML_02A,"2023_TEOS_XML_02A/202300459349201720_public.xml"
300615456,"Russell Blank CPA",2023_TEOS_XML_02A,"2023_TEOS_XML_02A/202300459349201760_public.xml"
203282466,"MOSS ADAMS LLP",2023_TEOS_XML_02A,"2023_TEOS_XML_02A/202310459349302666_public.xml"
465035890,"Grow a Strong Family Inc",2023_TEOS_XML_02A,"2023_TEOS_XML_02A/202300459349201855_public.xml"
232092553,"WINDES INC",2023_TEOS_XML_02A,"2023_TEOS_XML_02A/202300459349202030_public.xml"
640501361,"DOBBINS &amp; MITCHELL PA CPAS",2023_TEOS_XML_02A,"2023_TEOS_XML_02A/202300459349300140_public.xml"
133616157,"Bencivenga Ward &amp; Co CPAs PC",2023_TEOS_XML_02A,"2023_TEOS_XML_02A/202300459349300220_public.xml"
741398063,"Carrie Says PC",2023_TEOS_XML_02A,"2023_TEOS_XML_02A/202300459349300540_public.xml"
854061521,"Cindy Bombard CPA PA",2023_TEOS_XML_02A,"2023_TEOS_XML_02A/202300459349300915_public.xml"
660428651,"PRODUCIR INC UNA CORP DE DESARROLLO COMUNAL Y ECON PARA CUBUY Y LOMAS",2023_TEOS_XML_02A,"2023_TEOS_XML_02A/202300459349301320_public.xml"
237143601,"CHARLAND MARCIANO &amp; COMPANY CPAS LLP",2023_TEOS_XML_02A,"2023_TEOS_XML_02A/202320459349300547_public.xml"
222480718,"Baldessari &amp; Coster LLP",2023_TEOS_XML_02A,"2023_TEOS_XML_02A/202330449349301778_public.xml"
833179524,"WELLS CPA LLC",2023_TEOS_XML_02A,"2023_TEOS_XML_02A/202300459349301750_public.xml"
410263032,"REESE WINTER &amp; ASSOCIATES LTD",2023_TEOS_XML_02A,"2023_TEOS_XML_02A/202300459349301930_public.xml"
660655436,"GALINDEZ LLC",2023_TEOS_XML_02A,"2023_TEOS_XML_02A/202300459349301965_public.xml"
542119728,"COHNREZNICK LLP",2023_TEOS_XML_02A,"2023_TEOS_XML_02A/202300459349302170_public.xml"
020171967,"TYLER SIMMS &amp; ST SAUVEUR CPAS PLLC",2023_TEOS_XML_02A,"2023_TEOS_XML_02A/202300459349302235_public.xml"
350320897,"Garner Tax Service",2023_TEOS_XML_02A,"2023_TEOS_XML_02A/202300459349302240_public.xml"
471648349,"CAMERON J SCHLUENS LLC",2023_TEOS_XML_02A,"2023_TEOS_XML_02A/202300459349302400_public.xml"
462333721,"Fruci &amp; Associates PS",2023_TEOS_XML_02A,"2023_TEOS_XML_02A/202300459349302480_public.xml"
842238694,"BOROS &amp; JOSEPH CPAS",2023_TEOS_XML_02A,"2023_TEOS_XML_02A/202300459349302535_public.xml"
756155809,"BROWN GRAHAM &amp; COMPANY PC",2023_TEOS_XML_02A,"2023_TEOS_XML_02A/202300469349100010_public.xml"
326096661,"Pasternack Associates LLC",2023_TEOS_XML_02A,"2023_TEOS_XML_02A/202300469349100115_public.xml"
237088099,"A ZWEIGEL FOUNDATION",2023_TEOS_XML_02A,"2023_TEOS_XML_02A/202300469349100105_public.xml"
522044109,"DEMBO JONES PC",2023_TEOS_XML_02A,"2023_TEOS_XML_02A/202300469349100445_public.xml"
821342578,"KURT A JOHNSON ESQ",2023_TEOS_XML_02A,"2023_TEOS_XML_02A/202300469349100530_public.xml"
256066918,"A F MCGERVEY &amp; CO LLC",2023_TEOS_XML_02A,"2023_TEOS_XML_02A/202300469349100715_public.xml"
844074278,"MAGINNIS &amp; CAREY LLP",2023_TEOS_XML_02A,"2023_TEOS_XML_02A/202300469349100805_public.xml"
522044108,"DEMBO JONES PC",2023_TEOS_XML_02A,"2023_TEOS_XML_02A/202300469349100830_public.xml"
593425577,"RUDOLPH &amp; SHIVERS PLLC",2023_TEOS_XML_02A,"2023_TEOS_XML_02A/202300469349101025_public.xml"
566583004,"WILSON MACEWEN &amp; CO CPA'S",2023_TEOS_XML_02A,"2023_TEOS_XML_02A/202300469349101030_public.xml"
205068278,"REHMANN ROBSON LLC",2023_TEOS_XML_02A,"2023_TEOS_XML_02A/202300469349101110_public.xml"
463439492,"Freedoms Ziptax Service Inc",2023_TEOS_XML_02A,"2023_TEOS_XML_02A/202300469349200045_public.xml"
262427597,"CHRISTINA POWERS TAX",2023_TEOS_XML_02A,"2023_TEOS_XML_02A/202300469349200135_public.xml"
461746279,"O'BRIEN &amp; TELLOYAN PC",2023_TEOS_XML_02A,"2023_TEOS_XML_02A/202300469349200145_public.xml"
881283687,"MAY JACKSON HENDRICK LLC",2023_TEOS_XML_02A,"2023_TEOS_XML_02A/202300469349200240_public.xml"
753056173,"FLAT BRANCH HUNTING CLUB INC",2023_TEOS_XML_02A,"2023_TEOS_XML_02A/202300469349200325_public.xml"
852673705,"PFMITCHELL ACCOUNTING",2023_TEOS_XML_02A,"2023_TEOS_XML_02A/202300469349200320_public.xml"
660795872,"COALICION DE CANCER COLORRECTAL DE PUERTO RICO INC",2023_TEOS_XML_02A,"2023_TEOS_XML_02A/202300469349200445_public.xml"
430693919,"LEGACY PROFESSIONALS LLP",2023_TEOS_XML_02A,"2023_TEOS_XML_02A/202300469349200430_public.xml"
431298148,"BT&amp;CO PA",2023_TEOS_XML_02A,"2023_TEOS_XML_02A/202310469339300306_public.xml"
660597473,"DanzActiva Inc",2023_TEOS_XML_02A,"2023_TEOS_XML_02A/202300469349200900_public.xml"
813659639,"CTA AND ASSOCIATES LLC",2023_TEOS_XML_02A,"2023_TEOS_XML_02A/202300469349200940_public.xml"
660672254,"Organizacion Pro Ambiente Sustentable Inc",2023_TEOS_XML_02A,"2023_TEOS_XML_02A/202300469349201000_public.xml"
621435649,"RITTER TAX &amp; ACCOUNTING SERVICES CPA",2023_TEOS_XML_02A,"2023_TEOS_XML_02A/202300469349201125_public.xml"
831859141,"Physicians for the Protection of Patients",2023_TEOS_XML_02A,"2023_TEOS_XML_02A/202320339349200902_public.xml"
873993083,"FIRST LIGHT CHARITIES INC",2023_TEOS_XML_02A,"2023_TEOS_XML_02A/202300469349201410_public.xml"
853079796,"LARRY WILKINS",2023_TEOS_XML_02A,"2023_TEOS_XML_02A/202300469349201655_public.xml"
520703117,"Mosaic Bookkeeping LLC",2023_TEOS_XML_02A,"2023_TEOS_XML_02A/202300469349201715_public.xml"
821526538,"VINCENT TAX SERVICE PLLC",2023_TEOS_XML_02A,"2023_TEOS_XML_02A/202340469349202319_public.xml"
371090665,"Gordon Stockman &amp; Waugh PC",2023_TEOS_XML_02A,"2023_TEOS_XML_02A/202300469349202015_public.xml"
453195578,"Nelson &amp; Pelura LLC",2023_TEOS_XML_02A,"2023_TEOS_XML_02A/202300469349202040_public.xml"
510170796,"SUMMIT CPAS",2023_TEOS_XML_02A,"2023_TEOS_XML_02A/202300469349202120_public.xml"
640656534,"PRINCE CPA FIRM PLLC",2023_TEOS_XML_02A,"2023_TEOS_XML_02A/202300469349202155_public.xml"
822884569,"BOBS TAX SERVICE",2023_TEOS_XML_02A,"2023_TEOS_XML_02A/202300469349202165_public.xml"
753129771,"Accurant LLC",2023_TEOS_XML_02A,"2023_TEOS_XML_02A/202300469349202500_public.xml"
026007687,"Baker Newman &amp; Noyes",2023_TEOS_XML_02A,"2023_TEOS_XML_02A/202300469349300010_public.xml"
986001095,"Barnardos",2023_TEOS_XML_02A,"2023_TEOS_XML_02A/202300469349300015_public.xml"
861864677,"GELMAN ROSENBERG &amp; FREEDMAN",2023_TEOS_XML_02A,"2023_TEOS_XML_02A/202300469349300320_public.xml"
851389338,"FLORIDAS FUTURE FIRST INC",2023_TEOS_XML_02A,"2023_TEOS_XML_02A/202300469349300700_public.xml"
541382430,"Shen Valley Tax and Bookkeeping",2023_TEOS_XML_02A,"2023_TEOS_XML_02A/202300469349300805_public.xml"
660830558,"Villafane &amp; Oti",2023_TEOS_XML_02A,"2023_TEOS_XML_02A/202300469349301000_public.xml"
340587560,"REA &amp; ASSOCIATES INC",2023_TEOS_XML_02A,"2023_TEOS_XML_02A/202300469349301020_public.xml"
980404212,"KPMG LLP",2023_TEOS_XML_02A,"2023_TEOS_XML_02A/202300469349301350_public.xml"
910833171,"SQUIRES MADDUX &amp; COMPANY PLLC",2023_TEOS_XML_02A,"2023_TEOS_XML_02A/202300469349301440_public.xml"
376035874,"MCGUIRE YUHAS HUFFMAN &amp; BUCKLEY PC",2023_TEOS_XML_02A,"2023_TEOS_XML_02A/202300469349301465_public.xml"
237327860,"BUTLER BURKE LLP",2023_TEOS_XML_02A,"2023_TEOS_XML_02A/202300469349301495_public.xml"
463404273,"STROTHMAN &amp; COMPANY PSC",2023_TEOS_XML_02A,"2023_TEOS_XML_02A/202300469349301605_public.xml"
660579504,"ETRENDS GROUP",2023_TEOS_XML_02A,"2023_TEOS_XML_02A/202300469349301640_public.xml"
461958390,"WITHUMSMITHBROWNPC",2023_TEOS_XML_02A,"2023_TEOS_XML_02A/202300469349301695_public.xml"
660894050,"POR LOS NUESTROS INC",2023_TEOS_XML_02A,"2023_TEOS_XML_02A/202300469349301750_public.xml"
261991511,"SAN DIEGO COMMUNITY LAND TRUST",2023_TEOS_XML_02A,"2023_TEOS_XML_02A/202300469349301960_public.xml"
262857555,"MENGEL METZGER BARR &amp; CO LLP",2023_TEOS_XML_02A,"2023_TEOS_XML_02A/202310299349300256_public.xml"
823103441,"Poole Accounting LLC",2023_TEOS_XML_02A,"2023_TEOS_XML_02A/202300469349302270_public.xml"
590754371,"RLMOLINA LLC",2023_TEOS_XML_02A,"2023_TEOS_XML_02A/202300469349302720_public.xml"
660635464,"Rodriguez Santiago CPA's PSC",2023_TEOS_XML_02A,"2023_TEOS_XML_02A/202300469349302765_public.xml"
300631431,"ROBERT RESCIGNO CPA",2023_TEOS_XML_02A,"2023_TEOS_XML_02A/202320469349302942_public.xml"
956043942,"FRAZER LLP",2023_TEOS_XML_02A,"2023_TEOS_XML_02A/202300469349303150_public.xml"
593001227,"REBECCA BENEVIDES PA",2023_TEOS_XML_02A,"2023_TEOS_XML_02A/202300469349303160_public.xml"
462630341,"NICK SKARGEE ACCOUNTING &amp; TAX INC",2023_TEOS_XML_02A,"2023_TEOS_XML_02A/202300469349303350_public.xml"
660692753,"DECIMANIA INC",2023_TEOS_XML_02A,"2023_TEOS_XML_02A/202300469349303400_public.xml"
204337002,"WINDHAM BRANNON LLC",2023_TEOS_XML_02A,"2023_TEOS_XML_02A/202340479349301809_public.xml"
320486150,"ERNST &amp; YOUNG US LLP",2023_TEOS_XML_02A,"2023_TEOS_XML_02A/202300469349303320_public.xml"
311795328,"SC&amp;H FINANCIAL ADVISORS INC",2023_TEOS_XML_02A,"2023_TEOS_XML_02A/202300479349100105_public.xml"
203266222,"CHERRY BEKAERT ADVISORY LLC",2023_TEOS_XML_02A,"2023_TEOS_XML_02A/202340449349100334_public.xml"
810853344,"CSD ADVISORS PLLC",2023_TEOS_XML_02A,"2023_TEOS_XML_02A/202300479349100215_public.xml"
473481990,"MICHEL LATUSO JR CPA LLC",2023_TEOS_XML_02A,"2023_TEOS_XML_02A/202300479349100315_public.xml"
237384483,"VARNEY &amp; ASSOCIATES CPAS LLC",2023_TEOS_XML_02A,"2023_TEOS_XML_02A/202300479349100810_public.xml"
205077548,"SES GROUP PLLC",2023_TEOS_XML_02A,"2023_TEOS_XML_02A/202300479349200020_public.xml"
660939965,"AFS CPA GROUP LLC",2023_TEOS_XML_02A,"2023_TEOS_XML_02A/202300479349200105_public.xml"
800459713,"ALBERT RODRIGUEZ CPA",2023_TEOS_XML_02A,"2023_TEOS_XML_02A/202300479349200115_public.xml"
461283481,"SCOTT BOYAR CPA PLLC",2023_TEOS_XML_02A,"2023_TEOS_XML_02A/202300479349200225_public.xml"
830682834,"Tidd Tax &amp; Accounting LLC",2023_TEOS_XML_02A,"2023_TEOS_XML_02A/202300479349200345_public.xml"
462351524,"Mid Columbia Senior Golf Association",2023_TEOS_XML_02A,"2023_TEOS_XML_02A/202300479349200525_public.xml"
223876992,"AMERICAN INDIAN CHAMBER OF COMMERCE OF NC",2023_TEOS_XML_02A,"2023_TEOS_XML_02A/202300479349200620_public.xml"
561220696,"United Steelworkers International Local Union 00193M",2023_TEOS_XML_02A,"2023_TEOS_XML_02A/202300479349200715_public.xml"
630917621,"WARREN AVERETT LLC",2023_TEOS_XML_02A,"2023_TEOS_XML_02A/202300479349201010_public.xml"
862544939,"Rising Sun Accounting",2023_TEOS_XML_02A,"2023_TEOS_XML_02A/202300479349201325_public.xml"
760828315,"AUGUST L HORMAY WILDLANDS INSTITUTE INC",2023_TEOS_XML_02A,"2023_TEOS_XML_02A/202300479349201400_public.xml"
800374945,"Hillsborough Accounting Services",2023_TEOS_XML_02A,"2023_TEOS_XML_02A/202300479349201435_public.xml"
660915769,"YOUTH FOR CHRIST PR INC",2023_TEOS_XML_02A,"2023_TEOS_XML_02A/202320479349300902_public.xml"
460578307,"PAUL J CHRISTENSEN &amp; ASSOCIATES LLC",2023_TEOS_XML_02A,"2023_TEOS_XML_02A/202300479349300600_public.xml"
854159351,"MILLER-RICE &amp; ASSOCIATES LLC",2023_TEOS_XML_02A,"2023_TEOS_XML_02A/202300479349300815_public.xml"
670253542,"BERT SMITH &amp; CO",2023_TEOS_XML_02A,"2023_TEOS_XML_02A/202300479349300930_public.xml"
363390458,"DISTRICT 882 EDUCATIONAL AND SCHOLARSHIP FOUNDATION",2023_TEOS_XML_02A,"2023_TEOS_XML_02A/202300479349301105_public.xml"
821562919,"BHLF LLP",2023_TEOS_XML_02A,"2023_TEOS_XML_02A/202300479349301410_public.xml"
980042539,"UNIVERSITY OF REGINA",2023_TEOS_XML_02A,"2023_TEOS_XML_02A/202300479349301215_public.xml"
811727068,"EDUCATE HAITI INC",2023_TEOS_XML_02A,"2023_TEOS_XML_02A/202300479349301420_public.xml"
521795318,"GEORGEN SCARBOROUGH ASSOCIATES PC",2023_TEOS_XML_02A,"2023_TEOS_XML_02A/202320479349301417_public.xml"
752163487,"CLIFTONLARSONALLEN",2023_TEOS_XML_02A,"2023_TEOS_XML_02A/202300479349301505_public.xml"
205649849,"SWEENEY CONRAD PS",2023_TEOS_XML_02A,"2023_TEOS_XML_02A/202300479349301610_public.xml"
314184060,"PTG Tax and Accounting LLC",2023_TEOS_XML_02A,"2023_TEOS_XML_02A/202300479349301625_public.xml"
640440496,"Ellis &amp; Hirsberg CPA PLLC",2023_TEOS_XML_02A,"2023_TEOS_XML_02A/202300479349301780_public.xml"
474978181,"WALKOWICZ BOCZKIEWICZ &amp; CO SC",2023_TEOS_XML_02A,"2023_TEOS_XML_02A/202300479349301905_public.xml"
542010719,"MCNAIR MCLEMORE MIDDLEBROOKS &amp; CO LLC",2023_TEOS_XML_02A,"2023_TEOS_XML_02A/202300489349100010_public.xml"
260631873,"MOHATT JOHNSON &amp; GODWIN LLP",2023_TEOS_XML_02A,"2023_TEOS_XML_02A/202300489349100020_public.xml"
844103870,"HARRIS &amp; CO PLLC",2023_TEOS_XML_02A,"2023_TEOS_XML_02A/202300489349100115_public.xml"
550824285,"DAVIS GROUP PA",2023_TEOS_XML_02A,"2023_TEOS_XML_02A/202300489349100225_public.xml"
760667147,"TERESA L HERBERT MEMORIAL FOUNDATION",2023_TEOS_XML_02A,"2023_TEOS_XML_02A/202300489349100300_public.xml"
873224733,"SWINDON SPRINGER &amp; COMPANY INC CPAS",2023_TEOS_XML_02A,"2023_TEOS_XML_02A/202300489349100405_public.xml"
841997400,"HRB TAX GROUP INC",2023_TEOS_XML_02A,"2023_TEOS_XML_02A/202300489349100510_public.xml"
851315657,"The Rock Star Readers",2023_TEOS_XML_02A,"2023_TEOS_XML_02A/202300489349100500_public.xml"
862763826,"BAILEY ENTERPRISES INC",2023_TEOS_XML_02A,"2023_TEOS_XML_02A/202300489349200000_public.xml"
237329577,"DOUGLAS WECHSLER CPA",2023_TEOS_XML_02A,"2023_TEOS_XML_02A/202310479349200026_public.xml"
366127611,"OFFICE AND PROFESSIONAL EMPLOYEES INTERNATIONAL UNION",2023_TEOS_XML_02A,"2023_TEOS_XML_02A/202300489349200400_public.xml"
752495916,"ITS A CHALLENGE",2023_TEOS_XML_02A,"2023_TEOS_XML_02A/202300489349200300_public.xml"
611656613,"H AND R BLOCK",2023_TEOS_XML_02A,"2023_TEOS_XML_02A/202300489349200420_public.xml"
510180630,"NORTHEASTERN WISCONSIN GREAT LAKES SPORT FISHERMEN INC",2023_TEOS_XML_02A,"2023_TEOS_XML_02A/202300489349200705_public.xml"
881228248,"Elsie Yau",2023_TEOS_XML_02A,"2023_TEOS_XML_02A/202300489349200915_public.xml"
463434365,"TWRU CPAS &amp; FINANCIAL ADVISORS",2023_TEOS_XML_02A,"2023_TEOS_XML_02A/202300489349201010_public.xml"
462019187,"Clouse &amp; Hall CPA",2023_TEOS_XML_02A,"2023_TEOS_XML_02A/202310489349200211_public.xml"
823569312,"The Tax Shoppe of SLC Inc",2023_TEOS_XML_02A,"2023_TEOS_XML_02A/202300489349201140_public.xml"
208816539,"TAXING TIMES",2023_TEOS_XML_02A,"2023_TEOS_XML_02A/202300489349201305_public.xml"
521960754,"Ruchowitz Hausman Palmieri",2023_TEOS_XML_02A,"2023_TEOS_XML_02A/202300489349201240_public.xml"
562370145,"HRB TAX GROUP INC",2023_TEOS_XML_02A,"2023_TEOS_XML_02A/202300489349201315_public.xml"
431813142,"HRB TAX GROUP INC",2023_TEOS_XML_02A,"2023_TEOS_XML_02A/202300489349201320_public.xml"
452662887,"SCOTT ACCOUNTING AND TAX LLC",2023_TEOS_XML_02A,"2023_TEOS_XML_02A/202300489349201610_public.xml"
462637954,"HELP ELIMINATE LEGAL PROBLEMS FOR SENIORS AND DISSABLED",2023_TEOS_XML_02A,"2023_TEOS_XML_02A/202300489349300400_public.xml"
232966021,"WNC CPAS &amp; CONSULTANTS LLC",2023_TEOS_XML_02A,"2023_TEOS_XML_02A/202300489349301030_public.xml"
250801275,"Hudson Business Service LLC",2023_TEOS_XML_02A,"2023_TEOS_XML_02A/202300489349301305_public.xml"
872350387,"DAPCPA RPO LLC",2023_TEOS_XML_02A,"2023_TEOS_XML_02A/202300489349301445_public.xml"
660846442,"Executive Accounting LLC",2023_TEOS_XML_02A,"2023_TEOS_XML_02A/202300489349301655_public.xml"
320204732,"Wood Stephens &amp; ONeil LLP",2023_TEOS_XML_02A,"2023_TEOS_XML_02A/202300489349301680_public.xml"
362075880,"NAUGHTON &amp; COMPANY",2023_TEOS_XML_02A,"2023_TEOS_XML_02A/202300489349301815_public.xml"
465228201,"Deona's Accurate Tax &amp; Accountin",2023_TEOS_XML_02A,"2023_TEOS_XML_02A/202300499349100310_public.xml"
911920161,"EIDE BAILLY LLP",2023_TEOS_XML_02A,"2023_TEOS_XML_02A/202300499349100705_public.xml"
833264160,"Jack &amp; Company",2023_TEOS_XML_02A,"2023_TEOS_XML_02A/202300499349200015_public.xml"
842934255,"EASY ACCOUNTING SERVICES 88 INC",2023_TEOS_XML_02A,"2023_TEOS_XML_02A/202300499349200025_public.xml"
450518086,"Gamble-Richardson CPA's PC",2023_TEOS_XML_02A,"2023_TEOS_XML_02A/202300499349200315_public.xml"
133571281,"DESANTIS KIEFER SHALL &amp; SARCONE LLP",2023_TEOS_XML_02A,"2023_TEOS_XML_02A/202300499349200405_public.xml"
832104855,"ZBS Group LLP",2023_TEOS_XML_02A,"2023_TEOS_XML_02A/202300499349200415_public.xml"
852272374,"Truth In Politics",2023_TEOS_XML_02A,"2023_TEOS_XML_02A/202300499349200500_public.xml"
030290715,"251 CLUB",2023_TEOS_XML_02A,"2023_TEOS_XML_02A/202300499349200535_public.xml"
586034983,"THE MCGEE CPA GROUP PC",2023_TEOS_XML_02A,"2023_TEOS_XML_02A/202300499349300015_public.xml"
113828388,"NANCY S CLAYTON",2023_TEOS_XML_02A,"2023_TEOS_XML_02A/202300499349300410_public.xml"
815078432,"Villa Accounting and Tax Solutions",2023_TEOS_XML_02A,"2023_TEOS_XML_02A/202300499349300425_public.xml"
046052722,"INGLE &amp; ASSOCIATES LLC",2023_TEOS_XML_02A,"2023_TEOS_XML_02A/202300499349300805_public.xml"
581623858,"Mike Dodd CPA",2023_TEOS_XML_02A,"2023_TEOS_XML_02A/202300509349200060_public.xml"
660494198,"INTERNATIONAL UNION UAW LOCAL 1850",2023_TEOS_XML_02A,"2023_TEOS_XML_02A/202300509349200350_public.xml"
386164062,"YASKE &amp; ASSOCIATES PLLC",2023_TEOS_XML_02A,"2023_TEOS_XML_02A/202300509349300050_public.xml"
436063697,"J TENBRINK &amp; ASSOCIATES",2023_TEOS_XML_02A,"2023_TEOS_XML_02A/202300509349300105_public.xml"
833620254,"HILL BARTH &amp; KING LLC",2023_TEOS_XML_02A,"2023_TEOS_XML_02A/202330519349300893_public.xml"
411910972,"RSM US LLP",2023_TEOS_XML_02A,"2023_TEOS_XML_02A/202300519349100010_public.xml"
753183643,"Iota Financial LLC",2023_TEOS_XML_02A,"2023_TEOS_XML_02A/202300519349100070_public.xml"
871520208,"Barry Tenenholtz CPA",2023_TEOS_XML_02A,"2023_TEOS_XML_02A/202300519349100215_public.xml"
205620671,"THE BOMHOFF FAMILY FOUNDATION",2023_TEOS_XML_02A,"2023_TEOS_XML_02A/202300519349100405_public.xml"
271498899,"PLYLER STALLOP &amp; COMPTON PLLC",2023_TEOS_XML_02A,"2023_TEOS_XML_02A/202300519349100410_public.xml"
113379626,"GOLDSTEIN LIEBERMAN &amp; CO LLC",2023_TEOS_XML_02A,"2023_TEOS_XML_02A/202300519349100655_public.xml"
845128318,"Cleven Accounting Group",2023_TEOS_XML_02A,"2023_TEOS_XML_02A/202300519349100755_public.xml"
742479489,"SOUND ACCOUNTING &amp; MUSIC SERVICES LLC",2023_TEOS_XML_02A,"2023_TEOS_XML_02A/202300519349200000_public.xml"
450362830,"International Brotherhood of System Council U-26",2023_TEOS_XML_02A,"2023_TEOS_XML_02A/202300519349200120_public.xml"
954179366,"CAROL ROBERTS EA",2023_TEOS_XML_02A,"2023_TEOS_XML_02A/202300519349200240_public.xml"
016015357,"KIERZYNSKI ASSOCIATES CPA PA",2023_TEOS_XML_02A,"2023_TEOS_XML_02A/202300519349200305_public.xml"
273422774,"Riverwalk Estates of Walla Walla",2023_TEOS_XML_02A,"2023_TEOS_XML_02A/202310519349200201_public.xml"
942755639,"BREGANTE COMPANY LLP CPAS",2023_TEOS_XML_02A,"2023_TEOS_XML_02A/202300519349200410_public.xml"
822403669,"SHADOW MOUNTAIN LITTLE LEAGUE",2023_TEOS_XML_02A,"2023_TEOS_XML_02A/202300519349200425_public.xml"
474968613,"THE HURST COMPANY CPAS PA",2023_TEOS_XML_02A,"2023_TEOS_XML_02A/202300519349200605_public.xml"
900585179,"North Tucker Neighborhood Alliance",2023_TEOS_XML_02A,"2023_TEOS_XML_02A/202300519349200700_public.xml"
464001402,"RICHAR TRINCH &amp; CO PC",2023_TEOS_XML_02A,"2023_TEOS_XML_02A/202300519349200865_public.xml"
850384973,"MIKE MORONES &amp; ASSOCIATES LLC",2023_TEOS_XML_02A,"2023_TEOS_XML_02A/202300519349200915_public.xml"
832707657,"FRIENDS OF PALATINE LACROSSE",2023_TEOS_XML_02A,"2023_TEOS_XML_02A/202300519349201005_public.xml"
200163292,"Minster Journeyman's Club",2023_TEOS_XML_02A,"2023_TEOS_XML_02A/202300519349201010_public.xml"
200055272,"DEADWOOD HUNTING CLUB",2023_TEOS_XML_02A,"2023_TEOS_XML_02A/202300519349201110_public.xml"
341344144,"SENECA MEMORIAL GARDENS",2023_TEOS_XML_02A,"2023_TEOS_XML_02A/202300519349201115_public.xml"
426072458,"HOULIHAN &amp; ASSOCIATES PC",2023_TEOS_XML_02A,"2023_TEOS_XML_02A/202300519349201135_public.xml"
853817072,"ALAN GASWIRTH TAX PREPARATION",2023_TEOS_XML_02A,"2023_TEOS_XML_02A/202300519349201240_public.xml"
863564625,"Petes Tax Service",2023_TEOS_XML_02A,"2023_TEOS_XML_02A/202300519349201260_public.xml"
113636534,"POSSES &amp; CHASAN CPAs PLLC",2023_TEOS_XML_02A,"2023_TEOS_XML_02A/202300519349201310_public.xml"
161588624,"DEJOY KNAUF &amp; BLOOD LLP",2023_TEOS_XML_02A,"2023_TEOS_XML_02A/202300519349201325_public.xml"
810984711,"Lynn S Macy CPA",2023_TEOS_XML_02A,"2023_TEOS_XML_02A/202300519349201350_public.xml"
863173570,"AMERICAN CONSULTING PARTNERS CORPOR",2023_TEOS_XML_02A,"2023_TEOS_XML_02A/202300519349201365_public.xml"
471661610,"Stewardship Accounting LLC",2023_TEOS_XML_02A,"2023_TEOS_XML_02A/202300519349201415_public.xml"
311063950,"OHIO NOW EDUCATION AND LEGAL FUND",2023_TEOS_XML_02A,"2023_TEOS_XML_02A/202300519349300010_public.xml"
833472536,"WISS &amp; COMPANY LLP",2023_TEOS_XML_02A,"2023_TEOS_XML_02A/202300519349300025_public.xml"
710537373,"BERRY &amp; ASSOCIATES PA",2023_TEOS_XML_02A,"2023_TEOS_XML_02A/202300519349300105_public.xml"
561064770,"CRYSTAL K HAMRICK CPA",2023_TEOS_XML_02A,"2023_TEOS_XML_02A/202300519349300300_public.xml"
370903260,"KEMPER CPA GROUP LLP",2023_TEOS_XML_02A,"2023_TEOS_XML_02A/202300519349300405_public.xml"
381278008,"FRATERNAL ORDER OF EAGLES AERIE 2449",2023_TEOS_XML_02A,"2023_TEOS_XML_02A/202300519349300505_public.xml"
883099729,"NEIGHBORS TO PRESERVE SAN BENITO - FARMERS LOCAL MERCHANTS AND WORKING FAMI",2023_TEOS_XML_02A,"2023_TEOS_XML_02A/202300519349300500_public.xml"
611440774,"MOUNTAIN TAX INC",2023_TEOS_XML_02A,"2023_TEOS_XML_02A/202300519349300925_public.xml"
431689558,"MWR CPAS LLC",2023_TEOS_XML_02A,"2023_TEOS_XML_02A/202300519349301210_public.xml"
222813765,"Meltzer &amp; Meltzer LLC",2023_TEOS_XML_02A,"2023_TEOS_XML_02A/202300529339300400_public.xml"
656400978,"KMETZ ELWELL GRAHAM &amp; ASSOC PLLC",2023_TEOS_XML_02A,"2023_TEOS_XML_02A/202300529349100215_public.xml"
831090762,"Tax Time",2023_TEOS_XML_02A,"2023_TEOS_XML_02A/202300529349100520_public.xml"
464023197,"SIKICH LLP",2023_TEOS_XML_02A,"2023_TEOS_XML_02A/202300529349100525_public.xml"
341961400,"Eastman &amp; Smith Ltd",2023_TEOS_XML_02A,"2023_TEOS_XML_02A/202300529349100710_public.xml"
346517991,"PACKER THOMAS",2023_TEOS_XML_02A,"2023_TEOS_XML_02A/202300529349100950_public.xml"
814836367,"SWISS RIFLES OF WASHINGTON DC",2023_TEOS_XML_02A,"2023_TEOS_XML_02A/202300529349200010_public.xml"
454364196,"JANICE C FOSTER CPA",2023_TEOS_XML_02A,"2023_TEOS_XML_02A/202300529349200030_public.xml"
841623338,"O'DONNELL FICENEC WILLS &amp; FERDIG LLP",2023_TEOS_XML_02A,"2023_TEOS_XML_02A/202300529349200240_public.xml"
825372240,"350 Seattle Action",2023_TEOS_XML_02A,"2023_TEOS_XML_02A/202300529349200335_public.xml"
161669181,"COTILLION CLUB OF CINCINNATI INC",2023_TEOS_XML_02A,"2023_TEOS_XML_02A/202300529349200410_public.xml"
471194505,"DALLAS CHAMBER CHOIR",2023_TEOS_XML_02A,"2023_TEOS_XML_02A/202300529349200540_public.xml"
953499854,"Stewarts Business &amp; Tax Service",2023_TEOS_XML_02A,"2023_TEOS_XML_02A/202300529349200620_public.xml"
870787617,"MARINERS COVE CONDOMINIUM ASSOCIATION OF VERMILION INC",2023_TEOS_XML_02A,"2023_TEOS_XML_02A/202300529349200710_public.xml"
363947722,"KWAL &amp; OLIVA PA CPAS",2023_TEOS_XML_02A,"2023_TEOS_XML_02A/202300529349200730_public.xml"
843188888,"HONORING OUR HOMETOWN HEROES OF DENTON COUNTY INC",2023_TEOS_XML_02A,"2023_TEOS_XML_02A/202300529349200815_public.xml"
311304289,"HOBE &amp; LUCAS CPAS",2023_TEOS_XML_02A,"2023_TEOS_XML_02A/202300529349200915_public.xml"
200119345,"HOOTEN FINANCIAL SERVICES",2023_TEOS_XML_02A,"2023_TEOS_XML_02A/202300529349201010_public.xml"
873465923,"PRIDE FRISCO",2023_TEOS_XML_02A,"2023_TEOS_XML_02A/202300529349201115_public.xml"
841985375,"THE CATING ACCOUNTING FIRM",2023_TEOS_XML_02A,"2023_TEOS_XML_02A/202300529349201365_public.xml"
831242433,"JOE FORSMANN AND ASSOCIATES",2023_TEOS_XML_02A,"2023_TEOS_XML_02A/202300529349201565_public.xml"
364837009,"STATEWIDE TAX AND FINANCIAL SERVICE",2023_TEOS_XML_02A,"2023_TEOS_XML_02A/202300529349201600_public.xml"
237020087,"COLLINGWOOD &amp; ASSOCIATES PC",2023_TEOS_XML_02A,"2023_TEOS_XML_02A/202300529349300010_public.xml"
852853136,"GREERWALKER LLP",2023_TEOS_XML_02A,"2023_TEOS_XML_02A/202300529349300615_public.xml"
873938907,"JOB RIDES INC",2023_TEOS_XML_02A,"2023_TEOS_XML_02A/202300529349301130_public.xml"
431655064,"CLIFTONLARSONALLEN LLP",2023_TEOS_XML_02A,"2023_TEOS_XML_02A/202300529349301505_public.xml"
311417956,"PLANTE &amp; MORAN PLLC",2023_TEOS_XML_02A,"2023_TEOS_XML_02A/202300529349301245_public.xml"
592893387,"SCHAFER TSCHOPP WHITCOMB ET AL",2023_TEOS_XML_02A,"2023_TEOS_XML_02A/202300529349301550_public.xml"
205792415,"CATARINEAU &amp; CATARINEAU LLC",2023_TEOS_XML_02A,"2023_TEOS_XML_02A/202300539349100105_public.xml"
822120080,"Waltons Accounting Services LLC",2023_TEOS_XML_02A,"2023_TEOS_XML_02A/202300539349100320_public.xml"
272951474,"ETHEL M LAUSEN CHARITIES",2023_TEOS_XML_02A,"2023_TEOS_XML_02A/202300539349100325_public.xml"
200996056,"THE BARRON CHARITABLE FOUNDATION",2023_TEOS_XML_02A,"2023_TEOS_XML_02A/202310539349100611_public.xml"
954613044,"GOLDBERG &amp; COMPANY",2023_TEOS_XML_02A,"2023_TEOS_XML_02A/202300539349100510_public.xml"
351765093,"SECOND CHANCE WILDLIFE REHABILITATION CENTER INC",2023_TEOS_XML_02A,"2023_TEOS_XML_02A/202300539349100600_public.xml"
363853453,"LTH ACCOUNTING &amp; TAX SERVICES PC",2023_TEOS_XML_02A,"2023_TEOS_XML_02A/202300539349200200_public.xml"
261148290,"Forge Crest Property Owners Association",2023_TEOS_XML_02A,"2023_TEOS_XML_02A/202300539349200305_public.xml"
863714746,"A Better Choice Tax Preparation",2023_TEOS_XML_02A,"2023_TEOS_XML_02A/202300539349200345_public.xml"
200050292,"HRB TAX GROUP INC",2023_TEOS_XML_02A,"2023_TEOS_XML_02A/202300539349200415_public.xml"
475356074,"Mike Bell &amp; Associates LLC",2023_TEOS_XML_02A,"2023_TEOS_XML_02A/202300539349200400_public.xml"
412077754,"Duane E Anderson CPA",2023_TEOS_XML_02A,"2023_TEOS_XML_02A/202300539349200525_public.xml"
824198746,"Indian Cultural Center of Peoria",2023_TEOS_XML_02A,"2023_TEOS_XML_02A/202300539349200600_public.xml"
852559053,"THE TAX COMPANY",2023_TEOS_XML_02A,"2023_TEOS_XML_02A/202300539349200930_public.xml"
883636856,"Plasma Farms Inc",2023_TEOS_XML_02A,"2023_TEOS_XML_02A/202300539349201100_public.xml"
300357758,"YARMOUTH ART GUILD",2023_TEOS_XML_02A,"2023_TEOS_XML_02A/202300539349201310_public.xml"
274186172,"AMATEUR ATHLETIC UNION OF THE UNITED STATES INC",2023_TEOS_XML_02A,"2023_TEOS_XML_02A/202300539349201320_public.xml"
451902461,"Tagawa &amp; Ho LLP",2023_TEOS_XML_02A,"2023_TEOS_XML_02A/202300539349201305_public.xml"
631162431,"Bryan Tax and Acctg Service LLC",2023_TEOS_XML_02A,"2023_TEOS_XML_02A/202300539349201330_public.xml"
840745231,"GIBBS &amp; ASSOCIATES PLLC",2023_TEOS_XML_02A,"2023_TEOS_XML_02A/202300539349201425_public.xml"
300920287,"Egreentax LLC",2023_TEOS_XML_02A,"2023_TEOS_XML_02A/202300539349201605_public.xml"
873482693,"COMPLETE BUSINESS SVC",2023_TEOS_XML_02A,"2023_TEOS_XML_02A/202300539349201610_public.xml"
133842415,"JAMES M WOOD CPA",2023_TEOS_XML_02A,"2023_TEOS_XML_02A/202300539349300105_public.xml"
204935391,"JL GOOD AND ASSOCIATES PA CPA",2023_TEOS_XML_02A,"2023_TEOS_XML_02A/202300539349300500_public.xml"
272963227,"MOLINARI OSWALD LLC",2023_TEOS_XML_02A,"2023_TEOS_XML_02A/202300539349300605_public.xml"
813235933,"DULAC'S BOOKKEEPING &amp; TAXPRE",2023_TEOS_XML_02A,"2023_TEOS_XML_02A/202300539349300735_public.xml"
203902846,"RALPH C JOHNSON &amp; COMPANY PC",2023_TEOS_XML_02A,"2023_TEOS_XML_02A/202300539349300865_public.xml"
581804736,"Fox &amp; Company LLC",2023_TEOS_XML_02A,"2023_TEOS_XML_02A/202300539349300940_public.xml"
300686145,"DePretis CPAs Inc",2023_TEOS_XML_02A,"2023_TEOS_XML_02A/202300539349301105_public.xml"
720940987,"M CARLEEN DUMAS CPA",2023_TEOS_XML_02A,"2023_TEOS_XML_02A/202300539349301135_public.xml"
980035702,"CASSELLS &amp; ASSOCIATES CPA PA",2023_TEOS_XML_02A,"2023_TEOS_XML_02A/202300539349301140_public.xml"
824972555,"TRIMARCO RADENCICH LLC",2023_TEOS_XML_02A,"2023_TEOS_XML_02A/202300539349301250_public.xml"
133779197,"WITHUMSMITHBROWN PC",2023_TEOS_XML_02A,"2023_TEOS_XML_02A/202300539349301310_public.xml"
660550404,"FERNANDEZ VALDIVIA &amp; COMPANY PSC",2023_TEOS_XML_02A,"2023_TEOS_XML_02A/202300539349301375_public.xml"
455133995,"RLK Tax Preparation Inc",2023_TEOS_XML_02A,"2023_TEOS_XML_02A/202300539349301605_public.xml"
474290238,"Linwood YMCA QALICB Inc (3329 - SO3)",2023_TEOS_XML_02A,"2023_TEOS_XML_02A/202300539349301610_public.xml"
581567835,"LBMC PC",2023_TEOS_XML_02A,"2023_TEOS_XML_02A/202300539349301700_public.xml"
825378097,"Gray Matter Accounting &amp; Payroll",2023_TEOS_XML_02A,"2023_TEOS_XML_02A/202330549349300008_public.xml"
884281885,"Proxion Tax Inc",2023_TEOS_XML_02A,"2023_TEOS_XML_02A/202300549349100000_public.xml"
954817905,"FRAZIN AND CO CPA",2023_TEOS_XML_02A,"2023_TEOS_XML_02A/202300549349100100_public.xml"
203896999,"CRAMER &amp; TYNAN LLP",2023_TEOS_XML_02A,"2023_TEOS_XML_02A/202300549349100115_public.xml"
833108730,"SCHWARTZ AND COMPANY CPA'S PLLC",2023_TEOS_XML_02A,"2023_TEOS_XML_02A/202340549349100209_public.xml"
204814176,"WEISS &amp; COMPANY LLP",2023_TEOS_XML_02A,"2023_TEOS_XML_02A/202300549349100815_public.xml"
823568483,"MURPHY TAX SERVICE",2023_TEOS_XML_02A,"2023_TEOS_XML_02A/202340389349200324_public.xml"
464195290,"KOPIN &amp; COMPANY CPA PC",2023_TEOS_XML_02A,"2023_TEOS_XML_02A/202300549349200205_public.xml"
043189725,"DOWNEY PIECIAK FITZGERALD &amp; CO PC",2023_TEOS_XML_02A,"2023_TEOS_XML_02A/202300549349200215_public.xml"
201584219,"SOMMERVILLE &amp; ASSOCIATES PC",2023_TEOS_XML_02A,"2023_TEOS_XML_02A/202300549349200220_public.xml"
043172440,"Cranstoun &amp; Williams CPAs LLC",2023_TEOS_XML_02A,"2023_TEOS_XML_02A/202300549349200335_public.xml"
833773372,"New Gloucester Citizens for a Town Charter",2023_TEOS_XML_02A,"2023_TEOS_XML_02A/202300549349200600_public.xml"
331114232,"TRIMNERBECKHAM PLLC",2023_TEOS_XML_02A,"2023_TEOS_XML_02A/202300549349200525_public.xml"
841338884,"STUHR &amp; ASSOCIATES LLC",2023_TEOS_XML_02A,"2023_TEOS_XML_02A/202300549349200620_public.xml"
841881580,"ROY MILLER AND ASSOCIATES CPAS",2023_TEOS_XML_02A,"2023_TEOS_XML_02A/202310549349201211_public.xml"
731279265,"Wanda Jackson Tax &amp; Bookkeeping Service",2023_TEOS_XML_02A,"2023_TEOS_XML_02A/202300549349200740_public.xml"
113838437,"NEW HOPE FARM INC",2023_TEOS_XML_02A,"2023_TEOS_XML_02A/202300549349201500_public.xml"
420888028,"OTTO LAW OFFICE PLLC",2023_TEOS_XML_02A,"2023_TEOS_XML_02A/202300549349300140_public.xml"
874005921,"PLANTE &amp; MORAN PLLC",2023_TEOS_XML_02A,"2023_TEOS_XML_02A/202300549349300220_public.xml"
731464310,"Denise H Lunt CPA",2023_TEOS_XML_02A,"2023_TEOS_XML_02A/202300549349300320_public.xml"
516015640,"D'AMATO &amp; LASPADA LLC",2023_TEOS_XML_02A,"2023_TEOS_XML_02A/202300549349300415_public.xml"
260531116,"EMPOWERING COMMUNITY HEALTHCARE OUTREACH",2023_TEOS_XML_02A,"2023_TEOS_XML_02A/202300549349301120_public.xml"
362212706,"Alan D Lasko &amp; Assoc PC",2023_TEOS_XML_02A,"2023_TEOS_XML_02A/202300549349301505_public.xml"
480918084,"Lornas Tax &amp; Bookkeeping Service",2023_TEOS_XML_02A,"2023_TEOS_XML_02A/202300549349301550_public.xml"
812227512,"HICKEY &amp; ASSOCIATES CPAS INC",2023_TEOS_XML_02A,"2023_TEOS_XML_02A/202310279349100011_public.xml"
366051857,"PricewaterhouseCoopers LLP",2023_TEOS_XML_02A,"2023_TEOS_XML_02A/202310279349100111_public.xml"
821213354,"David L Garrett CPA PSC",2023_TEOS_XML_02A,"2023_TEOS_XML_02A/202310279349100311_public.xml"
042553273,"Burke &amp; Company LLC",2023_TEOS_XML_02A,"2023_TEOS_XML_02A/202310279349100211_public.xml"
463682019,"DBNTAX",2023_TEOS_XML_02A,"2023_TEOS_XML_02A/202310279349100421_public.xml"
566074652,"DMJPS PLLC",2023_TEOS_XML_02A,"2023_TEOS_XML_02A/202310279349100501_public.xml"
383310887,"ROBERTS BOEHLER &amp; FISHER PC",2023_TEOS_XML_02A,"2023_TEOS_XML_02A/202310279349200201_public.xml"
470626040,"JM &amp; ASSOCIATES PC",2023_TEOS_XML_02A,"2023_TEOS_XML_02A/202310279349200736_public.xml"
832780792,"Johnston's Tax Service Inc",2023_TEOS_XML_02A,"2023_TEOS_XML_02A/202310279349200986_public.xml"
472873187,"Accounting Plus Inc",2023_TEOS_XML_02A,"2023_TEOS_XML_02A/202310279349201021_public.xml"
203712279,"Kraft &amp; Company PLLC",2023_TEOS_XML_02A,"2023_TEOS_XML_02A/202310279349201026_public.xml"
810610647,"Beyond Taxes LLC",2023_TEOS_XML_02A,"2023_TEOS_XML_02A/202310279349201416_public.xml"
203037608,"MAY JACKSON HENDRICK LLC",2023_TEOS_XML_02A,"2023_TEOS_XML_02A/202310279349201606_public.xml"
581836963,"TIMOTHY E BROWN CPA LLC",2023_TEOS_XML_02A,"2023_TEOS_XML_02A/202310279349300011_public.xml"
660524365,"Rodriguez Santiago CPA's PSC",2023_TEOS_XML_02A,"2023_TEOS_XML_02A/202310279349300136_public.xml"
380556635,"FRATERNAL ORDER OF EAGLES - AERIE 2092",2023_TEOS_XML_02A,"2023_TEOS_XML_02A/202310279349300411_public.xml"
351080241,"John T Macy CPA",2023_TEOS_XML_02A,"2023_TEOS_XML_02A/202310279349300526_public.xml"
204393337,"CROWE LLP",2023_TEOS_XML_02A,"2023_TEOS_XML_02A/202310279349300826_public.xml"
260455250,"CROWE LLP",2023_TEOS_XML_02A,"2023_TEOS_XML_02A/202310279349301116_public.xml"
510521886,"JEBRAN &amp; ABRAHAM PC",2023_TEOS_XML_02A,"2023_TEOS_XML_02A/202310289349100201_public.xml"
880351454,"Daniel G Kabat CPA",2023_TEOS_XML_02A,"2023_TEOS_XML_02A/202310289349100501_public.xml"
592348201,"Rhonda L Hinds &amp; Associates CPA PA",2023_TEOS_XML_02A,"2023_TEOS_XML_02A/202310289349200216_public.xml"
391318028,"Breunig CPA LLC",2023_TEOS_XML_02A,"2023_TEOS_XML_02A/202310289349200201_public.xml"
370607271,"UNITED FOOD AND COMMERCIAL WORKERS INTERNATIONAL UNION",2023_TEOS_XML_02A,"2023_TEOS_XML_02A/202310289349200416_public.xml"
411783820,"GORDON NELSON MEMORIAL FOUNDATION",2023_TEOS_XML_02A,"2023_TEOS_XML_02A/202310299349100101_public.xml"
800223010,"CALIFORNIA MUSEUM OF ART THOUSAND OAKS",2023_TEOS_XML_02A,"2023_TEOS_XML_02A/202310299349200106_public.xml"
462589906,"BINGO PET HOSPICE INC",2023_TEOS_XML_02A,"2023_TEOS_XML_02A/202310299349200251_public.xml"
660886544,"LOVE4SATOS ANIMAL RESCUE INC",2023_TEOS_XML_02A,"2023_TEOS_XML_02A/202310299349300051_public.xml"
061745995,"RUGGIERO MARTINEZ &amp; NORTON PA",2023_TEOS_XML_02A,"2023_TEOS_XML_02A/202310309349100116_public.xml"
208014309,"PORZIO BROMBERG AND NEWMAN PC",2023_TEOS_XML_02A,"2023_TEOS_XML_02A/202310309349100711_public.xml"
852164518,"PIPELINE 2 PURPOSE",2023_TEOS_XML_02A,"2023_TEOS_XML_02A/202310309349200226_public.xml"
113056360,"MARGARET JARGILO",2023_TEOS_XML_02A,"2023_TEOS_XML_02A/202310309349200406_public.xml"
760588769,"ELAINE W COMBS CPA",2023_TEOS_XML_02A,"2023_TEOS_XML_02A/202310309349200411_public.xml"
203065698,"WINDHAM BRANNON LLC",2023_TEOS_XML_02A,"2023_TEOS_XML_02A/202310309349200416_public.xml"
833646430,"MILES K THOROMAN CPA PC",2023_TEOS_XML_02A,"2023_TEOS_XML_02A/202310309349200626_public.xml"
461531274,"Fischer &amp; Co LTD",2023_TEOS_XML_02A,"2023_TEOS_XML_02A/202310309349200811_public.xml"
237110725,"MARY JANE RACKLEY &amp; COMPANY PLLC",2023_TEOS_XML_02A,"2023_TEOS_XML_02A/202310309349200971_public.xml"
814740186,"SANTAGATA FINI LLC",2023_TEOS_XML_02A,"2023_TEOS_XML_02A/202310309349200976_public.xml"
640884809,"CONNIE KIDD TAX SERVICE",2023_TEOS_XML_02A,"2023_TEOS_XML_02A/202330309349301158_public.xml"
843947386,"Russell CPAs",2023_TEOS_XML_02A,"2023_TEOS_XML_02A/202310309349300691_public.xml"
203466419,"MAY JACKSON HENDRICK LLC",2023_TEOS_XML_02A,"2023_TEOS_XML_02A/202310309349300716_public.xml"
911799707,"FOSTER AND COMPANY LLC",2023_TEOS_XML_02A,"2023_TEOS_XML_02A/202310309349300721_public.xml"
204842616,"STEVE TAX PREPARER",2023_TEOS_XML_02A,"2023_TEOS_XML_02A/202310309349300761_public.xml"
820934131,"BAMBO SONAIKE CPA LLC",2023_TEOS_XML_02A,"2023_TEOS_XML_02A/202310309349301121_public.xml"
813528121,"KULLMAN CPA LLC",2023_TEOS_XML_02A,"2023_TEOS_XML_02A/202310309349301171_public.xml"
814618246,"BD &amp; ASSOCIATES CPAS PLLC",2023_TEOS_XML_02A,"2023_TEOS_XML_02A/202310309349301371_public.xml"
920144703,"LAMBE TUTER &amp; ASSOCIATES APC",2023_TEOS_XML_02A,"2023_TEOS_XML_02A/202310309349301551_public.xml"
133763129,"ERNST &amp; YOUNG US LLP",2023_TEOS_XML_02A,"2023_TEOS_XML_02A/202310319349100101_public.xml"
853186663,"FRANK M SHIBLE",2023_TEOS_XML_02A,"2023_TEOS_XML_02A/202310319349100401_public.xml"
800113844,"Monty Meyer CPA &amp; Associates PC",2023_TEOS_XML_02A,"2023_TEOS_XML_02A/202310319349100416_public.xml"
824378044,"SANDRA ROLON &amp; ASSOCIATES CPA PA",2023_TEOS_XML_02A,"2023_TEOS_XML_02A/202310319349100606_public.xml"
061191170,"THE CREW FAMILY FOUNDATION INC",2023_TEOS_XML_02A,"2023_TEOS_XML_02A/202310319349100216_public.xml"
840431807,"ANDERSON &amp; WHITNEY PC",2023_TEOS_XML_02A,"2023_TEOS_XML_02A/202310319349200016_public.xml"
376112452,"FALKENHEIN ACCT &amp; TAX SERVICE PC",2023_TEOS_XML_02A,"2023_TEOS_XML_02A/202310319349200311_public.xml"
364297947,"ECS FINANCIAL SERVICES INC",2023_TEOS_XML_02A,"2023_TEOS_XML_02A/202310319349200306_public.xml"
300963839,"FRIENDS OF THE WESTFORD DOG PARK",2023_TEOS_XML_02A,"2023_TEOS_XML_02A/202310319349200726_public.xml"
341393190,"FIORITTO'S ACCOUNTING &amp; TAX SERVICE",2023_TEOS_XML_02A,"2023_TEOS_XML_02A/202310319349200771_public.xml"
454182917,"HAGA KOMMER LTD",2023_TEOS_XML_02A,"2023_TEOS_XML_02A/202310319349200901_public.xml"
260632648,"Drews &amp; Severson Inc",2023_TEOS_XML_02A,"2023_TEOS_XML_02A/202310319349200936_public.xml"
203153003,"WOMEN'S EQUITY FOUNDATION",2023_TEOS_XML_02A,"2023_TEOS_XML_02A/202310319349200961_public.xml"
844093845,"SOUTHERN ARIZONA INSTITUTE FOR THE ADVANCEMENT IN ALZHEIMERS RESEACH INC",2023_TEOS_XML_02A,"2023_TEOS_XML_02A/202310319349300106_public.xml"
261285258,"THE RSW GROUP",2023_TEOS_XML_02A,"2023_TEOS_XML_02A/202310319349300206_public.xml"
834465245,"CALIBRE CPA GROUP PLLC",2023_TEOS_XML_02A,"2023_TEOS_XML_02A/202310319349300236_public.xml"
203458126,"Commissioners of Revenue Association of Virginia Inc",2023_TEOS_XML_02A,"2023_TEOS_XML_02A/202310319349300331_public.xml"
237592949,"ACCOUNTING &amp; TAX SPECIALISTS",2023_TEOS_XML_02A,"2023_TEOS_XML_02A/202310319349300631_public.xml"
824464385,"OFFUTT BARTON SCHLITT LLC",2023_TEOS_XML_02A,"2023_TEOS_XML_02A/202310319349301306_public.xml"
471511751,"ANDERS MINKLER HUBER &amp; HELM LLP",2023_TEOS_XML_02A,"2023_TEOS_XML_02A/202310319349301801_public.xml"
133343609,"BKHM PA",2023_TEOS_XML_02A,"2023_TEOS_XML_02A/202310329349100111_public.xml"
146013917,"HENRY C BADGLEY TR UW",2023_TEOS_XML_02A,"2023_TEOS_XML_02A/202310329349100246_public.xml"
825366875,"RYAN GUNSAULS &amp; O'DONNELL LLC",2023_TEOS_XML_02A,"2023_TEOS_XML_02A/202310329349100316_public.xml"
936137926,"TUA C &amp; M PETERSON MEMORIAL FUND",2023_TEOS_XML_02A,"2023_TEOS_XML_02A/202310329349100621_public.xml"
872475508,"HRB TAX GROUP INC",2023_TEOS_XML_02A,"2023_TEOS_XML_02A/202310329349101006_public.xml"
016065738,"ALICE K TYLER TRUST B UA A5-CANCER",2023_TEOS_XML_02A,"2023_TEOS_XML_02A/202310329349101361_public.xml"
301184067,"RELIABLE TAX SERVICE",2023_TEOS_XML_02A,"2023_TEOS_XML_02A/202310329349200001_public.xml"
851210963,"STANKE MANN AND MINER",2023_TEOS_XML_02A,"2023_TEOS_XML_02A/202310329349101511_public.xml"
943038312,"PUGET SOUND CHAPTER PRSA SCHOLARSHIP TRUST",2023_TEOS_XML_02A,"2023_TEOS_XML_02A/202310329349101406_public.xml"
710993934,"RUSHMERE COMMUNITY DEVELOPMENT CORPORATION",2023_TEOS_XML_02A,"2023_TEOS_XML_02A/202310329349200006_public.xml"
463336020,"Costabile &amp; Steffens PC",2023_TEOS_XML_02A,"2023_TEOS_XML_02A/202310329349200741_public.xml"
272573390,"POLAR MERCHANDISE LLC",2023_TEOS_XML_02A,"2023_TEOS_XML_02A/202310329349200901_public.xml"
942849838,"GREY B ROBERTS &amp; CO",2023_TEOS_XML_02A,"2023_TEOS_XML_02A/202310329349201046_public.xml"
901018747,"Paolini &amp; Scout LLC",2023_TEOS_XML_02A,"2023_TEOS_XML_02A/202310329349201106_public.xml"
274244809,"THE MYLES CPA FIRM PLLC",2023_TEOS_XML_02A,"2023_TEOS_XML_02A/202340329349200844_public.xml"
956097893,"Moss Levy &amp; Hartzheim LLP",2023_TEOS_XML_02A,"2023_TEOS_XML_02A/202310329349300031_public.xml"
474052579,"PEACE EDUCATION ACTION COMPASSION &amp;",2023_TEOS_XML_02A,"2023_TEOS_XML_02A/202310329349300216_public.xml"
842954377,"DGN LLC",2023_TEOS_XML_02A,"2023_TEOS_XML_02A/202310329349300311_public.xml"
821573127,"PHOENIX MEDICAL MANAGEMENT CARE CENTERS INC",2023_TEOS_XML_02A,"2023_TEOS_XML_02A/202310329349300701_public.xml"
362413579,"Costabile &amp; Steffens PC",2023_TEOS_XML_02A,"2023_TEOS_XML_02A/202310329349300821_public.xml"
660437924,"DIAZ AND CANDELARIA PSC",2023_TEOS_XML_02A,"2023_TEOS_XML_02A/202310329349301041_public.xml"
043101957,"KPMG LLP",2023_TEOS_XML_02A,"2023_TEOS_XML_02A/202310329349301221_public.xml"
854115661,"DHUYVETTER &amp; SWICHKOW PC",2023_TEOS_XML_02A,"2023_TEOS_XML_02A/202310339349100006_public.xml"
311648575,"ABA INC",2023_TEOS_XML_02A,"2023_TEOS_XML_02A/202310339349100106_public.xml"
543192435,"K HATZISTEFANIDIS CPA",2023_TEOS_XML_02A,"2023_TEOS_XML_02A/202310339349100716_public.xml"
851633363,"Your Office or Mine Accounting LLC",2023_TEOS_XML_02A,"2023_TEOS_XML_02A/202310339349101006_public.xml"
471854238,"STEVEN F GROSS CPA PC",2023_TEOS_XML_02A,"2023_TEOS_XML_02A/202310339349200226_public.xml"
136271803,"DVR TAX &amp; ACCOUNTING",2023_TEOS_XML_02A,"2023_TEOS_XML_02A/202340339349201324_public.xml"
453612367,"CINDY LIVAUDAIS ROTH CPA",2023_TEOS_XML_02A,"2023_TEOS_XML_02A/202310339349201306_public.xml"
842050714,"Alpha Omega Accounting PC",2023_TEOS_XML_02A,"2023_TEOS_XML_02A/202310339349201316_public.xml"
813606722,"MAKING MOVES IN THE COMMUNITY INCORPORATED",2023_TEOS_XML_02A,"2023_TEOS_XML_02A/202310339349300101_public.xml"
202170678,"DORE AND COMPANY",2023_TEOS_XML_02A,"2023_TEOS_XML_02A/202310339349300126_public.xml"
251113698,"MELA'S TAX &amp; ACCOUNTING",2023_TEOS_XML_02A,"2023_TEOS_XML_02A/202310339349300231_public.xml"
300217525,"THE FORDE FIRM LLC",2023_TEOS_XML_02A,"2023_TEOS_XML_02A/202310339349300416_public.xml"
834543044,"Terry Bleier Paul CPA",2023_TEOS_XML_02A,"2023_TEOS_XML_02A/202310339349300441_public.xml"
980098218,"Burger &amp; Comer PC",2023_TEOS_XML_02A,"2023_TEOS_XML_02A/202310339349300501_public.xml"
521401312,"JASON MAXWELL LTD",2023_TEOS_XML_02A,"2023_TEOS_XML_02A/202310339349300521_public.xml"
770285750,"MAIER RICHMOND ACCOUNTANCY",2023_TEOS_XML_02A,"2023_TEOS_XML_02A/202310339349300626_public.xml"
237131191,"Buckmaster's Tax Service LLC",2023_TEOS_XML_02A,"2023_TEOS_XML_02A/202310339349301011_public.xml"
592528160,"Labelle CPA",2023_TEOS_XML_02A,"2023_TEOS_XML_02A/202310339349301411_public.xml"
522274205,"LSWG PA",2023_TEOS_XML_02A,"2023_TEOS_XML_02A/202310339349301451_public.xml"
990286389,"KMH LLP",2023_TEOS_XML_02A,"2023_TEOS_XML_02A/202310349349100116_public.xml"
854121184,"ADAM M BEAUDRY CPA LLC",2023_TEOS_XML_02A,"2023_TEOS_XML_02A/202310349349100121_public.xml"
836819013,"Steven Nelson Family Trust",2023_TEOS_XML_02A,"2023_TEOS_XML_02A/202320409349100602_public.xml"
834486790,"Shuppbooks and Tax LLC",2023_TEOS_XML_02A,"2023_TEOS_XML_02A/202310349349100401_public.xml"
825230467,"THE MARSTON GROUP PLC",2023_TEOS_XML_02A,"2023_TEOS_XML_02A/202320349349101302_public.xml"
591904656,"TIDWELL GROUP LLC",2023_TEOS_XML_02A,"2023_TEOS_XML_02A/202310349349100506_public.xml"
010355090,"NICHOLSON MICHAUD &amp; NADEAU CPAS",2023_TEOS_XML_02A,"2023_TEOS_XML_02A/202310349349100501_public.xml"
742153457,"K S NAGESH CPA PC",2023_TEOS_XML_02A,"2023_TEOS_XML_02A/202310349349200001_public.xml"
830323151,"JENNIFER M REED CPA LLC",2023_TEOS_XML_02A,"2023_TEOS_XML_02A/202310349349101301_public.xml"
352489148,"PROFESSIONAL TAX SERVICE",2023_TEOS_XML_02A,"2023_TEOS_XML_02A/202310349349200126_public.xml"
880899055,"Larry Cox CPA Inc",2023_TEOS_XML_02A,"2023_TEOS_XML_02A/202310349349200316_public.xml"
522265931,"Block Advisors",2023_TEOS_XML_02A,"2023_TEOS_XML_02A/202310349349200336_public.xml"
593060111,"Brownsberger Messineo Nichols LLC",2023_TEOS_XML_02A,"2023_TEOS_XML_02A/202310349349200341_public.xml"
453777213,"RKL LLP",2023_TEOS_XML_02A,"2023_TEOS_XML_02A/202310349349200326_public.xml"
844047623,"REDEMPTION HOUSE",2023_TEOS_XML_02A,"2023_TEOS_XML_02A/202310349349200401_public.xml"
611355638,"QIMAT GOYAL INC",2023_TEOS_XML_02A,"2023_TEOS_XML_02A/202310349349100511_public.xml"
862849029,"Project Local Incorporated",2023_TEOS_XML_02A,"2023_TEOS_XML_02A/202300279349100300_public.xml"
474826340,"ATZEL LLC DBA GIGTAXX",2023_TEOS_XML_02A,"2023_TEOS_XML_02A/202300279349100505_public.xml"
830874386,"AVL Tax Professionals",2023_TEOS_XML_02A,"2023_TEOS_XML_02A/202310279349200231_public.xml"
930390475,"TERRENCE R MOONEY CPA",2023_TEOS_XML_02A,"2023_TEOS_XML_02A/202300279349200715_public.xml"
872418756,"HOPE KAMSTRA CPA PA",2023_TEOS_XML_02A,"2023_TEOS_XML_02A/202300279349200920_public.xml"
872296258,"Kimbo and Friends Animal Rescue",2023_TEOS_XML_02A,"2023_TEOS_XML_02A/202300279349200925_public.xml"
263547411,"A Dowl Knight &amp; Company PC",2023_TEOS_XML_02A,"2023_TEOS_XML_02A/202300279349200930_public.xml"
522216729,"PTA MARYLAND CONGRESS OF PARENTS &amp; TEACHERS INC",2023_TEOS_XML_02A,"2023_TEOS_XML_02A/202300279349200950_public.xml"
391709912,"BATLEY CPA LLC",2023_TEOS_XML_02A,"2023_TEOS_XML_02A/202300279349201005_public.xml"
521834519,"Seabrook Adventist Early Learning Center Inc",2023_TEOS_XML_02A,"2023_TEOS_XML_02A/202300279349201205_public.xml"
452440774,"TERRENCE R MOONEY CPA",2023_TEOS_XML_02A,"2023_TEOS_XML_02A/202300279349300125_public.xml"
274737588,"Rogers &amp; Company PLLC",2023_TEOS_XML_02A,"2023_TEOS_XML_02A/202300279349300225_public.xml"
830248919,"Carver Florek &amp; James CPAs",2023_TEOS_XML_02A,"2023_TEOS_XML_02A/202300279349300235_public.xml"
161067148,"BONADIO &amp; CO LLP",2023_TEOS_XML_02A,"2023_TEOS_XML_02A/202300279349300725_public.xml"
310913830,"LINDA J COOLEYCPAMST",2023_TEOS_XML_02A,"2023_TEOS_XML_02A/202300279349300925_public.xml"
863081305,"For a Better Philadelphia",2023_TEOS_XML_02A,"2023_TEOS_XML_02A/202300279349300945_public.xml"
880088303,"BARNES GIVENS &amp; BARNES",2023_TEOS_XML_02A,"2023_TEOS_XML_02A/202300279349301140_public.xml"
810223113,"BEARTOOTH TAX &amp; CONSULTING INC",2023_TEOS_XML_02A,"2023_TEOS_XML_02A/202300279349301410_public.xml"
356218833,"PORTE BROWN LLC",2023_TEOS_XML_02A,"2023_TEOS_XML_02A/202300289349100500_public.xml"
814860436,"SOWERS &amp; FELDMAN CPA PA",2023_TEOS_XML_02A,"2023_TEOS_XML_02A/202300289349200200_public.xml"
320222989,"THE REGAL SWAN FOUNDATION INC",2023_TEOS_XML_02A,"2023_TEOS_XML_02A/202300289349200210_public.xml"
825141189,"Hirlinger PLC",2023_TEOS_XML_02A,"2023_TEOS_XML_02A/202320289349200307_public.xml"
825178134,"GERALD T REILLY &amp; COMPANY",2023_TEOS_XML_02A,"2023_TEOS_XML_02A/202300289349300115_public.xml"
561665315,"CHANESS &amp; MAHER PC CPAS",2023_TEOS_XML_02A,"2023_TEOS_XML_02A/202300289349300300_public.xml"
430785752,"CUPP AND WALLACE CPA PC",2023_TEOS_XML_02A,"2023_TEOS_XML_02A/202300289349300415_public.xml"
820933822,"TIGHE KRESS &amp; ORR PC",2023_TEOS_XML_02A,"2023_TEOS_XML_02A/202300289349300605_public.xml"
980413360,"SOMEKH CHAIKIN - KPMG ISRAEL",2023_TEOS_XML_02A,"2023_TEOS_XML_02A/202300299339300150_public.xml"
593531326,"PROGRESSIVE HOUSING SOLUTIONS OF FLORIDA INC",2023_TEOS_XML_02A,"2023_TEOS_XML_02A/202300299349100000_public.xml"
208516046,"NICHOLAS RYDZYNSKI FOUNDATION",2023_TEOS_XML_02A,"2023_TEOS_XML_02A/202300299349100150_public.xml"
824063979,"Trisha T Bonilla CPA",2023_TEOS_XML_02A,"2023_TEOS_XML_02A/202300299349100300_public.xml"
263282268,"RICHARD T LONG",2023_TEOS_XML_02A,"2023_TEOS_XML_02A/202300299349100350_public.xml"
611952857,"Elm Valley Fishing Club Inc",2023_TEOS_XML_02A,"2023_TEOS_XML_02A/202300299349200100_public.xml"
205204420,"Deborah L Carano CPA Inc",2023_TEOS_XML_02A,"2023_TEOS_XML_02A/202300299349200160_public.xml"
520704245,"Charles P Mercogliano CPA LLC",2023_TEOS_XML_02A,"2023_TEOS_XML_02A/202330299349200163_public.xml"
264285570,"USASOC SOLDIER FAMILY AND COMMAND SUPPORT ASSOCIATION",2023_TEOS_XML_02A,"2023_TEOS_XML_02A/202300299349300150_public.xml"
660374268,"ASOCIACION DE PERSONAS CON IMPEDIME NTOS INC",2023_TEOS_XML_02A,"2023_TEOS_XML_02A/202300299349300200_public.xml"
596199488,"KAUFMAN ROSSIN &amp; CO PA",2023_TEOS_XML_02A,"2023_TEOS_XML_02A/202300459349101105_public.xml"
133389544,"David Gotterer Charitable Trust",2023_TEOS_XML_02A,"2023_TEOS_XML_02A/202300309349100005_public.xml"
383229397,"MONTGOMERY WIETHORN &amp; BURKE PC",2023_TEOS_XML_02A,"2023_TEOS_XML_02A/202300309349100400_public.xml"
853549425,"SUSAN L ALLEN CPA PA",2023_TEOS_XML_02A,"2023_TEOS_XML_02A/202300309349100700_public.xml"
931318963,"JORSTAD INCORPORATED CPA",2023_TEOS_XML_02A,"2023_TEOS_XML_02A/202300309349100610_public.xml"
436042265,"Veterans of Foreign Wars 3500",2023_TEOS_XML_02A,"2023_TEOS_XML_02A/202300309349200100_public.xml"
911509451,"KIWANIS INTERNATIONAL INC",2023_TEOS_XML_02A,"2023_TEOS_XML_02A/202300309349200205_public.xml"
208956212,"KATHLEEN T DUKE PC",2023_TEOS_XML_02A,"2023_TEOS_XML_02A/202300309349200615_public.xml"
850466214,"BRAZOS MUTUAL DOMESTIC WATER CONSUMERS ASSOCIATION",2023_TEOS_XML_02A,"2023_TEOS_XML_02A/202300309349201110_public.xml"
900991419,"DENMAN &amp; COMPANY LLP",2023_TEOS_XML_02A,"2023_TEOS_XML_02A/202300309349300315_public.xml"
521229295,"PKS &amp; COMPANY PA",2023_TEOS_XML_02A,"2023_TEOS_XML_02A/202300309349300505_public.xml"
453261827,"HEALTH REPULIC INSURANCE COMPANY",2023_TEOS_XML_02A,"2023_TEOS_XML_02A/202300309349300655_public.xml"
314183980,"C AND J TAX SERVICE",2023_TEOS_XML_02A,"2023_TEOS_XML_02A/202300309349300660_public.xml"
660367053,"Clorinda Duarte",2023_TEOS_XML_02A,"2023_TEOS_XML_02A/202300309349300695_public.xml"
851103573,"Mullins PC",2023_TEOS_XML_02A,"2023_TEOS_XML_02A/202300309349300685_public.xml"
331121666,"HOFFMANN &amp; SWINTEK LLC CPA'S",2023_TEOS_XML_02A,"2023_TEOS_XML_02A/202300309349300780_public.xml"
222665215,"Epsilon Psi House Corporation of Delta Gamma Inc",2023_TEOS_XML_02A,"2023_TEOS_XML_02A/202300309349300870_public.xml"
590652495,"SOUTH DADE CHAMBER OF COMMERCE INC",2023_TEOS_XML_02A,"2023_TEOS_XML_02A/202300309349300880_public.xml"
844004228,"HOSTETTER &amp; HOSTETTER CPA",2023_TEOS_XML_02A,"2023_TEOS_XML_02A/202300309349300915_public.xml"
592490651,"JANSSEN &amp; IGAR CPAS PA",2023_TEOS_XML_02A,"2023_TEOS_XML_02A/202300309349301020_public.xml"
470793135,"SCHUMACHER SMEJKAL &amp; ELM PC",2023_TEOS_XML_02A,"2023_TEOS_XML_02A/202300309349301110_public.xml"
344415328,"Fischer &amp; Co LTD",2023_TEOS_XML_02A,"2023_TEOS_XML_02A/202300309349301350_public.xml"
030473380,"Mersereau Lazenby &amp; Rockas LLC",2023_TEOS_XML_02A,"2023_TEOS_XML_02A/202330319349300803_public.xml"
453804704,"DAVID J SILVERMAN &amp; COMPANY EA LLC",2023_TEOS_XML_02A,"2023_TEOS_XML_02A/202300319349100105_public.xml"
471883500,"VIETNAM VETERANS OF BARTOWN COUNTY",2023_TEOS_XML_02A,"2023_TEOS_XML_02A/202300319349200020_public.xml"
232982637,"RHEINER &amp; BREINER LLC",2023_TEOS_XML_02A,"2023_TEOS_XML_02A/202300319349200240_public.xml"
043809801,"EASY OFFICE DBA JITASA",2023_TEOS_XML_02A,"2023_TEOS_XML_02A/202300319349200305_public.xml"
271493370,"Brad J Decker CPA",2023_TEOS_XML_02A,"2023_TEOS_XML_02A/202300319349200310_public.xml"
263114518,"Professional Accounting &amp; Bookkeepi",2023_TEOS_XML_02A,"2023_TEOS_XML_02A/202300319349200315_public.xml"
454598756,"O'NEILL &amp; GASPARDO LLC",2023_TEOS_XML_02A,"2023_TEOS_XML_02A/202300319349200530_public.xml"
391435884,"JOHNSON BLOCK &amp; CO INC",2023_TEOS_XML_02A,"2023_TEOS_XML_02A/202300319349200795_public.xml"
840392647,"ANDERSON &amp; WHITNEY PC",2023_TEOS_XML_02A,"2023_TEOS_XML_02A/202300319349200800_public.xml"
841613508,"WORLDVIEW RESOURCE GROUP",2023_TEOS_XML_02A,"2023_TEOS_XML_02A/202300319349200910_public.xml"
510507909,"Nelson &amp; Associates CPAs",2023_TEOS_XML_02A,"2023_TEOS_XML_02A/202300319349200940_public.xml"
825347201,"Karen V Sanchez CPA",2023_TEOS_XML_02A,"2023_TEOS_XML_02A/202300319349200975_public.xml"
460925103,"CARR RIGGS &amp; INGRAM LLC",2023_TEOS_XML_02A,"2023_TEOS_XML_02A/202300319349201205_public.xml"
742973452,"THE ACCOUNTING OFFICE",2023_TEOS_XML_02A,"2023_TEOS_XML_02A/202300319349300225_public.xml"
810415249,"ACCOUNTING &amp; TAX SPECIALISTS",2023_TEOS_XML_02A,"2023_TEOS_XML_02A/202300319349300525_public.xml"
320493850,"STOPP &amp; VANHOY LLC",2023_TEOS_XML_02A,"2023_TEOS_XML_02A/202300319349300545_public.xml"
741668144,"SCHRIVER CARMONA &amp; COMPANY PLLC",2023_TEOS_XML_02A,"2023_TEOS_XML_02A/202300319349301230_public.xml"
390290575,"HUBERTY &amp; ASSOCIATES SC",2023_TEOS_XML_02A,"2023_TEOS_XML_02A/202300319349301330_public.xml"
420571107,"Williams &amp; Williams Law LLC",2023_TEOS_XML_02A,"2023_TEOS_XML_02A/202300319349301415_public.xml"
411862926,"Schutz CPA Ltd",2023_TEOS_XML_02A,"2023_TEOS_XML_02A/202300319349301705_public.xml"
474750389,"Leaf &amp; Cole LLP",2023_TEOS_XML_02A,"2023_TEOS_XML_02A/202300329349100015_public.xml"
474587262,"Taxes Simply Done Inc",2023_TEOS_XML_02A,"2023_TEOS_XML_02A/202300329349100200_public.xml"
742939499,"Foundation Source",2023_TEOS_XML_02A,"2023_TEOS_XML_02A/202300329349100020_public.xml"
510180064,"Sadorian and Company Inc",2023_TEOS_XML_02A,"2023_TEOS_XML_02A/202300329349100310_public.xml"
046009327,"MARION CHESLEY TRUST",2023_TEOS_XML_02A,"2023_TEOS_XML_02A/202300329349100225_public.xml"
237081299,"FAIR OAKS CHARITABLE TRUST",2023_TEOS_XML_02A,"2023_TEOS_XML_02A/202300329349100510_public.xml"
461772732,"Ferracane &amp; Johnson PC",2023_TEOS_XML_02A,"2023_TEOS_XML_02A/202300329349100600_public.xml"
562223130,"NEAL BRADSHER &amp; TAYLOR PA",2023_TEOS_XML_02A,"2023_TEOS_XML_02A/202300329349100705_public.xml"
366791305,"CHARLES A YOUNG TRUST",2023_TEOS_XML_02A,"2023_TEOS_XML_02A/202300329349100850_public.xml"
436253991,"TUW O W COSTILOW SCHOLARSHIP",2023_TEOS_XML_02A,"2023_TEOS_XML_02A/202300329349100860_public.xml"
510176822,"WESTMINSTER PRESBYTERIAN TRUST",2023_TEOS_XML_02A,"2023_TEOS_XML_02A/202300329349101250_public.xml"
596163100,"TR UW JAMES BROWN TRUST A",2023_TEOS_XML_02A,"2023_TEOS_XML_02A/202300329349101415_public.xml"
463846233,"David A Henry",2023_TEOS_XML_02A,"2023_TEOS_XML_02A/202300329349200020_public.xml"
146015733,"WALTER F PREUSSER TR UW",2023_TEOS_XML_02A,"2023_TEOS_XML_02A/202300329349101505_public.xml"
486134747,"PRIME ACCOUNTING",2023_TEOS_XML_02A,"2023_TEOS_XML_02A/202300329349200035_public.xml"
842934594,"EXPERTO TAX SERVICE",2023_TEOS_XML_02A,"2023_TEOS_XML_02A/202300329349200200_public.xml"
237058565,"John J Gallo CPA PLLC",2023_TEOS_XML_02A,"2023_TEOS_XML_02A/202300329349200400_public.xml"
272366611,"Poulsen &amp; Stowell PLLC",2023_TEOS_XML_02A,"2023_TEOS_XML_02A/202300329349200520_public.xml"
611769253,"Presnell Gage PLLC",2023_TEOS_XML_02A,"2023_TEOS_XML_02A/202340309349200824_public.xml"
845134760,"STEPHEN K JONES CPA LLC",2023_TEOS_XML_02A,"2023_TEOS_XML_02A/202300329349201040_public.xml"
581460011,"WARRENJACKSON CPAS PLLC",2023_TEOS_XML_02A,"2023_TEOS_XML_02A/202300329349200805_public.xml"
300741605,"MC DONOUGH &amp; ASSOCIATES CPA",2023_TEOS_XML_02A,"2023_TEOS_XML_02A/202300329349200840_public.xml"
351619896,"HRB TAX GROUP INC",2023_TEOS_XML_02A,"2023_TEOS_XML_02A/202300329349201020_public.xml"
581354113,"DUNCAN ASHE PA",2023_TEOS_XML_02A,"2023_TEOS_XML_02A/202300329349201030_public.xml"
010560311,"Merritt Accountancy",2023_TEOS_XML_02A,"2023_TEOS_XML_02A/202300329349201125_public.xml"
871569403,"CARLOS GONZALEZ ACCOUNTANCY CORP",2023_TEOS_XML_02A,"2023_TEOS_XML_02A/202300329349201165_public.xml"
510251435,"Pilc &amp; Moseley LLC",2023_TEOS_XML_02A,"2023_TEOS_XML_02A/202300329349300005_public.xml"
201223676,"PLODZIK &amp; SANDERSON PROFESSIONAL ASSN",2023_TEOS_XML_02A,"2023_TEOS_XML_02A/202300329349300010_public.xml"
370769914,"LMHN LTD",2023_TEOS_XML_02A,"2023_TEOS_XML_02A/202300329349300340_public.xml"
141811320,"BONADIO &amp; CO LLP",2023_TEOS_XML_02A,"2023_TEOS_XML_02A/202300329349300510_public.xml"
202215389,"GARY BRANNON CPA PA",2023_TEOS_XML_02A,"2023_TEOS_XML_02A/202320329349301417_public.xml"
821313517,"JONATHAN T PROCH CPA LLC",2023_TEOS_XML_02A,"2023_TEOS_XML_02A/202300329349301650_public.xml"
475229192,"MICHELS &amp; SCHILPEROORT PS",2023_TEOS_XML_02A,"2023_TEOS_XML_02A/202300339349100010_public.xml"
136124190,"MARTIN D KORTJOHN",2023_TEOS_XML_02A,"2023_TEOS_XML_02A/202300339349100125_public.xml"
824727563,"Strategic Accounting Solutions",2023_TEOS_XML_02A,"2023_TEOS_XML_02A/202300339349100215_public.xml"
832596875,"Foundation Source",2023_TEOS_XML_02A,"2023_TEOS_XML_02A/202300339349101010_public.xml"
900746910,"VERMONT AFFORDABLE HOUSING COALITION",2023_TEOS_XML_02A,"2023_TEOS_XML_02A/202300339349200120_public.xml"
364659787,"HRB TAX GROUP INC",2023_TEOS_XML_02A,"2023_TEOS_XML_02A/202300339349200225_public.xml"
814835030,"Colby &amp; Powell PLC",2023_TEOS_XML_02A,"2023_TEOS_XML_02A/202300339349200220_public.xml"
237147710,"GREEK RESOURCE SERVICES LLC",2023_TEOS_XML_02A,"2023_TEOS_XML_02A/202300339349200310_public.xml"
834430695,"Robinson Gruters and Roberts",2023_TEOS_XML_02A,"2023_TEOS_XML_02A/202300339349200615_public.xml"
455579095,"COQUELIN RUN CITIZENS ASSOCIATION INC",2023_TEOS_XML_02A,"2023_TEOS_XML_02A/202300339349200700_public.xml"
473421372,"GONZALEZ AND ASSOCIATES PC",2023_TEOS_XML_02A,"2023_TEOS_XML_02A/202300339349200725_public.xml"
521422111,"Desiree A Ridgell",2023_TEOS_XML_02A,"2023_TEOS_XML_02A/202300339349200900_public.xml"
910497210,"JW &amp; Associates PLLC",2023_TEOS_XML_02A,"2023_TEOS_XML_02A/202300339349200945_public.xml"
876123873,"Jones Simkins LLC",2023_TEOS_XML_02A,"2023_TEOS_XML_02A/202300339349201405_public.xml"
208215633,"Leif E Knudsen CPA SC",2023_TEOS_XML_02A,"2023_TEOS_XML_02A/202300339349201450_public.xml"
251466908,"REILLY CREPPAGE &amp; CO INC",2023_TEOS_XML_02A,"2023_TEOS_XML_02A/202300339349300005_public.xml"
464670657,"HARRIS HARDY &amp; JOHNSTONE PC",2023_TEOS_XML_02A,"2023_TEOS_XML_02A/202300339349300235_public.xml"
850431994,"NICHOLAS J ROSA CPA",2023_TEOS_XML_02A,"2023_TEOS_XML_02A/202300339349300600_public.xml"
464774854,"RIVERO GORDIMER &amp; COMPANY PA",2023_TEOS_XML_02A,"2023_TEOS_XML_02A/202300339349300635_public.xml"
660481158,"HOGAR FORJADORES DE ESPERANZA INC",2023_TEOS_XML_02A,"2023_TEOS_XML_02A/202300339349300705_public.xml"
611303332,"Robinson Tax Service Inc",2023_TEOS_XML_02A,"2023_TEOS_XML_02A/202300339349300825_public.xml"
841803556,"REHMANN ROBSON LLC",2023_TEOS_XML_02A,"2023_TEOS_XML_02A/202300339349301015_public.xml"
593131885,"DONNA BLAES CPA LLC",2023_TEOS_XML_02A,"2023_TEOS_XML_02A/202300339349301115_public.xml"
431061572,"Normas Tax Service",2023_TEOS_XML_02A,"2023_TEOS_XML_02A/202300339349301700_public.xml"
382664541,"CLIFTONLARSONALLEN LLP",2023_TEOS_XML_02A,"2023_TEOS_XML_02A/202300339349301760_public.xml"
831176244,"CONWAY DEUTH &amp; SCHMIESING PLLP",2023_TEOS_XML_02A,"2023_TEOS_XML_02A/202300349349100205_public.xml"
843991110,"ROLLERI &amp; SHEPPARD CPAS LLP",2023_TEOS_XML_02A,"2023_TEOS_XML_02A/202300349349100500_public.xml"
863372682,"B SPEER CPA LLC",2023_TEOS_XML_02A,"2023_TEOS_XML_02A/202310349349100806_public.xml"
010539770,"VANCEGRAY WEALTH MANAGEMENT TAX SERVICES",2023_TEOS_XML_02A,"2023_TEOS_XML_02A/202300349349101010_public.xml"
237128118,"FK Morrow Foundation",2023_TEOS_XML_02A,"2023_TEOS_XML_02A/202300349349100600_public.xml"
824369856,"COHNREZNICK LLP",2023_TEOS_XML_02A,"2023_TEOS_XML_02A/202300349349101105_public.xml"
742381523,"ASPEN ADVISING",2023_TEOS_XML_02A,"2023_TEOS_XML_02A/202300349349101110_public.xml"
166021940,"PRICEWATERHOUSECOOPERS LLP",2023_TEOS_XML_02A,"2023_TEOS_XML_02A/202300349349101200_public.xml"
431814858,"United Government Security Officers of America Local 20",2023_TEOS_XML_02A,"2023_TEOS_XML_02A/202300349349200105_public.xml"
943337173,"Fisher &amp; Company LLP",2023_TEOS_XML_02A,"2023_TEOS_XML_02A/202300349349200000_public.xml"
320112101,"AIKEN &amp; SANDERS INC PS",2023_TEOS_XML_02A,"2023_TEOS_XML_02A/202300349349200140_public.xml"
582052391,"CANADY RICHBOURG &amp; ASSOCIATES LLP",2023_TEOS_XML_02A,"2023_TEOS_XML_02A/202300349349200210_public.xml"
262471687,"HEALTH AND ED 4 NEPAL INC",2023_TEOS_XML_02A,"2023_TEOS_XML_02A/202300349349200300_public.xml"
841927853,"OUR ANGELS",2023_TEOS_XML_02A,"2023_TEOS_XML_02A/202300349349200500_public.xml"
202516778,"EMAUS SCHOLARSHIP FOUNDATION OF ILLINOIS",2023_TEOS_XML_02A,"2023_TEOS_XML_02A/202300349349200915_public.xml"
461030698,"Strydesky &amp; Company",2023_TEOS_XML_02A,"2023_TEOS_XML_02A/202330349339300703_public.xml"
351691299,"Schneider &amp; Evans LLC",2023_TEOS_XML_02A,"2023_TEOS_XML_02A/202300349349201035_public.xml"
680192588,"ANDERSON &amp; ASSOCIATES CPAS",2023_TEOS_XML_02A,"2023_TEOS_XML_02A/202300349349201200_public.xml"
271819146,"KENDALL PREBOLA AND JONES LLC",2023_TEOS_XML_02A,"2023_TEOS_XML_02A/202300349349300110_public.xml"
621865246,"SOUTH WILLIAMSON ATHLETICS",2023_TEOS_XML_02A,"2023_TEOS_XML_02A/202330339349300013_public.xml"
751370090,"TIDWELL GROUP LLC",2023_TEOS_XML_02A,"2023_TEOS_XML_02A/202300349349300810_public.xml"
980470539,"Lin Company II Inc",2023_TEOS_XML_02A,"2023_TEOS_XML_02A/202300349349300905_public.xml"
200551503,"DAVID A LEVY CPA PC",2023_TEOS_XML_02A,"2023_TEOS_XML_02A/202300349349301225_public.xml"
872570424,"Holyfield &amp; Thomas LLC",2023_TEOS_XML_02A,"2023_TEOS_XML_02A/202300349349301415_public.xml"
721490697,"Paul M Sommerfeldt",2023_TEOS_XML_02A,"2023_TEOS_XML_02A/202300349349301515_public.xml"
010466967,"ONE RIVER CPAS",2023_TEOS_XML_02A,"2023_TEOS_XML_02A/202300349349301670_public.xml"
832754266,"Accounting Plus Inc",2023_TEOS_XML_02A,"2023_TEOS_XML_02A/202300359349100005_public.xml"
473106111,"CLIFTONLARSONALLEN LLP",2023_TEOS_XML_02A,"2023_TEOS_XML_02A/202300359349200010_public.xml"
223092550,"CALVIN TAYLOR CPA LLC",2023_TEOS_XML_02A,"2023_TEOS_XML_02A/202300359349300200_public.xml"
832745293,"CTBS Corporation",2023_TEOS_XML_02A,"2023_TEOS_XML_02A/202300359349300220_public.xml"
344237259,"ALICE LILLY",2023_TEOS_XML_02A,"2023_TEOS_XML_02A/202300359349300410_public.xml"
821364858,"Bernstein Accounting &amp; Tax Services Inc",2023_TEOS_XML_02A,"2023_TEOS_XML_02A/202300369349200205_public.xml"
364069933,"HEATHER L PEMBERTON CPA",2023_TEOS_XML_02A,"2023_TEOS_XML_02A/202300369349300150_public.xml"
473235066,"BARNES SALY &amp; COMPANY PC",2023_TEOS_XML_02A,"2023_TEOS_XML_02A/202300379349100030_public.xml"
264626610,"CARY MILLAR PC",2023_TEOS_XML_02A,"2023_TEOS_XML_02A/202300379349100115_public.xml"
844237374,"L4J LIVING FOR JESUS BIBLE STUDY INC",2023_TEOS_XML_02A,"2023_TEOS_XML_02A/202300379349100110_public.xml"
880533985,"T &amp; J Kofford Foundation",2023_TEOS_XML_02A,"2023_TEOS_XML_02A/202300379349100210_public.xml"
471923578,"Anne G and Robert W Dorsey Family Foundation",2023_TEOS_XML_02A,"2023_TEOS_XML_02A/202300379349100405_public.xml"
592263586,"SEAMANS OUTREACH SERVICES INC",2023_TEOS_XML_02A,"2023_TEOS_XML_02A/202300379349100700_public.xml"
843155823,"DEANNAS ORGANICS",2023_TEOS_XML_02A,"2023_TEOS_XML_02A/202300379349100705_public.xml"
822671556,"MAESE FULMER CPAS PLLC",2023_TEOS_XML_02A,"2023_TEOS_XML_02A/202320379349101012_public.xml"
833941127,"SACHS DIAZ &amp; DIAZ PL",2023_TEOS_XML_02A,"2023_TEOS_XML_02A/202300379349100965_public.xml"
853800239,"LIGHT WITHIN ALL",2023_TEOS_XML_02A,"2023_TEOS_XML_02A/202300379349200010_public.xml"
541446973,"Monte W Mays &amp; Associates LLC",2023_TEOS_XML_02A,"2023_TEOS_XML_02A/202300379349200030_public.xml"
306141987,"ERNST &amp; YOUNG US LLP",2023_TEOS_XML_02A,"2023_TEOS_XML_02A/202300379349101000_public.xml"
861007913,"LISA M SMITH CPA",2023_TEOS_XML_02A,"2023_TEOS_XML_02A/202300379349200245_public.xml"
800292124,"DOUBLE D TAX SERVICES INC",2023_TEOS_XML_02A,"2023_TEOS_XML_02A/202300379349200430_public.xml"
840539814,"Ware &amp; Hinds Ditch Association",2023_TEOS_XML_02A,"2023_TEOS_XML_02A/202300379349200500_public.xml"
237346475,"CAPE COD HORTICULTURAL SOCIETY INC",2023_TEOS_XML_02A,"2023_TEOS_XML_02A/202300379349200505_public.xml"
475569856,"NANCY OLIVARES EA",2023_TEOS_XML_02A,"2023_TEOS_XML_02A/202300379349200755_public.xml"
352463816,"EADS &amp; ASSOCIATES INC",2023_TEOS_XML_02A,"2023_TEOS_XML_02A/202300379349200765_public.xml"
852798610,"Scinto Group LLP",2023_TEOS_XML_02A,"2023_TEOS_XML_02A/202340379349200629_public.xml"
834161571,"Chi Heorot Alumni Association Inc",2023_TEOS_XML_02A,"2023_TEOS_XML_02A/202300379349200825_public.xml"
743091437,"HUTCHINSON AND BLOODGOOD LLP",2023_TEOS_XML_02A,"2023_TEOS_XML_02A/202300379349201010_public.xml"
463113304,"RADCLIFFE CORPORATE SERVICES",2023_TEOS_XML_02A,"2023_TEOS_XML_02A/202300379349201015_public.xml"
990333167,"OHANA TAX SERVICE INC",2023_TEOS_XML_02A,"2023_TEOS_XML_02A/202300379349201085_public.xml"
591741900,"CAVANAUGH &amp; CO LLP",2023_TEOS_XML_02A,"2023_TEOS_XML_02A/202300379349201200_public.xml"
396073636,"Wisconsin Sportsmans Association Inc",2023_TEOS_XML_02A,"2023_TEOS_XML_02A/202300379349300005_public.xml"
452206152,"Thomason Financial Resources",2023_TEOS_XML_02A,"2023_TEOS_XML_02A/202300379349300245_public.xml"
851803497,"Bookkeeping At Its Best",2023_TEOS_XML_02A,"2023_TEOS_XML_02A/202300379349300425_public.xml"
840646077,"COLORADO COUNCIL ON ECONOMIC EDUCATION",2023_TEOS_XML_02A,"2023_TEOS_XML_02A/202300379349300800_public.xml"
550385060,"THE RODEHEAVER GROUP PC",2023_TEOS_XML_02A,"2023_TEOS_XML_02A/202300379349300860_public.xml"
631224544,"GIBSON &amp; CARDEN LLC",2023_TEOS_XML_02A,"2023_TEOS_XML_02A/202300379349300895_public.xml"
660600037,"REGALOS DE AMOR INC",2023_TEOS_XML_02A,"2023_TEOS_XML_02A/202300379349301005_public.xml"
420644910,"ROLAND DIELEMAN CPAS",2023_TEOS_XML_02A,"2023_TEOS_XML_02A/202300379349301055_public.xml"
202879000,"GIBSON &amp; COMPANY PC",2023_TEOS_XML_02A,"2023_TEOS_XML_02A/202300379349301065_public.xml"
472241225,"CLIFTONLARSONALLEN LLP",2023_TEOS_XML_02A,"2023_TEOS_XML_02A/202300379349301205_public.xml"
260394674,"WIPFLI LLP",2023_TEOS_XML_02A,"2023_TEOS_XML_02A/202300379349301215_public.xml"
386091224,"J W KIELISZEWSKI CPA PC",2023_TEOS_XML_02A,"2023_TEOS_XML_02A/202300379349301260_public.xml"
810750939,"JONES LITTLE &amp; CO CPA'S LLP",2023_TEOS_XML_02A,"2023_TEOS_XML_02A/202300379349301560_public.xml"
237236167,"FOULDS &amp; CO PC",2023_TEOS_XML_02A,"2023_TEOS_XML_02A/202310389349200801_public.xml"
026006524,"LEONE MCDONNELL &amp; ROBERTS PA",2023_TEOS_XML_02A,"2023_TEOS_XML_02A/202300389349100005_public.xml"
222746854,"WHITTLESEY PC",2023_TEOS_XML_02A,"2023_TEOS_XML_02A/202300389349100310_public.xml"
822428393,"CERTIFIED ACCOUNTING &amp; TAX INC",2023_TEOS_XML_02A,"2023_TEOS_XML_02A/202300389349100335_public.xml"
540762350,"RUMBLE &amp; ASSOCIATES",2023_TEOS_XML_02A,"2023_TEOS_XML_02A/202300389349100405_public.xml"
226830026,"ANDERSEN TAX LLC",2023_TEOS_XML_02A,"2023_TEOS_XML_02A/202300389349100605_public.xml"
823191630,"RSM US LLP",2023_TEOS_XML_02A,"2023_TEOS_XML_02A/202300389349100615_public.xml"
222667283,"S A Freitas CPA",2023_TEOS_XML_02A,"2023_TEOS_XML_02A/202300389349101165_public.xml"
842699949,"Earl Morrall Charity Foundation Inc",2023_TEOS_XML_02A,"2023_TEOS_XML_02A/202300389349200100_public.xml"
660688974,"TALBERT &amp; TALBERT",2023_TEOS_XML_02A,"2023_TEOS_XML_02A/202300389349200225_public.xml"
824224510,"PORTER &amp; ASSOCIATES CPAS PLLC",2023_TEOS_XML_02A,"2023_TEOS_XML_02A/202300389349200245_public.xml"
474934413,"BLISS KID YOGA",2023_TEOS_XML_02A,"2023_TEOS_XML_02A/202300389349200420_public.xml"
475148551,"Spagnola &amp; Spagnola Accounting Firm LLC",2023_TEOS_XML_02A,"2023_TEOS_XML_02A/202300389349200735_public.xml"
841526603,"Norman R Taylor CPA PC",2023_TEOS_XML_02A,"2023_TEOS_XML_02A/202300389349200975_public.xml"
853669134,"Central Florida ObGyn Society",2023_TEOS_XML_02A,"2023_TEOS_XML_02A/202330519349201003_public.xml"
720984552,"GATES &amp; COMPANY LLC",2023_TEOS_XML_02A,"2023_TEOS_XML_02A/202300389349300030_public.xml"
640541802,"LOWERY PAYN AND LEGGETT CPAS",2023_TEOS_XML_02A,"2023_TEOS_XML_02A/202300389349300110_public.xml"
453444045,"Batts Morrison Wales &amp; Lee PA",2023_TEOS_XML_02A,"2023_TEOS_XML_02A/202300389349300045_public.xml"
116006849,"SHAPIRO GOLDSTEIN MOSES &amp; ARTUSO LLP",2023_TEOS_XML_02A,"2023_TEOS_XML_02A/202300389349300210_public.xml"
203873790,"YAMAHA MUSIC AND WELLNESS INSTITUTE INC",2023_TEOS_XML_02A,"2023_TEOS_XML_02A/202300389349300220_public.xml"
300505256,"SIMON FRASER UNIVERSITY",2023_TEOS_XML_02A,"2023_TEOS_XML_02A/202300389349300200_public.xml"
262783032,"FOUNDATION FOR STUDENT ACHIEVEMENT INC",2023_TEOS_XML_02A,"2023_TEOS_XML_02A/202300389349300400_public.xml"
260006579,"CHERRY BEKAERT ADVISORY LLC",2023_TEOS_XML_02A,"2023_TEOS_XML_02A/202300389349300605_public.xml"
660938154,"GALINDEZ LLC",2023_TEOS_XML_02A,"2023_TEOS_XML_02A/202300389349300810_public.xml"
273326766,"NISIVOCCIA LLP",2023_TEOS_XML_02A,"2023_TEOS_XML_02A/202330389349301118_public.xml"
521361803,"Rogers &amp; Company PLLC",2023_TEOS_XML_02A,"2023_TEOS_XML_02A/202300389349301020_public.xml"
260404777,"DIANE REYNOLDS CPA",2023_TEOS_XML_02A,"2023_TEOS_XML_02A/202300389349301335_public.xml"
383675065,"CLIFTONLARSONALLEN LLP",2023_TEOS_XML_02A,"2023_TEOS_XML_02A/202300389349301730_public.xml"
411896055,"LA FAYETTE &amp; PLATH LTD",2023_TEOS_XML_02A,"2023_TEOS_XML_02A/202300389349301750_public.xml"
850572254,"Jason Arsenault CPA LLC",2023_TEOS_XML_02A,"2023_TEOS_XML_02A/202300399349100105_public.xml"
541725608,"Tom Sullivan EA",2023_TEOS_XML_02A,"2023_TEOS_XML_02A/202300399349100205_public.xml"
473896179,"Ellsworth Stauffer PC",2023_TEOS_XML_02A,"2023_TEOS_XML_02A/202300399349100310_public.xml"
201116279,"MORRIS WERNER LAW OFFICES",2023_TEOS_XML_02A,"2023_TEOS_XML_02A/202300399349100305_public.xml"
871626146,"ATA Group LLP",2023_TEOS_XML_02A,"2023_TEOS_XML_02A/202300399349100315_public.xml"
873056970,"ALAN MAXCY CPA",2023_TEOS_XML_02A,"2023_TEOS_XML_02A/202300399349100505_public.xml"
256018685,"PRICEWATERHOUSECOOPERS LLP",2023_TEOS_XML_02A,"2023_TEOS_XML_02A/202300399349100425_public.xml"
824819085,"MANER COSTERISAN PC",2023_TEOS_XML_02A,"2023_TEOS_XML_02A/202300399349200120_public.xml"
823080404,"SHARMA &amp; ASSOCIATES",2023_TEOS_XML_02A,"2023_TEOS_XML_02A/202320399349201412_public.xml"
043719912,"KEVIN MCKAY CPA PLLC",2023_TEOS_XML_02A,"2023_TEOS_XML_02A/202300399349200405_public.xml"
592406671,"JAMES MOORE &amp; CO PL",2023_TEOS_XML_02A,"2023_TEOS_XML_02A/202300399349200415_public.xml"
852798996,"H AND R BLOCK",2023_TEOS_XML_02A,"2023_TEOS_XML_02A/202300399349200500_public.xml"
331065027,"TRUSTY BOOKKEEPING &amp; INCOME TAX SVCS INC",2023_TEOS_XML_02A,"2023_TEOS_XML_02A/202300399349200745_public.xml"
743243861,"Angie Shirley CPA",2023_TEOS_XML_02A,"2023_TEOS_XML_02A/202300399349200910_public.xml"
872485701,"Barfield and Kinkead LLC",2023_TEOS_XML_02A,"2023_TEOS_XML_02A/202300399349200920_public.xml"
410901002,"LAND OLAKES KENNEL CLUB INCORPORATED",2023_TEOS_XML_02A,"2023_TEOS_XML_02A/202300399349201100_public.xml"
911749107,"AGT CPAS AND ADVISORS",2023_TEOS_XML_02A,"2023_TEOS_XML_02A/202300399349201365_public.xml"
840449936,"KUNDINGER CORDER &amp; MONTOYA PC",2023_TEOS_XML_02A,"2023_TEOS_XML_02A/202300399349300335_public.xml"
454919549,"WALL TITUS LLC",2023_TEOS_XML_02A,"2023_TEOS_XML_02A/202300399349300345_public.xml"
666043399,"Rodriguez &amp; Santiago CPA's PSC",2023_TEOS_XML_02A,"2023_TEOS_XML_02A/202300399349300520_public.xml"
370240348,"PHILLIPS &amp; ASSOCIATES CPAs PC",2023_TEOS_XML_02A,"2023_TEOS_XML_02A/202300399349301185_public.xml"
821077370,"FORGE FINANCIAL &amp; MANAGEMENT CONSULTING",2023_TEOS_XML_02A,"2023_TEOS_XML_02A/202300399349301230_public.xml"
980164389,"ERNST &amp; YOUNG US LLP",2023_TEOS_XML_02A,"2023_TEOS_XML_02A/202300399349301385_public.xml"
263614559,"FAIR ANDERSON &amp; LANGERMAN",2023_TEOS_XML_02A,"2023_TEOS_XML_02A/202300409349100125_public.xml"
510562110,"GERALD T REILLY &amp; COMPANY",2023_TEOS_XML_02A,"2023_TEOS_XML_02A/202300409349100120_public.xml"
813871322,"GUY ROCHBERG CPA",2023_TEOS_XML_02A,"2023_TEOS_XML_02A/202300409349100205_public.xml"
831082741,"Rosemet Foundation Inc",2023_TEOS_XML_02A,"2023_TEOS_XML_02A/202300409349100300_public.xml"
861361054,"Shawn Washington Accountancy Corporation",2023_TEOS_XML_02A,"2023_TEOS_XML_02A/202300409349100430_public.xml"
464502419,"Evers &amp; Company CPAs LLC",2023_TEOS_XML_02A,"2023_TEOS_XML_02A/202300409349100610_public.xml"
862328631,"A Heartfelt Mermaid Gift Corporation",2023_TEOS_XML_02A,"2023_TEOS_XML_02A/202300409349100705_public.xml"
237179101,"PKF O'CONNOR DAVIES ADVISORY LLC",2023_TEOS_XML_02A,"2023_TEOS_XML_02A/202300409349100520_public.xml"
411793832,"SEVENICH BUTLER GERLACH &amp; BRAZIL LTD",2023_TEOS_XML_02A,"2023_TEOS_XML_02A/202300409349100805_public.xml"
311465773,"KHAN ARNDT &amp; ASSOCIATES PA",2023_TEOS_XML_02A,"2023_TEOS_XML_02A/202300409349100920_public.xml"
300847815,"HRB TAX GROUP INC",2023_TEOS_XML_02A,"2023_TEOS_XML_02A/202300409349200040_public.xml"
421670935,"PAUL E SHAPIRO",2023_TEOS_XML_02A,"2023_TEOS_XML_02A/202300409349200120_public.xml"
843248029,"J Bart Bradshaw CPA PLLC",2023_TEOS_XML_02A,"2023_TEOS_XML_02A/202300409349200235_public.xml"
586065107,"RONDA HOLLOWAY CPA PC",2023_TEOS_XML_02A,"2023_TEOS_XML_02A/202300409349200240_public.xml"
833816821,"VIELE SOLIMANO SWAGLER &amp; CHAPMAN CPA PC",2023_TEOS_XML_02A,"2023_TEOS_XML_02A/202300409349200510_public.xml"
452513099,"GREAT MINDS LEARNING CENTER",2023_TEOS_XML_02A,"2023_TEOS_XML_02A/202300409349200810_public.xml"
311714120,"Phillips Feldman Group",2023_TEOS_XML_02A,"2023_TEOS_XML_02A/202300409349200845_public.xml"
350782564,"BIKOS &amp; ASSOCIATES CPA PC",2023_TEOS_XML_02A,"2023_TEOS_XML_02A/202300409349201025_public.xml"
811437338,"Daniel B Blomberg Inc",2023_TEOS_XML_02A,"2023_TEOS_XML_02A/202300409349201465_public.xml"
872408490,"Becker College Alumni Association",2023_TEOS_XML_02A,"2023_TEOS_XML_02A/202300409349201500_public.xml"
522370420,"WOLTMAN GROUP PLLC",2023_TEOS_XML_02A,"2023_TEOS_XML_02A/202300409349300135_public.xml"
480824314,"H AND R BLOCK",2023_TEOS_XML_02A,"2023_TEOS_XML_02A/202300409349300410_public.xml"
860873658,"FESTER &amp; CHAPMAN PLLC",2023_TEOS_XML_02A,"2023_TEOS_XML_02A/202300409349300520_public.xml"
660541904,"CASA DEL PEREGRINO",2023_TEOS_XML_02A,"2023_TEOS_XML_02A/202300409349300615_public.xml"
561729316,"Corporate Business Services",2023_TEOS_XML_02A,"2023_TEOS_XML_02A/202300409349300720_public.xml"
980158157,"V TAX FILING LIMITED PARTNERSHIP",2023_TEOS_XML_02A,"2023_TEOS_XML_02A/202300409349300700_public.xml"
430787999,"GIBSON &amp; COMPANY PC",2023_TEOS_XML_02A,"2023_TEOS_XML_02A/202300409349300815_public.xml"
341328737,"MIZICK MILLER &amp; COMPANY INC",2023_TEOS_XML_02A,"2023_TEOS_XML_02A/202300409349301500_public.xml"
471121284,"D'ARCANGELO &amp; CO LLP",2023_TEOS_XML_02A,"2023_TEOS_XML_02A/202300409349301605_public.xml"
850575656,"Ornelas &amp; Morris CPAs PC",2023_TEOS_XML_02A,"2023_TEOS_XML_02A/202300409349301665_public.xml"
852123472,"LARRICE CARTER CPA",2023_TEOS_XML_02A,"2023_TEOS_XML_02A/202300419339300005_public.xml"
626301619,"HOUSHOLDER ARTMAN PLLC",2023_TEOS_XML_02A,"2023_TEOS_XML_02A/202300419349100015_public.xml"
223838850,"PALMETTO ZEIGLER CHAMBERLAIN &amp; PERRELLA",2023_TEOS_XML_02A,"2023_TEOS_XML_02A/202300419349100110_public.xml"
204004868,"LERMAN BOUDART &amp; ASSOCIATES LLP",2023_TEOS_XML_02A,"2023_TEOS_XML_02A/202300419349100120_public.xml"
261547873,"DEBOECK FAMILY FOUNDATION INC",2023_TEOS_XML_02A,"2023_TEOS_XML_02A/202300419349100205_public.xml"
251560562,"JENMAR FOUNDATION",2023_TEOS_XML_02A,"2023_TEOS_XML_02A/202300419349100400_public.xml"
232939105,"CALIHAN FOUNDATION",2023_TEOS_XML_02A,"2023_TEOS_XML_02A/202300419349100500_public.xml"
863630947,"The Cottonwood Group",2023_TEOS_XML_02A,"2023_TEOS_XML_02A/202320419349100427_public.xml"
510198301,"BEANE SWARINGEN &amp; COMPANY PLLC",2023_TEOS_XML_02A,"2023_TEOS_XML_02A/202300419349200105_public.xml"
260418458,"CHANDEL ASSOCIATES PA",2023_TEOS_XML_02A,"2023_TEOS_XML_02A/202300419349200710_public.xml"
452045918,"Thomas M Crane PA",2023_TEOS_XML_02A,"2023_TEOS_XML_02A/202300419349200720_public.xml"
931099812,"Deanne Bain",2023_TEOS_XML_02A,"2023_TEOS_XML_02A/202300419349200885_public.xml"
262043980,"LITTLE LEAGUE BASEBALL INC",2023_TEOS_XML_02A,"2023_TEOS_XML_02A/202300419349201065_public.xml"
364189559,"EFFINGHAM COUNTY HABITAT FOR HUMANITY",2023_TEOS_XML_02A,"2023_TEOS_XML_02A/202300419349201165_public.xml"
381918631,"Lake Michigan CPA Services PLC",2023_TEOS_XML_02A,"2023_TEOS_XML_02A/202300419349300115_public.xml"
020458663,"Paula K Wyeth CPA",2023_TEOS_XML_02A,"2023_TEOS_XML_02A/202300419349300140_public.xml"
204777323,"HAMILTON ASSOCIATES PC",2023_TEOS_XML_02A,"2023_TEOS_XML_02A/202300419349300145_public.xml"
454200252,"CT BUSINESS SERVICES LLC",2023_TEOS_XML_02A,"2023_TEOS_XML_02A/202300419349300305_public.xml"
820760869,"MCCALL SCANLON &amp; TICE LLC",2023_TEOS_XML_02A,"2023_TEOS_XML_02A/202300419349300510_public.xml"
592529126,"ROBBINS &amp; MORONEY PA",2023_TEOS_XML_02A,"2023_TEOS_XML_02A/202300419349300725_public.xml"
383584919,"CURTIS BAILEY EXELBY &amp; SPOSITO PC",2023_TEOS_XML_02A,"2023_TEOS_XML_02A/202300419349300740_public.xml"
980078729,"Board of Governors of The Banff Centre",2023_TEOS_XML_02A,"2023_TEOS_XML_02A/202300519349300600_public.xml"
382601964,"BOISVENU &amp; COMPANY PC",2023_TEOS_XML_02A,"2023_TEOS_XML_02A/202300419349301000_public.xml"
521034058,"Block Advisors",2023_TEOS_XML_02A,"2023_TEOS_XML_02A/202300419349301235_public.xml"
454793293,"DEBORAH L HERMAN CPA",2023_TEOS_XML_02A,"2023_TEOS_XML_02A/202300419349301325_public.xml"
020519859,"Raiche &amp; Company CPAs PLLC",2023_TEOS_XML_02A,"2023_TEOS_XML_02A/202300419349301340_public.xml"
330559491,"PDM LLP",2023_TEOS_XML_02A,"2023_TEOS_XML_02A/202310419349300541_public.xml"
842478845,"SOMMERVILLE &amp; ASSOCIATES PC",2023_TEOS_XML_02A,"2023_TEOS_XML_02A/202300419349301505_public.xml"
660419857,"JAVIER F ORTIZ DIAZ CPA CSP",2023_TEOS_XML_02A,"2023_TEOS_XML_02A/202300419349301595_public.xml"
592405204,"BEHIND THE SCENES FINANCIALS INC",2023_TEOS_XML_02A,"2023_TEOS_XML_02A/202300419349301815_public.xml"
950483880,"EXACT TAX INC",2023_TEOS_XML_02A,"2023_TEOS_XML_02A/202300419349302150_public.xml"
840808874,"Wootten Financial Services",2023_TEOS_XML_02A,"2023_TEOS_XML_02A/202300429349200220_public.xml"
421422130,"COLLINS LEADERSHIP CLUB",2023_TEOS_XML_02A,"2023_TEOS_XML_02A/202300429349200800_public.xml"
812918785,"Diana A Morales EA",2023_TEOS_XML_02A,"2023_TEOS_XML_02A/202300429349200805_public.xml"
954831064,"GREATESCAPE FOUNDATION",2023_TEOS_XML_02A,"2023_TEOS_XML_02A/202300429349200900_public.xml"
814101984,"HARTE&amp;COMPANY ACCOUNTING AND TAX SERVICES",2023_TEOS_XML_02A,"2023_TEOS_XML_02A/202300429349200815_public.xml"
746515281,"PRICEWATERHOUSECOOPERS LLP",2023_TEOS_XML_02A,"2023_TEOS_XML_02A/202300429349100800_public.xml"
274303347,"ALAN ROSS &amp; COMPANY PC",2023_TEOS_XML_02A,"2023_TEOS_XML_02A/202300429349300025_public.xml"
222486265,"SOUTHERN BERKSHIRE ELDERLY TRANSPORTATION CORPORATION",2023_TEOS_XML_02A,"2023_TEOS_XML_02A/202300429349300105_public.xml"
834143727,"APRIO LLP",2023_TEOS_XML_02A,"2023_TEOS_XML_02A/202300439349300805_public.xml"
842962806,"J DAVIS CPA-AC",2023_TEOS_XML_02A,"2023_TEOS_XML_02A/202300429349300525_public.xml"
475269252,"FROST PLLC",2023_TEOS_XML_02A,"2023_TEOS_XML_02A/202300439349100000_public.xml"
474757354,"COMPLETE BUSINESS SVC",2023_TEOS_XML_02A,"2023_TEOS_XML_02A/202300439349100700_public.xml"
746040639,"Gary W Ballowe CPA",2023_TEOS_XML_02A,"2023_TEOS_XML_02A/202300439349200110_public.xml"
842696694,"CFO ORTHO",2023_TEOS_XML_02A,"2023_TEOS_XML_02A/202300439349200720_public.xml"
820918393,"OREGON YOUTH OUTREACH",2023_TEOS_XML_02A,"2023_TEOS_XML_02A/202300439349200805_public.xml"
461217226,"VETERANS RECOVERY CENTER COUNCIL OF MURFREESBORO",2023_TEOS_XML_02A,"2023_TEOS_XML_02A/202300439349201100_public.xml"
352514915,"CENKO VENDITTELLI HAYNES AND TOKARZ PLC",2023_TEOS_XML_02A,"2023_TEOS_XML_02A/202300439349201200_public.xml"
660469059,"PATRONATO CASTILLO SERRALLES",2023_TEOS_XML_02A,"2023_TEOS_XML_02A/202300439349300300_public.xml"
843500658,"ARON HIRSCHFELD CPA PC",2023_TEOS_XML_02A,"2023_TEOS_XML_02A/202300449349100315_public.xml"
474005260,"YBARRA &amp; ASSOCIATES",2023_TEOS_XML_02A,"2023_TEOS_XML_02A/202300449349100435_public.xml"
872560123,"Mireyas Mission",2023_TEOS_XML_02A,"2023_TEOS_XML_02A/202300449349100500_public.xml"
841483081,"CBIZ MHM LLC",2023_TEOS_XML_02A,"2023_TEOS_XML_02A/202300449349100615_public.xml"
943214432,"FRANK RIMERMAN &amp; CO LLP",2023_TEOS_XML_02A,"2023_TEOS_XML_02A/202300449349100715_public.xml"
844880046,"WALLACE PLESE DREHER LLP",2023_TEOS_XML_02A,"2023_TEOS_XML_02A/202300449349100735_public.xml"
202531733,"SCHULZE OSWALD MILLER &amp; EDWARDS PC",2023_TEOS_XML_02A,"2023_TEOS_XML_02A/202300449349100815_public.xml"
341213061,"THE D'AMORE TATMAN GROUP LLC",2023_TEOS_XML_02A,"2023_TEOS_XML_02A/202300449349100900_public.xml"
822142119,"ERIC T MOODY CPA PA",2023_TEOS_XML_02A,"2023_TEOS_XML_02A/202300449349200000_public.xml"
800955555,"Crowe and Heckman PC",2023_TEOS_XML_02A,"2023_TEOS_XML_02A/202340449349200629_public.xml"
232636583,"BARBARA AKINS CPA",2023_TEOS_XML_02A,"2023_TEOS_XML_02A/202300449349200240_public.xml"
650111468,"FRATERNAL ORDER OF EAGLES 4219",2023_TEOS_XML_02A,"2023_TEOS_XML_02A/202300449349200345_public.xml"
541414004,"BURDETTE SMITH &amp; BISH LLC",2023_TEOS_XML_02A,"2023_TEOS_XML_02A/202300449349200505_public.xml"
621480331,"Loucks &amp; Weaver CPA",2023_TEOS_XML_02A,"2023_TEOS_XML_02A/202300449349200610_public.xml"
843088715,"ACCOUNTING RESULTS LLC",2023_TEOS_XML_02A,"2023_TEOS_XML_02A/202300449349200840_public.xml"
931330169,"Rauch McFetridge Cleveland &amp; Stein CPAs LLC",2023_TEOS_XML_02A,"2023_TEOS_XML_02A/202300449349200715_public.xml"
461613556,"MAURICIO FERNANDEZ PA",2023_TEOS_XML_02A,"2023_TEOS_XML_02A/202300449349200900_public.xml"
943068754,"Richard A Nagel CPA",2023_TEOS_XML_02A,"2023_TEOS_XML_02A/202300449349200940_public.xml"
473071419,"IRON-2-IRON MINISTRIES INC",2023_TEOS_XML_02A,"2023_TEOS_XML_02A/202300449349201340_public.xml"
363961835,"Bert Schmitt",2023_TEOS_XML_02A,"2023_TEOS_XML_02A/202300449349201380_public.xml"
391396456,"THE VANDERBLOEMEN GROUP LLC",2023_TEOS_XML_02A,"2023_TEOS_XML_02A/202300449349201425_public.xml"
452711332,"HENJES CONNER &amp; WILLIAMS PC",2023_TEOS_XML_02A,"2023_TEOS_XML_02A/202300449349300130_public.xml"
237378870,"George J Woo",2023_TEOS_XML_02A,"2023_TEOS_XML_02A/202310349349200621_public.xml"
460478604,"LISA M SMITH CPA",2023_TEOS_XML_02A,"2023_TEOS_XML_02A/202310349349200616_public.xml"
381368341,"Markowski &amp; Company CPAs",2023_TEOS_XML_02A,"2023_TEOS_XML_02A/202300449349300530_public.xml"
472494559,"Momentum Tax &amp; Financial LLC",2023_TEOS_XML_02A,"2023_TEOS_XML_02A/202300449349300640_public.xml"
311014373,"SAM BROWN CPA INC",2023_TEOS_XML_02A,"2023_TEOS_XML_02A/202300449349301030_public.xml"
205334367,"BABIONE KUEHLER &amp; COMPANY",2023_TEOS_XML_02A,"2023_TEOS_XML_02A/202300449349301225_public.xml"
455530186,"JOHN MICHAEL MILLER CPA INC",2023_TEOS_XML_02A,"2023_TEOS_XML_02A/202300449349301305_public.xml"
942771956,"ROBERT L WITHROW CPA",2023_TEOS_XML_02A,"2023_TEOS_XML_02A/202300449349301385_public.xml"
660545118,"SCUBA DOGS SOCIETY INC",2023_TEOS_XML_02A,"2023_TEOS_XML_02A/202300449349301400_public.xml"
912146802,"ARMANINO LLP",2023_TEOS_XML_02A,"2023_TEOS_XML_02A/202300449349301445_public.xml"
223246590,"Paterson Federation Knights of Columbus",2023_TEOS_XML_02A,"2023_TEOS_XML_02A/202300449349301505_public.xml"
237361922,"THE US TAX GROUP LTD",2023_TEOS_XML_02A,"2023_TEOS_XML_02A/202300449349301815_public.xml"
202387168,"KELEMEN &amp; STEPHENS PLLC",2023_TEOS_XML_02A,"2023_TEOS_XML_02A/202300449349302120_public.xml"
470743141,"O'DONNELL FICENEC WILLS &amp; FERDIG LLP",2023_TEOS_XML_02A,"2023_TEOS_XML_02A/202300449349302300_public.xml"
611705744,"JAMISONMONEYFARMER PC",2023_TEOS_XML_02A,"2023_TEOS_XML_02A/202330459349300823_public.xml"
943033875,"DELUCCHI HAWN LLP",2023_TEOS_XML_02A,"2023_TEOS_XML_02A/202300459349100110_public.xml"
873847490,"NEWBURG &amp; COMPANY LLP",2023_TEOS_XML_02A,"2023_TEOS_XML_02A/202300459349100310_public.xml"
352189469,"HONEYCUTT &amp; GRADY CPAS",2023_TEOS_XML_02A,"2023_TEOS_XML_02A/202300459349100630_public.xml"
862232427,"GREGORY L ASHCRAFT CPA PA",2023_TEOS_XML_02A,"2023_TEOS_XML_02A/202300459349100720_public.xml"
954035765,"HUTCHINSON &amp; BLOODGOOD LLP",2023_TEOS_XML_02A,"2023_TEOS_XML_02A/202300459349101305_public.xml"
850821747,"RSM US LLP",2023_TEOS_XML_02A,"2023_TEOS_XML_02A/202300459349200030_public.xml"
341198989,"CRUM &amp; COMPANY",2023_TEOS_XML_02A,"2023_TEOS_XML_02A/202300459349200805_public.xml"
453615077,"DIAMOND ASSOCIATES CPAS PC",2023_TEOS_XML_02A,"2023_TEOS_XML_02A/202300459349201125_public.xml"
453112684,"ARCHIE WHIRLWINDS MUSIC BOOSTER CLUB",2023_TEOS_XML_02A,"2023_TEOS_XML_02A/202300459349201300_public.xml"
261858486,"KILIMANJARO GUIDE SCHOLARSHIP FOUNDATION INC",2023_TEOS_XML_02A,"2023_TEOS_XML_02A/202300459349201400_public.xml"
226060979,"ISRAELOW LIPTON GILLIO MEYEROWITZ &amp; MELTZER",2023_TEOS_XML_02A,"2023_TEOS_XML_02A/202300459349201595_public.xml"
831447585,"Chollas RC Flyers",2023_TEOS_XML_02A,"2023_TEOS_XML_02A/202300459349201600_public.xml"
832838595,"TAXMOM",2023_TEOS_XML_02A,"2023_TEOS_XML_02A/202300459349201580_public.xml"
204856866,"MEISELS KUNSTLER PICKER &amp; AUERBACH CPA",2023_TEOS_XML_02A,"2023_TEOS_XML_02A/202300459349201720_public.xml"
300615456,"Russell Blank CPA",2023_TEOS_XML_02A,"2023_TEOS_XML_02A/202300459349201760_public.xml"
203282466,"MOSS ADAMS LLP",2023_TEOS_XML_02A,"2023_TEOS_XML_02A/202310459349302666_public.xml"
465035890,"Grow a Strong Family Inc",2023_TEOS_XML_02A,"2023_TEOS_XML_02A/202300459349201855_public.xml"
232092553,"WINDES INC",2023_TEOS_XML_02A,"2023_TEOS_XML_02A/202300459349202030_public.xml"
640501361,"DOBBINS &amp; MITCHELL PA CPAS",2023_TEOS_XML_02A,"2023_TEOS_XML_02A/202300459349300140_public.xml"
133616157,"Bencivenga Ward &amp; Co CPAs PC",2023_TEOS_XML_02A,"2023_TEOS_XML_02A/202300459349300220_public.xml"
741398063,"Carrie Says PC",2023_TEOS_XML_02A,"2023_TEOS_XML_02A/202300459349300540_public.xml"
854061521,"Cindy Bombard CPA PA",2023_TEOS_XML_02A,"2023_TEOS_XML_02A/202300459349300915_public.xml"
660428651,"PRODUCIR INC UNA CORP DE DESARROLLO COMUNAL Y ECON PARA CUBUY Y LOMAS",2023_TEOS_XML_02A,"2023_TEOS_XML_02A/202300459349301320_public.xml"
237143601,"CHARLAND MARCIANO &amp; COMPANY CPAS LLP",2023_TEOS_XML_02A,"2023_TEOS_XML_02A/202320459349300547_public.xml"
222480718,"Baldessari &amp; Coster LLP",2023_TEOS_XML_02A,"2023_TEOS_XML_02A/202330449349301778_public.xml"
833179524,"WELLS CPA LLC",2023_TEOS_XML_02A,"2023_TEOS_XML_02A/202300459349301750_public.xml"
410263032,"REESE WINTER &amp; ASSOCIATES LTD",2023_TEOS_XML_02A,"2023_TEOS_XML_02A/202300459349301930_public.xml"
660655436,"GALINDEZ LLC",2023_TEOS_XML_02A,"2023_TEOS_XML_02A/202300459349301965_public.xml"
542119728,"COHNREZNICK LLP",2023_TEOS_XML_02A,"2023_TEOS_XML_02A/202300459349302170_public.xml"
020171967,"TYLER SIMMS &amp; ST SAUVEUR CPAS PLLC",2023_TEOS_XML_02A,"2023_TEOS_XML_02A/202300459349302235_public.xml"
350320897,"Garner Tax Service",2023_TEOS_XML_02A,"2023_TEOS_XML_02A/202300459349302240_public.xml"
471648349,"CAMERON J SCHLUENS LLC",2023_TEOS_XML_02A,"2023_TEOS_XML_02A/202300459349302400_public.xml"
462333721,"Fruci &amp; Associates PS",2023_TEOS_XML_02A,"2023_TEOS_XML_02A/202300459349302480_public.xml"
842238694,"BOROS &amp; JOSEPH CPAS",2023_TEOS_XML_02A,"2023_TEOS_XML_02A/202300459349302535_public.xml"
756155809,"BROWN GRAHAM &amp; COMPANY PC",2023_TEOS_XML_02A,"2023_TEOS_XML_02A/202300469349100010_public.xml"
326096661,"Pasternack Associates LLC",2023_TEOS_XML_02A,"2023_TEOS_XML_02A/202300469349100115_public.xml"
237088099,"A ZWEIGEL FOUNDATION",2023_TEOS_XML_02A,"2023_TEOS_XML_02A/202300469349100105_public.xml"
522044109,"DEMBO JONES PC",2023_TEOS_XML_02A,"2023_TEOS_XML_02A/202300469349100445_public.xml"
821342578,"KURT A JOHNSON ESQ",2023_TEOS_XML_02A,"2023_TEOS_XML_02A/202300469349100530_public.xml"
256066918,"A F MCGERVEY &amp; CO LLC",2023_TEOS_XML_02A,"2023_TEOS_XML_02A/202300469349100715_public.xml"
844074278,"MAGINNIS &amp; CAREY LLP",2023_TEOS_XML_02A,"2023_TEOS_XML_02A/202300469349100805_public.xml"
522044108,"DEMBO JONES PC",2023_TEOS_XML_02A,"2023_TEOS_XML_02A/202300469349100830_public.xml"
593425577,"RUDOLPH &amp; SHIVERS PLLC",2023_TEOS_XML_02A,"2023_TEOS_XML_02A/202300469349101025_public.xml"
566583004,"WILSON MACEWEN &amp; CO CPA'S",2023_TEOS_XML_02A,"2023_TEOS_XML_02A/202300469349101030_public.xml"
205068278,"REHMANN ROBSON LLC",2023_TEOS_XML_02A,"2023_TEOS_XML_02A/202300469349101110_public.xml"
463439492,"Freedoms Ziptax Service Inc",2023_TEOS_XML_02A,"2023_TEOS_XML_02A/202300469349200045_public.xml"
262427597,"CHRISTINA POWERS TAX",2023_TEOS_XML_02A,"2023_TEOS_XML_02A/202300469349200135_public.xml"
461746279,"O'BRIEN &amp; TELLOYAN PC",2023_TEOS_XML_02A,"2023_TEOS_XML_02A/202300469349200145_public.xml"
881283687,"MAY JACKSON HENDRICK LLC",2023_TEOS_XML_02A,"2023_TEOS_XML_02A/202300469349200240_public.xml"
852673705,"PFMITCHELL ACCOUNTING",2023_TEOS_XML_02A,"2023_TEOS_XML_02A/202300469349200320_public.xml"
753056173,"FLAT BRANCH HUNTING CLUB INC",2023_TEOS_XML_02A,"2023_TEOS_XML_02A/202300469349200325_public.xml"
660795872,"COALICION DE CANCER COLORRECTAL DE PUERTO RICO INC",2023_TEOS_XML_02A,"2023_TEOS_XML_02A/202300469349200445_public.xml"
430693919,"LEGACY PROFESSIONALS LLP",2023_TEOS_XML_02A,"2023_TEOS_XML_02A/202300469349200430_public.xml"
431298148,"BT&amp;CO PA",2023_TEOS_XML_02A,"2023_TEOS_XML_02A/202310469339300306_public.xml"
660597473,"DanzActiva Inc",2023_TEOS_XML_02A,"2023_TEOS_XML_02A/202300469349200900_public.xml"
813659639,"CTA AND ASSOCIATES LLC",2023_TEOS_XML_02A,"2023_TEOS_XML_02A/202300469349200940_public.xml"
660672254,"Organizacion Pro Ambiente Sustentable Inc",2023_TEOS_XML_02A,"2023_TEOS_XML_02A/202300469349201000_public.xml"
621435649,"RITTER TAX &amp; ACCOUNTING SERVICES CPA",2023_TEOS_XML_02A,"2023_TEOS_XML_02A/202300469349201125_public.xml"
831859141,"Physicians for the Protection of Patients",2023_TEOS_XML_02A,"2023_TEOS_XML_02A/202320339349200902_public.xml"
873993083,"FIRST LIGHT CHARITIES INC",2023_TEOS_XML_02A,"2023_TEOS_XML_02A/202300469349201410_public.xml"
853079796,"LARRY WILKINS",2023_TEOS_XML_02A,"2023_TEOS_XML_02A/202300469349201655_public.xml"
520703117,"Mosaic Bookkeeping LLC",2023_TEOS_XML_02A,"2023_TEOS_XML_02A/202300469349201715_public.xml"
821526538,"VINCENT TAX SERVICE PLLC",2023_TEOS_XML_02A,"2023_TEOS_XML_02A/202340469349202319_public.xml"
371090665,"Gordon Stockman &amp; Waugh PC",2023_TEOS_XML_02A,"2023_TEOS_XML_02A/202300469349202015_public.xml"
453195578,"Nelson &amp; Pelura LLC",2023_TEOS_XML_02A,"2023_TEOS_XML_02A/202300469349202040_public.xml"
510170796,"SUMMIT CPAS",2023_TEOS_XML_02A,"2023_TEOS_XML_02A/202300469349202120_public.xml"
640656534,"PRINCE CPA FIRM PLLC",2023_TEOS_XML_02A,"2023_TEOS_XML_02A/202300469349202155_public.xml"
822884569,"BOBS TAX SERVICE",2023_TEOS_XML_02A,"2023_TEOS_XML_02A/202300469349202165_public.xml"
753129771,"Accurant LLC",2023_TEOS_XML_02A,"2023_TEOS_XML_02A/202300469349202500_public.xml"
986001095,"Barnardos",2023_TEOS_XML_02A,"2023_TEOS_XML_02A/202300469349300015_public.xml"
026007687,"Baker Newman &amp; Noyes",2023_TEOS_XML_02A,"2023_TEOS_XML_02A/202300469349300010_public.xml"
861864677,"GELMAN ROSENBERG &amp; FREEDMAN",2023_TEOS_XML_02A,"2023_TEOS_XML_02A/202300469349300320_public.xml"
851389338,"FLORIDAS FUTURE FIRST INC",2023_TEOS_XML_02A,"2023_TEOS_XML_02A/202300469349300700_public.xml"
541382430,"Shen Valley Tax and Bookkeeping",2023_TEOS_XML_02A,"2023_TEOS_XML_02A/202300469349300805_public.xml"
660830558,"Villafane &amp; Oti",2023_TEOS_XML_02A,"2023_TEOS_XML_02A/202300469349301000_public.xml"
340587560,"REA &amp; ASSOCIATES INC",2023_TEOS_XML_02A,"2023_TEOS_XML_02A/202300469349301020_public.xml"
980404212,"KPMG LLP",2023_TEOS_XML_02A,"2023_TEOS_XML_02A/202300469349301350_public.xml"
910833171,"SQUIRES MADDUX &amp; COMPANY PLLC",2023_TEOS_XML_02A,"2023_TEOS_XML_02A/202300469349301440_public.xml"
376035874,"MCGUIRE YUHAS HUFFMAN &amp; BUCKLEY PC",2023_TEOS_XML_02A,"2023_TEOS_XML_02A/202300469349301465_public.xml"
237327860,"BUTLER BURKE LLP",2023_TEOS_XML_02A,"2023_TEOS_XML_02A/202300469349301495_public.xml"
463404273,"STROTHMAN &amp; COMPANY PSC",2023_TEOS_XML_02A,"2023_TEOS_XML_02A/202300469349301605_public.xml"
660579504,"ETRENDS GROUP",2023_TEOS_XML_02A,"2023_TEOS_XML_02A/202300469349301640_public.xml"
461958390,"WITHUMSMITHBROWNPC",2023_TEOS_XML_02A,"2023_TEOS_XML_02A/202300469349301695_public.xml"
660894050,"POR LOS NUESTROS INC",2023_TEOS_XML_02A,"2023_TEOS_XML_02A/202300469349301750_public.xml"
261991511,"SAN DIEGO COMMUNITY LAND TRUST",2023_TEOS_XML_02A,"2023_TEOS_XML_02A/202300469349301960_public.xml"
262857555,"MENGEL METZGER BARR &amp; CO LLP",2023_TEOS_XML_02A,"2023_TEOS_XML_02A/202310299349300256_public.xml"
823103441,"Poole Accounting LLC",2023_TEOS_XML_02A,"2023_TEOS_XML_02A/202300469349302270_public.xml"
590754371,"RLMOLINA LLC",2023_TEOS_XML_02A,"2023_TEOS_XML_02A/202300469349302720_public.xml"
660635464,"Rodriguez Santiago CPA's PSC",2023_TEOS_XML_02A,"2023_TEOS_XML_02A/202300469349302765_public.xml"
300631431,"ROBERT RESCIGNO CPA",2023_TEOS_XML_02A,"2023_TEOS_XML_02A/202320469349302942_public.xml"
956043942,"FRAZER LLP",2023_TEOS_XML_02A,"2023_TEOS_XML_02A/202300469349303150_public.xml"
593001227,"REBECCA BENEVIDES PA",2023_TEOS_XML_02A,"2023_TEOS_XML_02A/202300469349303160_public.xml"
462630341,"NICK SKARGEE ACCOUNTING &amp; TAX INC",2023_TEOS_XML_02A,"2023_TEOS_XML_02A/202300469349303350_public.xml"
660692753,"DECIMANIA INC",2023_TEOS_XML_02A,"2023_TEOS_XML_02A/202300469349303400_public.xml"
320486150,"ERNST &amp; YOUNG US LLP",2023_TEOS_XML_02A,"2023_TEOS_XML_02A/202300469349303320_public.xml"
204337002,"WINDHAM BRANNON LLC",2023_TEOS_XML_02A,"2023_TEOS_XML_02A/202340479349301809_public.xml"
311795328,"SC&amp;H FINANCIAL ADVISORS INC",2023_TEOS_XML_02A,"2023_TEOS_XML_02A/202300479349100105_public.xml"
203266222,"CHERRY BEKAERT ADVISORY LLC",2023_TEOS_XML_02A,"2023_TEOS_XML_02A/202340449349100334_public.xml"
810853344,"CSD ADVISORS PLLC",2023_TEOS_XML_02A,"2023_TEOS_XML_02A/202300479349100215_public.xml"
473481990,"MICHEL LATUSO JR CPA LLC",2023_TEOS_XML_02A,"2023_TEOS_XML_02A/202300479349100315_public.xml"
237384483,"VARNEY &amp; ASSOCIATES CPAS LLC",2023_TEOS_XML_02A,"2023_TEOS_XML_02A/202300479349100810_public.xml"
205077548,"SES GROUP PLLC",2023_TEOS_XML_02A,"2023_TEOS_XML_02A/202300479349200020_public.xml"
660939965,"AFS CPA GROUP LLC",2023_TEOS_XML_02A,"2023_TEOS_XML_02A/202300479349200105_public.xml"
800459713,"ALBERT RODRIGUEZ CPA",2023_TEOS_XML_02A,"2023_TEOS_XML_02A/202300479349200115_public.xml"
461283481,"SCOTT BOYAR CPA PLLC",2023_TEOS_XML_02A,"2023_TEOS_XML_02A/202300479349200225_public.xml"
830682834,"Tidd Tax &amp; Accounting LLC",2023_TEOS_XML_02A,"2023_TEOS_XML_02A/202300479349200345_public.xml"
462351524,"Mid Columbia Senior Golf Association",2023_TEOS_XML_02A,"2023_TEOS_XML_02A/202300479349200525_public.xml"
223876992,"AMERICAN INDIAN CHAMBER OF COMMERCE OF NC",2023_TEOS_XML_02A,"2023_TEOS_XML_02A/202300479349200620_public.xml"
561220696,"United Steelworkers International Local Union 00193M",2023_TEOS_XML_02A,"2023_TEOS_XML_02A/202300479349200715_public.xml"
630917621,"WARREN AVERETT LLC",2023_TEOS_XML_02A,"2023_TEOS_XML_02A/202300479349201010_public.xml"
862544939,"Rising Sun Accounting",2023_TEOS_XML_02A,"2023_TEOS_XML_02A/202300479349201325_public.xml"
760828315,"AUGUST L HORMAY WILDLANDS INSTITUTE INC",2023_TEOS_XML_02A,"2023_TEOS_XML_02A/202300479349201400_public.xml"
800374945,"Hillsborough Accounting Services",2023_TEOS_XML_02A,"2023_TEOS_XML_02A/202300479349201435_public.xml"
660915769,"YOUTH FOR CHRIST PR INC",2023_TEOS_XML_02A,"2023_TEOS_XML_02A/202320479349300902_public.xml"
460578307,"PAUL J CHRISTENSEN &amp; ASSOCIATES LLC",2023_TEOS_XML_02A,"2023_TEOS_XML_02A/202300479349300600_public.xml"
854159351,"MILLER-RICE &amp; ASSOCIATES LLC",2023_TEOS_XML_02A,"2023_TEOS_XML_02A/202300479349300815_public.xml"
670253542,"BERT SMITH &amp; CO",2023_TEOS_XML_02A,"2023_TEOS_XML_02A/202300479349300930_public.xml"
363390458,"DISTRICT 882 EDUCATIONAL AND SCHOLARSHIP FOUNDATION",2023_TEOS_XML_02A,"2023_TEOS_XML_02A/202300479349301105_public.xml"
821562919,"BHLF LLP",2023_TEOS_XML_02A,"2023_TEOS_XML_02A/202300479349301410_public.xml"
811727068,"EDUCATE HAITI INC",2023_TEOS_XML_02A,"2023_TEOS_XML_02A/202300479349301420_public.xml"
980042539,"UNIVERSITY OF REGINA",2023_TEOS_XML_02A,"2023_TEOS_XML_02A/202300479349301215_public.xml"
521795318,"GEORGEN SCARBOROUGH ASSOCIATES PC",2023_TEOS_XML_02A,"2023_TEOS_XML_02A/202320479349301417_public.xml"
752163487,"CLIFTONLARSONALLEN",2023_TEOS_XML_02A,"2023_TEOS_XML_02A/202300479349301505_public.xml"
205649849,"SWEENEY CONRAD PS",2023_TEOS_XML_02A,"2023_TEOS_XML_02A/202300479349301610_public.xml"
314184060,"PTG Tax and Accounting LLC",2023_TEOS_XML_02A,"2023_TEOS_XML_02A/202300479349301625_public.xml"
640440496,"Ellis &amp; Hirsberg CPA PLLC",2023_TEOS_XML_02A,"2023_TEOS_XML_02A/202300479349301780_public.xml"
474978181,"WALKOWICZ BOCZKIEWICZ &amp; CO SC",2023_TEOS_XML_02A,"2023_TEOS_XML_02A/202300479349301905_public.xml"
542010719,"MCNAIR MCLEMORE MIDDLEBROOKS &amp; CO LLC",2023_TEOS_XML_02A,"2023_TEOS_XML_02A/202300489349100010_public.xml"
260631873,"MOHATT JOHNSON &amp; GODWIN LLP",2023_TEOS_XML_02A,"2023_TEOS_XML_02A/202300489349100020_public.xml"
844103870,"HARRIS &amp; CO PLLC",2023_TEOS_XML_02A,"2023_TEOS_XML_02A/202300489349100115_public.xml"
550824285,"DAVIS GROUP PA",2023_TEOS_XML_02A,"2023_TEOS_XML_02A/202300489349100225_public.xml"
760667147,"TERESA L HERBERT MEMORIAL FOUNDATION",2023_TEOS_XML_02A,"2023_TEOS_XML_02A/202300489349100300_public.xml"
873224733,"SWINDON SPRINGER &amp; COMPANY INC CPAS",2023_TEOS_XML_02A,"2023_TEOS_XML_02A/202300489349100405_public.xml"
841997400,"HRB TAX GROUP INC",2023_TEOS_XML_02A,"2023_TEOS_XML_02A/202300489349100510_public.xml"
851315657,"The Rock Star Readers",2023_TEOS_XML_02A,"2023_TEOS_XML_02A/202300489349100500_public.xml"
862763826,"BAILEY ENTERPRISES INC",2023_TEOS_XML_02A,"2023_TEOS_XML_02A/202300489349200000_public.xml"
237329577,"DOUGLAS WECHSLER CPA",2023_TEOS_XML_02A,"2023_TEOS_XML_02A/202310479349200026_public.xml"
366127611,"OFFICE AND PROFESSIONAL EMPLOYEES INTERNATIONAL UNION",2023_TEOS_XML_02A,"2023_TEOS_XML_02A/202300489349200400_public.xml"
752495916,"ITS A CHALLENGE",2023_TEOS_XML_02A,"2023_TEOS_XML_02A/202300489349200300_public.xml"
611656613,"H AND R BLOCK",2023_TEOS_XML_02A,"2023_TEOS_XML_02A/202300489349200420_public.xml"
510180630,"NORTHEASTERN WISCONSIN GREAT LAKES SPORT FISHERMEN INC",2023_TEOS_XML_02A,"2023_TEOS_XML_02A/202300489349200705_public.xml"
881228248,"Elsie Yau",2023_TEOS_XML_02A,"2023_TEOS_XML_02A/202300489349200915_public.xml"
463434365,"TWRU CPAS &amp; FINANCIAL ADVISORS",2023_TEOS_XML_02A,"2023_TEOS_XML_02A/202300489349201010_public.xml"
462019187,"Clouse &amp; Hall CPA",2023_TEOS_XML_02A,"2023_TEOS_XML_02A/202310489349200211_public.xml"
823569312,"The Tax Shoppe of SLC Inc",2023_TEOS_XML_02A,"2023_TEOS_XML_02A/202300489349201140_public.xml"
521960754,"Ruchowitz Hausman Palmieri",2023_TEOS_XML_02A,"2023_TEOS_XML_02A/202300489349201240_public.xml"
208816539,"TAXING TIMES",2023_TEOS_XML_02A,"2023_TEOS_XML_02A/202300489349201305_public.xml"
562370145,"HRB TAX GROUP INC",2023_TEOS_XML_02A,"2023_TEOS_XML_02A/202300489349201315_public.xml"
431813142,"HRB TAX GROUP INC",2023_TEOS_XML_02A,"2023_TEOS_XML_02A/202300489349201320_public.xml"
452662887,"SCOTT ACCOUNTING AND TAX LLC",2023_TEOS_XML_02A,"2023_TEOS_XML_02A/202300489349201610_public.xml"
462637954,"HELP ELIMINATE LEGAL PROBLEMS FOR SENIORS AND DISSABLED",2023_TEOS_XML_02A,"2023_TEOS_XML_02A/202300489349300400_public.xml"
232966021,"WNC CPAS &amp; CONSULTANTS LLC",2023_TEOS_XML_02A,"2023_TEOS_XML_02A/202300489349301030_public.xml"
250801275,"Hudson Business Service LLC",2023_TEOS_XML_02A,"2023_TEOS_XML_02A/202300489349301305_public.xml"
872350387,"DAPCPA RPO LLC",2023_TEOS_XML_02A,"2023_TEOS_XML_02A/202300489349301445_public.xml"
660846442,"Executive Accounting LLC",2023_TEOS_XML_02A,"2023_TEOS_XML_02A/202300489349301655_public.xml"
320204732,"Wood Stephens &amp; ONeil LLP",2023_TEOS_XML_02A,"2023_TEOS_XML_02A/202300489349301680_public.xml"
362075880,"NAUGHTON &amp; COMPANY",2023_TEOS_XML_02A,"2023_TEOS_XML_02A/202300489349301815_public.xml"
465228201,"Deona's Accurate Tax &amp; Accountin",2023_TEOS_XML_02A,"2023_TEOS_XML_02A/202300499349100310_public.xml"
911920161,"EIDE BAILLY LLP",2023_TEOS_XML_02A,"2023_TEOS_XML_02A/202300499349100705_public.xml"
833264160,"Jack &amp; Company",2023_TEOS_XML_02A,"2023_TEOS_XML_02A/202300499349200015_public.xml"
842934255,"EASY ACCOUNTING SERVICES 88 INC",2023_TEOS_XML_02A,"2023_TEOS_XML_02A/202300499349200025_public.xml"
450518086,"Gamble-Richardson CPA's PC",2023_TEOS_XML_02A,"2023_TEOS_XML_02A/202300499349200315_public.xml"
133571281,"DESANTIS KIEFER SHALL &amp; SARCONE LLP",2023_TEOS_XML_02A,"2023_TEOS_XML_02A/202300499349200405_public.xml"
832104855,"ZBS Group LLP",2023_TEOS_XML_02A,"2023_TEOS_XML_02A/202300499349200415_public.xml"
852272374,"Truth In Politics",2023_TEOS_XML_02A,"2023_TEOS_XML_02A/202300499349200500_public.xml"
030290715,"251 CLUB",2023_TEOS_XML_02A,"2023_TEOS_XML_02A/202300499349200535_public.xml"
586034983,"THE MCGEE CPA GROUP PC",2023_TEOS_XML_02A,"2023_TEOS_XML_02A/202300499349300015_public.xml"
113828388,"NANCY S CLAYTON",2023_TEOS_XML_02A,"2023_TEOS_XML_02A/202300499349300410_public.xml"
815078432,"Villa Accounting and Tax Solutions",2023_TEOS_XML_02A,"2023_TEOS_XML_02A/202300499349300425_public.xml"
046052722,"INGLE &amp; ASSOCIATES LLC",2023_TEOS_XML_02A,"2023_TEOS_XML_02A/202300499349300805_public.xml"
581623858,"Mike Dodd CPA",2023_TEOS_XML_02A,"2023_TEOS_XML_02A/202300509349200060_public.xml"
660494198,"INTERNATIONAL UNION UAW LOCAL 1850",2023_TEOS_XML_02A,"2023_TEOS_XML_02A/202300509349200350_public.xml"
386164062,"YASKE &amp; ASSOCIATES PLLC",2023_TEOS_XML_02A,"2023_TEOS_XML_02A/202300509349300050_public.xml"
436063697,"J TENBRINK &amp; ASSOCIATES",2023_TEOS_XML_02A,"2023_TEOS_XML_02A/202300509349300105_public.xml"
833620254,"HILL BARTH &amp; KING LLC",2023_TEOS_XML_02A,"2023_TEOS_XML_02A/202330519349300893_public.xml"
411910972,"RSM US LLP",2023_TEOS_XML_02A,"2023_TEOS_XML_02A/202300519349100010_public.xml"
753183643,"Iota Financial LLC",2023_TEOS_XML_02A,"2023_TEOS_XML_02A/202300519349100070_public.xml"
871520208,"Barry Tenenholtz CPA",2023_TEOS_XML_02A,"2023_TEOS_XML_02A/202300519349100215_public.xml"
205620671,"THE BOMHOFF FAMILY FOUNDATION",2023_TEOS_XML_02A,"2023_TEOS_XML_02A/202300519349100405_public.xml"
271498899,"PLYLER STALLOP &amp; COMPTON PLLC",2023_TEOS_XML_02A,"2023_TEOS_XML_02A/202300519349100410_public.xml"
113379626,"GOLDSTEIN LIEBERMAN &amp; CO LLC",2023_TEOS_XML_02A,"2023_TEOS_XML_02A/202300519349100655_public.xml"
845128318,"Cleven Accounting Group",2023_TEOS_XML_02A,"2023_TEOS_XML_02A/202300519349100755_public.xml"
742479489,"SOUND ACCOUNTING &amp; MUSIC SERVICES LLC",2023_TEOS_XML_02A,"2023_TEOS_XML_02A/202300519349200000_public.xml"
450362830,"International Brotherhood of System Council U-26",2023_TEOS_XML_02A,"2023_TEOS_XML_02A/202300519349200120_public.xml"
954179366,"CAROL ROBERTS EA",2023_TEOS_XML_02A,"2023_TEOS_XML_02A/202300519349200240_public.xml"
016015357,"KIERZYNSKI ASSOCIATES CPA PA",2023_TEOS_XML_02A,"2023_TEOS_XML_02A/202300519349200305_public.xml"
273422774,"Riverwalk Estates of Walla Walla",2023_TEOS_XML_02A,"2023_TEOS_XML_02A/202310519349200201_public.xml"
822403669,"SHADOW MOUNTAIN LITTLE LEAGUE",2023_TEOS_XML_02A,"2023_TEOS_XML_02A/202300519349200425_public.xml"
942755639,"BREGANTE COMPANY LLP CPAS",2023_TEOS_XML_02A,"2023_TEOS_XML_02A/202300519349200410_public.xml"
474968613,"THE HURST COMPANY CPAS PA",2023_TEOS_XML_02A,"2023_TEOS_XML_02A/202300519349200605_public.xml"
900585179,"North Tucker Neighborhood Alliance",2023_TEOS_XML_02A,"2023_TEOS_XML_02A/202300519349200700_public.xml"
464001402,"RICHAR TRINCH &amp; CO PC",2023_TEOS_XML_02A,"2023_TEOS_XML_02A/202300519349200865_public.xml"
850384973,"MIKE MORONES &amp; ASSOCIATES LLC",2023_TEOS_XML_02A,"2023_TEOS_XML_02A/202300519349200915_public.xml"
832707657,"FRIENDS OF PALATINE LACROSSE",2023_TEOS_XML_02A,"2023_TEOS_XML_02A/202300519349201005_public.xml"
200163292,"Minster Journeyman's Club",2023_TEOS_XML_02A,"2023_TEOS_XML_02A/202300519349201010_public.xml"
200055272,"DEADWOOD HUNTING CLUB",2023_TEOS_XML_02A,"2023_TEOS_XML_02A/202300519349201110_public.xml"
341344144,"SENECA MEMORIAL GARDENS",2023_TEOS_XML_02A,"2023_TEOS_XML_02A/202300519349201115_public.xml"
426072458,"HOULIHAN &amp; ASSOCIATES PC",2023_TEOS_XML_02A,"2023_TEOS_XML_02A/202300519349201135_public.xml"
853817072,"ALAN GASWIRTH TAX PREPARATION",2023_TEOS_XML_02A,"2023_TEOS_XML_02A/202300519349201240_public.xml"
863564625,"Petes Tax Service",2023_TEOS_XML_02A,"2023_TEOS_XML_02A/202300519349201260_public.xml"
113636534,"POSSES &amp; CHASAN CPAs PLLC",2023_TEOS_XML_02A,"2023_TEOS_XML_02A/202300519349201310_public.xml"
161588624,"DEJOY KNAUF &amp; BLOOD LLP",2023_TEOS_XML_02A,"2023_TEOS_XML_02A/202300519349201325_public.xml"
810984711,"Lynn S Macy CPA",2023_TEOS_XML_02A,"2023_TEOS_XML_02A/202300519349201350_public.xml"
863173570,"AMERICAN CONSULTING PARTNERS CORPOR",2023_TEOS_XML_02A,"2023_TEOS_XML_02A/202300519349201365_public.xml"
471661610,"Stewardship Accounting LLC",2023_TEOS_XML_02A,"2023_TEOS_XML_02A/202300519349201415_public.xml"
311063950,"OHIO NOW EDUCATION AND LEGAL FUND",2023_TEOS_XML_02A,"2023_TEOS_XML_02A/202300519349300010_public.xml"
833472536,"WISS &amp; COMPANY LLP",2023_TEOS_XML_02A,"2023_TEOS_XML_02A/202300519349300025_public.xml"
710537373,"BERRY &amp; ASSOCIATES PA",2023_TEOS_XML_02A,"2023_TEOS_XML_02A/202300519349300105_public.xml"
561064770,"CRYSTAL K HAMRICK CPA",2023_TEOS_XML_02A,"2023_TEOS_XML_02A/202300519349300300_public.xml"
370903260,"KEMPER CPA GROUP LLP",2023_TEOS_XML_02A,"2023_TEOS_XML_02A/202300519349300405_public.xml"
381278008,"FRATERNAL ORDER OF EAGLES AERIE 2449",2023_TEOS_XML_02A,"2023_TEOS_XML_02A/202300519349300505_public.xml"
883099729,"NEIGHBORS TO PRESERVE SAN BENITO - FARMERS LOCAL MERCHANTS AND WORKING FAMI",2023_TEOS_XML_02A,"2023_TEOS_XML_02A/202300519349300500_public.xml"
611440774,"MOUNTAIN TAX INC",2023_TEOS_XML_02A,"2023_TEOS_XML_02A/202300519349300925_public.xml"
431689558,"MWR CPAS LLC",2023_TEOS_XML_02A,"2023_TEOS_XML_02A/202300519349301210_public.xml"
222813765,"Meltzer &amp; Meltzer LLC",2023_TEOS_XML_02A,"2023_TEOS_XML_02A/202300529339300400_public.xml"
656400978,"KMETZ ELWELL GRAHAM &amp; ASSOC PLLC",2023_TEOS_XML_02A,"2023_TEOS_XML_02A/202300529349100215_public.xml"
831090762,"Tax Time",2023_TEOS_XML_02A,"2023_TEOS_XML_02A/202300529349100520_public.xml"
464023197,"SIKICH LLP",2023_TEOS_XML_02A,"2023_TEOS_XML_02A/202300529349100525_public.xml"
341961400,"Eastman &amp; Smith Ltd",2023_TEOS_XML_02A,"2023_TEOS_XML_02A/202300529349100710_public.xml"
346517991,"PACKER THOMAS",2023_TEOS_XML_02A,"2023_TEOS_XML_02A/202300529349100950_public.xml"
814836367,"SWISS RIFLES OF WASHINGTON DC",2023_TEOS_XML_02A,"2023_TEOS_XML_02A/202300529349200010_public.xml"
454364196,"JANICE C FOSTER CPA",2023_TEOS_XML_02A,"2023_TEOS_XML_02A/202300529349200030_public.xml"
841623338,"O'DONNELL FICENEC WILLS &amp; FERDIG LLP",2023_TEOS_XML_02A,"2023_TEOS_XML_02A/202300529349200240_public.xml"
825372240,"350 Seattle Action",2023_TEOS_XML_02A,"2023_TEOS_XML_02A/202300529349200335_public.xml"
161669181,"COTILLION CLUB OF CINCINNATI INC",2023_TEOS_XML_02A,"2023_TEOS_XML_02A/202300529349200410_public.xml"
471194505,"DALLAS CHAMBER CHOIR",2023_TEOS_XML_02A,"2023_TEOS_XML_02A/202300529349200540_public.xml"
953499854,"Stewarts Business &amp; Tax Service",2023_TEOS_XML_02A,"2023_TEOS_XML_02A/202300529349200620_public.xml"
870787617,"MARINERS COVE CONDOMINIUM ASSOCIATION OF VERMILION INC",2023_TEOS_XML_02A,"2023_TEOS_XML_02A/202300529349200710_public.xml"
363947722,"KWAL &amp; OLIVA PA CPAS",2023_TEOS_XML_02A,"2023_TEOS_XML_02A/202300529349200730_public.xml"
843188888,"HONORING OUR HOMETOWN HEROES OF DENTON COUNTY INC",2023_TEOS_XML_02A,"2023_TEOS_XML_02A/202300529349200815_public.xml"
311304289,"HOBE &amp; LUCAS CPAS",2023_TEOS_XML_02A,"2023_TEOS_XML_02A/202300529349200915_public.xml"
200119345,"HOOTEN FINANCIAL SERVICES",2023_TEOS_XML_02A,"2023_TEOS_XML_02A/202300529349201010_public.xml"
873465923,"PRIDE FRISCO",2023_TEOS_XML_02A,"2023_TEOS_XML_02A/202300529349201115_public.xml"
841985375,"THE CATING ACCOUNTING FIRM",2023_TEOS_XML_02A,"2023_TEOS_XML_02A/202300529349201365_public.xml"
831242433,"JOE FORSMANN AND ASSOCIATES",2023_TEOS_XML_02A,"2023_TEOS_XML_02A/202300529349201565_public.xml"
364837009,"STATEWIDE TAX AND FINANCIAL SERVICE",2023_TEOS_XML_02A,"2023_TEOS_XML_02A/202300529349201600_public.xml"
237020087,"COLLINGWOOD &amp; ASSOCIATES PC",2023_TEOS_XML_02A,"2023_TEOS_XML_02A/202300529349300010_public.xml"
852853136,"GREERWALKER LLP",2023_TEOS_XML_02A,"2023_TEOS_XML_02A/202300529349300615_public.xml"
873938907,"JOB RIDES INC",2023_TEOS_XML_02A,"2023_TEOS_XML_02A/202300529349301130_public.xml"
431655064,"CLIFTONLARSONALLEN LLP",2023_TEOS_XML_02A,"2023_TEOS_XML_02A/202300529349301505_public.xml"
311417956,"PLANTE &amp; MORAN PLLC",2023_TEOS_XML_02A,"2023_TEOS_XML_02A/202300529349301245_public.xml"
592893387,"SCHAFER TSCHOPP WHITCOMB ET AL",2023_TEOS_XML_02A,"2023_TEOS_XML_02A/202300529349301550_public.xml"
205792415,"CATARINEAU &amp; CATARINEAU LLC",2023_TEOS_XML_02A,"2023_TEOS_XML_02A/202300539349100105_public.xml"
822120080,"Waltons Accounting Services LLC",2023_TEOS_XML_02A,"2023_TEOS_XML_02A/202300539349100320_public.xml"
272951474,"ETHEL M LAUSEN CHARITIES",2023_TEOS_XML_02A,"2023_TEOS_XML_02A/202300539349100325_public.xml"
200996056,"THE BARRON CHARITABLE FOUNDATION",2023_TEOS_XML_02A,"2023_TEOS_XML_02A/202310539349100611_public.xml"
954613044,"GOLDBERG &amp; COMPANY",2023_TEOS_XML_02A,"2023_TEOS_XML_02A/202300539349100510_public.xml"
351765093,"SECOND CHANCE WILDLIFE REHABILITATION CENTER INC",2023_TEOS_XML_02A,"2023_TEOS_XML_02A/202300539349100600_public.xml"
363853453,"LTH ACCOUNTING &amp; TAX SERVICES PC",2023_TEOS_XML_02A,"2023_TEOS_XML_02A/202300539349200200_public.xml"
261148290,"Forge Crest Property Owners Association",2023_TEOS_XML_02A,"2023_TEOS_XML_02A/202300539349200305_public.xml"
863714746,"A Better Choice Tax Preparation",2023_TEOS_XML_02A,"2023_TEOS_XML_02A/202300539349200345_public.xml"
200050292,"HRB TAX GROUP INC",2023_TEOS_XML_02A,"2023_TEOS_XML_02A/202300539349200415_public.xml"
475356074,"Mike Bell &amp; Associates LLC",2023_TEOS_XML_02A,"2023_TEOS_XML_02A/202300539349200400_public.xml"
412077754,"Duane E Anderson CPA",2023_TEOS_XML_02A,"2023_TEOS_XML_02A/202300539349200525_public.xml"
824198746,"Indian Cultural Center of Peoria",2023_TEOS_XML_02A,"2023_TEOS_XML_02A/202300539349200600_public.xml"
852559053,"THE TAX COMPANY",2023_TEOS_XML_02A,"2023_TEOS_XML_02A/202300539349200930_public.xml"
883636856,"Plasma Farms Inc",2023_TEOS_XML_02A,"2023_TEOS_XML_02A/202300539349201100_public.xml"
300357758,"YARMOUTH ART GUILD",2023_TEOS_XML_02A,"2023_TEOS_XML_02A/202300539349201310_public.xml"
274186172,"AMATEUR ATHLETIC UNION OF THE UNITED STATES INC",2023_TEOS_XML_02A,"2023_TEOS_XML_02A/202300539349201320_public.xml"
631162431,"Bryan Tax and Acctg Service LLC",2023_TEOS_XML_02A,"2023_TEOS_XML_02A/202300539349201330_public.xml"
451902461,"Tagawa &amp; Ho LLP",2023_TEOS_XML_02A,"2023_TEOS_XML_02A/202300539349201305_public.xml"
840745231,"GIBBS &amp; ASSOCIATES PLLC",2023_TEOS_XML_02A,"2023_TEOS_XML_02A/202300539349201425_public.xml"
300920287,"Egreentax LLC",2023_TEOS_XML_02A,"2023_TEOS_XML_02A/202300539349201605_public.xml"
873482693,"COMPLETE BUSINESS SVC",2023_TEOS_XML_02A,"2023_TEOS_XML_02A/202300539349201610_public.xml"
133842415,"JAMES M WOOD CPA",2023_TEOS_XML_02A,"2023_TEOS_XML_02A/202300539349300105_public.xml"
204935391,"JL GOOD AND ASSOCIATES PA CPA",2023_TEOS_XML_02A,"2023_TEOS_XML_02A/202300539349300500_public.xml"
272963227,"MOLINARI OSWALD LLC",2023_TEOS_XML_02A,"2023_TEOS_XML_02A/202300539349300605_public.xml"
813235933,"DULAC'S BOOKKEEPING &amp; TAXPRE",2023_TEOS_XML_02A,"2023_TEOS_XML_02A/202300539349300735_public.xml"
203902846,"RALPH C JOHNSON &amp; COMPANY PC",2023_TEOS_XML_02A,"2023_TEOS_XML_02A/202300539349300865_public.xml"
581804736,"Fox &amp; Company LLC",2023_TEOS_XML_02A,"2023_TEOS_XML_02A/202300539349300940_public.xml"
300686145,"DePretis CPAs Inc",2023_TEOS_XML_02A,"2023_TEOS_XML_02A/202300539349301105_public.xml"
720940987,"M CARLEEN DUMAS CPA",2023_TEOS_XML_02A,"2023_TEOS_XML_02A/202300539349301135_public.xml"
980035702,"CASSELLS &amp; ASSOCIATES CPA PA",2023_TEOS_XML_02A,"2023_TEOS_XML_02A/202300539349301140_public.xml"
824972555,"TRIMARCO RADENCICH LLC",2023_TEOS_XML_02A,"2023_TEOS_XML_02A/202300539349301250_public.xml"
133779197,"WITHUMSMITHBROWN PC",2023_TEOS_XML_02A,"2023_TEOS_XML_02A/202300539349301310_public.xml"
660550404,"FERNANDEZ VALDIVIA &amp; COMPANY PSC",2023_TEOS_XML_02A,"2023_TEOS_XML_02A/202300539349301375_public.xml"
455133995,"RLK Tax Preparation Inc",2023_TEOS_XML_02A,"2023_TEOS_XML_02A/202300539349301605_public.xml"
474290238,"Linwood YMCA QALICB Inc (3329 - SO3)",2023_TEOS_XML_02A,"2023_TEOS_XML_02A/202300539349301610_public.xml"
581567835,"LBMC PC",2023_TEOS_XML_02A,"2023_TEOS_XML_02A/202300539349301700_public.xml"
825378097,"Gray Matter Accounting &amp; Payroll",2023_TEOS_XML_02A,"2023_TEOS_XML_02A/202330549349300008_public.xml"
884281885,"Proxion Tax Inc",2023_TEOS_XML_02A,"2023_TEOS_XML_02A/202300549349100000_public.xml"
954817905,"FRAZIN AND CO CPA",2023_TEOS_XML_02A,"2023_TEOS_XML_02A/202300549349100100_public.xml"
833108730,"SCHWARTZ AND COMPANY CPA'S PLLC",2023_TEOS_XML_02A,"2023_TEOS_XML_02A/202340549349100209_public.xml"
203896999,"CRAMER &amp; TYNAN LLP",2023_TEOS_XML_02A,"2023_TEOS_XML_02A/202300549349100115_public.xml"
204814176,"WEISS &amp; COMPANY LLP",2023_TEOS_XML_02A,"2023_TEOS_XML_02A/202300549349100815_public.xml"
823568483,"MURPHY TAX SERVICE",2023_TEOS_XML_02A,"2023_TEOS_XML_02A/202340389349200324_public.xml"
464195290,"KOPIN &amp; COMPANY CPA PC",2023_TEOS_XML_02A,"2023_TEOS_XML_02A/202300549349200205_public.xml"
043189725,"DOWNEY PIECIAK FITZGERALD &amp; CO PC",2023_TEOS_XML_02A,"2023_TEOS_XML_02A/202300549349200215_public.xml"
201584219,"SOMMERVILLE &amp; ASSOCIATES PC",2023_TEOS_XML_02A,"2023_TEOS_XML_02A/202300549349200220_public.xml"
043172440,"Cranstoun &amp; Williams CPAs LLC",2023_TEOS_XML_02A,"2023_TEOS_XML_02A/202300549349200335_public.xml"
833773372,"New Gloucester Citizens for a Town Charter",2023_TEOS_XML_02A,"2023_TEOS_XML_02A/202300549349200600_public.xml"
331114232,"TRIMNERBECKHAM PLLC",2023_TEOS_XML_02A,"2023_TEOS_XML_02A/202300549349200525_public.xml"
841338884,"STUHR &amp; ASSOCIATES LLC",2023_TEOS_XML_02A,"2023_TEOS_XML_02A/202300549349200620_public.xml"
841881580,"ROY MILLER AND ASSOCIATES CPAS",2023_TEOS_XML_02A,"2023_TEOS_XML_02A/202310549349201211_public.xml"
731279265,"Wanda Jackson Tax &amp; Bookkeeping Service",2023_TEOS_XML_02A,"2023_TEOS_XML_02A/202300549349200740_public.xml"
113838437,"NEW HOPE FARM INC",2023_TEOS_XML_02A,"2023_TEOS_XML_02A/202300549349201500_public.xml"
420888028,"OTTO LAW OFFICE PLLC",2023_TEOS_XML_02A,"2023_TEOS_XML_02A/202300549349300140_public.xml"
874005921,"PLANTE &amp; MORAN PLLC",2023_TEOS_XML_02A,"2023_TEOS_XML_02A/202300549349300220_public.xml"
731464310,"Denise H Lunt CPA",2023_TEOS_XML_02A,"2023_TEOS_XML_02A/202300549349300320_public.xml"
516015640,"D'AMATO &amp; LASPADA LLC",2023_TEOS_XML_02A,"2023_TEOS_XML_02A/202300549349300415_public.xml"
260531116,"EMPOWERING COMMUNITY HEALTHCARE OUTREACH",2023_TEOS_XML_02A,"2023_TEOS_XML_02A/202300549349301120_public.xml"
362212706,"Alan D Lasko &amp; Assoc PC",2023_TEOS_XML_02A,"2023_TEOS_XML_02A/202300549349301505_public.xml"
480918084,"Lornas Tax &amp; Bookkeeping Service",2023_TEOS_XML_02A,"2023_TEOS_XML_02A/202300549349301550_public.xml"
812227512,"HICKEY &amp; ASSOCIATES CPAS INC",2023_TEOS_XML_02A,"2023_TEOS_XML_02A/202310279349100011_public.xml"
366051857,"PricewaterhouseCoopers LLP",2023_TEOS_XML_02A,"2023_TEOS_XML_02A/202310279349100111_public.xml"
042553273,"Burke &amp; Company LLC",2023_TEOS_XML_02A,"2023_TEOS_XML_02A/202310279349100211_public.xml"
821213354,"David L Garrett CPA PSC",2023_TEOS_XML_02A,"2023_TEOS_XML_02A/202310279349100311_public.xml"
463682019,"DBNTAX",2023_TEOS_XML_02A,"2023_TEOS_XML_02A/202310279349100421_public.xml"
566074652,"DMJPS PLLC",2023_TEOS_XML_02A,"2023_TEOS_XML_02A/202310279349100501_public.xml"
383310887,"ROBERTS BOEHLER &amp; FISHER PC",2023_TEOS_XML_02A,"2023_TEOS_XML_02A/202310279349200201_public.xml"
470626040,"JM &amp; ASSOCIATES PC",2023_TEOS_XML_02A,"2023_TEOS_XML_02A/202310279349200736_public.xml"
832780792,"Johnston's Tax Service Inc",2023_TEOS_XML_02A,"2023_TEOS_XML_02A/202310279349200986_public.xml"
203712279,"Kraft &amp; Company PLLC",2023_TEOS_XML_02A,"2023_TEOS_XML_02A/202310279349201026_public.xml"
472873187,"Accounting Plus Inc",2023_TEOS_XML_02A,"2023_TEOS_XML_02A/202310279349201021_public.xml"
810610647,"Beyond Taxes LLC",2023_TEOS_XML_02A,"2023_TEOS_XML_02A/202310279349201416_public.xml"
203037608,"MAY JACKSON HENDRICK LLC",2023_TEOS_XML_02A,"2023_TEOS_XML_02A/202310279349201606_public.xml"
581836963,"TIMOTHY E BROWN CPA LLC",2023_TEOS_XML_02A,"2023_TEOS_XML_02A/202310279349300011_public.xml"
660524365,"Rodriguez Santiago CPA's PSC",2023_TEOS_XML_02A,"2023_TEOS_XML_02A/202310279349300136_public.xml"
380556635,"FRATERNAL ORDER OF EAGLES - AERIE 2092",2023_TEOS_XML_02A,"2023_TEOS_XML_02A/202310279349300411_public.xml"
351080241,"John T Macy CPA",2023_TEOS_XML_02A,"2023_TEOS_XML_02A/202310279349300526_public.xml"
204393337,"CROWE LLP",2023_TEOS_XML_02A,"2023_TEOS_XML_02A/202310279349300826_public.xml"
260455250,"CROWE LLP",2023_TEOS_XML_02A,"2023_TEOS_XML_02A/202310279349301116_public.xml"
510521886,"JEBRAN &amp; ABRAHAM PC",2023_TEOS_XML_02A,"2023_TEOS_XML_02A/202310289349100201_public.xml"
880351454,"Daniel G Kabat CPA",2023_TEOS_XML_02A,"2023_TEOS_XML_02A/202310289349100501_public.xml"
391318028,"Breunig CPA LLC",2023_TEOS_XML_02A,"2023_TEOS_XML_02A/202310289349200201_public.xml"
592348201,"Rhonda L Hinds &amp; Associates CPA PA",2023_TEOS_XML_02A,"2023_TEOS_XML_02A/202310289349200216_public.xml"
370607271,"UNITED FOOD AND COMMERCIAL WORKERS INTERNATIONAL UNION",2023_TEOS_XML_02A,"2023_TEOS_XML_02A/202310289349200416_public.xml"
411783820,"GORDON NELSON MEMORIAL FOUNDATION",2023_TEOS_XML_02A,"2023_TEOS_XML_02A/202310299349100101_public.xml"
800223010,"CALIFORNIA MUSEUM OF ART THOUSAND OAKS",2023_TEOS_XML_02A,"2023_TEOS_XML_02A/202310299349200106_public.xml"
462589906,"BINGO PET HOSPICE INC",2023_TEOS_XML_02A,"2023_TEOS_XML_02A/202310299349200251_public.xml"
660886544,"LOVE4SATOS ANIMAL RESCUE INC",2023_TEOS_XML_02A,"2023_TEOS_XML_02A/202310299349300051_public.xml"
061745995,"RUGGIERO MARTINEZ &amp; NORTON PA",2023_TEOS_XML_02A,"2023_TEOS_XML_02A/202310309349100116_public.xml"
208014309,"PORZIO BROMBERG AND NEWMAN PC",2023_TEOS_XML_02A,"2023_TEOS_XML_02A/202310309349100711_public.xml"
852164518,"PIPELINE 2 PURPOSE",2023_TEOS_XML_02A,"2023_TEOS_XML_02A/202310309349200226_public.xml"
760588769,"ELAINE W COMBS CPA",2023_TEOS_XML_02A,"2023_TEOS_XML_02A/202310309349200411_public.xml"
113056360,"MARGARET JARGILO",2023_TEOS_XML_02A,"2023_TEOS_XML_02A/202310309349200406_public.xml"
203065698,"WINDHAM BRANNON LLC",2023_TEOS_XML_02A,"2023_TEOS_XML_02A/202310309349200416_public.xml"
833646430,"MILES K THOROMAN CPA PC",2023_TEOS_XML_02A,"2023_TEOS_XML_02A/202310309349200626_public.xml"
461531274,"Fischer &amp; Co LTD",2023_TEOS_XML_02A,"2023_TEOS_XML_02A/202310309349200811_public.xml"
237110725,"MARY JANE RACKLEY &amp; COMPANY PLLC",2023_TEOS_XML_02A,"2023_TEOS_XML_02A/202310309349200971_public.xml"
814740186,"SANTAGATA FINI LLC",2023_TEOS_XML_02A,"2023_TEOS_XML_02A/202310309349200976_public.xml"
640884809,"CONNIE KIDD TAX SERVICE",2023_TEOS_XML_02A,"2023_TEOS_XML_02A/202330309349301158_public.xml"
843947386,"Russell CPAs",2023_TEOS_XML_02A,"2023_TEOS_XML_02A/202310309349300691_public.xml"
203466419,"MAY JACKSON HENDRICK LLC",2023_TEOS_XML_02A,"2023_TEOS_XML_02A/202310309349300716_public.xml"
911799707,"FOSTER AND COMPANY LLC",2023_TEOS_XML_02A,"2023_TEOS_XML_02A/202310309349300721_public.xml"
204842616,"STEVE TAX PREPARER",2023_TEOS_XML_02A,"2023_TEOS_XML_02A/202310309349300761_public.xml"
820934131,"BAMBO SONAIKE CPA LLC",2023_TEOS_XML_02A,"2023_TEOS_XML_02A/202310309349301121_public.xml"
813528121,"KULLMAN CPA LLC",2023_TEOS_XML_02A,"2023_TEOS_XML_02A/202310309349301171_public.xml"
814618246,"BD &amp; ASSOCIATES CPAS PLLC",2023_TEOS_XML_02A,"2023_TEOS_XML_02A/202310309349301371_public.xml"
920144703,"LAMBE TUTER &amp; ASSOCIATES APC",2023_TEOS_XML_02A,"2023_TEOS_XML_02A/202310309349301551_public.xml"
133763129,"ERNST &amp; YOUNG US LLP",2023_TEOS_XML_02A,"2023_TEOS_XML_02A/202310319349100101_public.xml"
853186663,"FRANK M SHIBLE",2023_TEOS_XML_02A,"2023_TEOS_XML_02A/202310319349100401_public.xml"
800113844,"Monty Meyer CPA &amp; Associates PC",2023_TEOS_XML_02A,"2023_TEOS_XML_02A/202310319349100416_public.xml"
824378044,"SANDRA ROLON &amp; ASSOCIATES CPA PA",2023_TEOS_XML_02A,"2023_TEOS_XML_02A/202310319349100606_public.xml"
061191170,"THE CREW FAMILY FOUNDATION INC",2023_TEOS_XML_02A,"2023_TEOS_XML_02A/202310319349100216_public.xml"
840431807,"ANDERSON &amp; WHITNEY PC",2023_TEOS_XML_02A,"2023_TEOS_XML_02A/202310319349200016_public.xml"
376112452,"FALKENHEIN ACCT &amp; TAX SERVICE PC",2023_TEOS_XML_02A,"2023_TEOS_XML_02A/202310319349200311_public.xml"
364297947,"ECS FINANCIAL SERVICES INC",2023_TEOS_XML_02A,"2023_TEOS_XML_02A/202310319349200306_public.xml"
300963839,"FRIENDS OF THE WESTFORD DOG PARK",2023_TEOS_XML_02A,"2023_TEOS_XML_02A/202310319349200726_public.xml"
341393190,"FIORITTO'S ACCOUNTING &amp; TAX SERVICE",2023_TEOS_XML_02A,"2023_TEOS_XML_02A/202310319349200771_public.xml"
454182917,"HAGA KOMMER LTD",2023_TEOS_XML_02A,"2023_TEOS_XML_02A/202310319349200901_public.xml"
260632648,"Drews &amp; Severson Inc",2023_TEOS_XML_02A,"2023_TEOS_XML_02A/202310319349200936_public.xml"
203153003,"WOMEN'S EQUITY FOUNDATION",2023_TEOS_XML_02A,"2023_TEOS_XML_02A/202310319349200961_public.xml"
844093845,"SOUTHERN ARIZONA INSTITUTE FOR THE ADVANCEMENT IN ALZHEIMERS RESEACH INC",2023_TEOS_XML_02A,"2023_TEOS_XML_02A/202310319349300106_public.xml"
261285258,"THE RSW GROUP",2023_TEOS_XML_02A,"2023_TEOS_XML_02A/202310319349300206_public.xml"
834465245,"CALIBRE CPA GROUP PLLC",2023_TEOS_XML_02A,"2023_TEOS_XML_02A/202310319349300236_public.xml"
203458126,"Commissioners of Revenue Association of Virginia Inc",2023_TEOS_XML_02A,"2023_TEOS_XML_02A/202310319349300331_public.xml"
237592949,"ACCOUNTING &amp; TAX SPECIALISTS",2023_TEOS_XML_02A,"2023_TEOS_XML_02A/202310319349300631_public.xml"
824464385,"OFFUTT BARTON SCHLITT LLC",2023_TEOS_XML_02A,"2023_TEOS_XML_02A/202310319349301306_public.xml"
471511751,"ANDERS MINKLER HUBER &amp; HELM LLP",2023_TEOS_XML_02A,"2023_TEOS_XML_02A/202310319349301801_public.xml"
133343609,"BKHM PA",2023_TEOS_XML_02A,"2023_TEOS_XML_02A/202310329349100111_public.xml"
146013917,"HENRY C BADGLEY TR UW",2023_TEOS_XML_02A,"2023_TEOS_XML_02A/202310329349100246_public.xml"
825366875,"RYAN GUNSAULS &amp; O'DONNELL LLC",2023_TEOS_XML_02A,"2023_TEOS_XML_02A/202310329349100316_public.xml"
936137926,"TUA C &amp; M PETERSON MEMORIAL FUND",2023_TEOS_XML_02A,"2023_TEOS_XML_02A/202310329349100621_public.xml"
872475508,"HRB TAX GROUP INC",2023_TEOS_XML_02A,"2023_TEOS_XML_02A/202310329349101006_public.xml"
016065738,"ALICE K TYLER TRUST B UA A5-CANCER",2023_TEOS_XML_02A,"2023_TEOS_XML_02A/202310329349101361_public.xml"
301184067,"RELIABLE TAX SERVICE",2023_TEOS_XML_02A,"2023_TEOS_XML_02A/202310329349200001_public.xml"
943038312,"PUGET SOUND CHAPTER PRSA SCHOLARSHIP TRUST",2023_TEOS_XML_02A,"2023_TEOS_XML_02A/202310329349101406_public.xml"
851210963,"STANKE MANN AND MINER",2023_TEOS_XML_02A,"2023_TEOS_XML_02A/202310329349101511_public.xml"
710993934,"RUSHMERE COMMUNITY DEVELOPMENT CORPORATION",2023_TEOS_XML_02A,"2023_TEOS_XML_02A/202310329349200006_public.xml"
463336020,"Costabile &amp; Steffens PC",2023_TEOS_XML_02A,"2023_TEOS_XML_02A/202310329349200741_public.xml"
272573390,"POLAR MERCHANDISE LLC",2023_TEOS_XML_02A,"2023_TEOS_XML_02A/202310329349200901_public.xml"
942849838,"GREY B ROBERTS &amp; CO",2023_TEOS_XML_02A,"2023_TEOS_XML_02A/202310329349201046_public.xml"
901018747,"Paolini &amp; Scout LLC",2023_TEOS_XML_02A,"2023_TEOS_XML_02A/202310329349201106_public.xml"
274244809,"THE MYLES CPA FIRM PLLC",2023_TEOS_XML_02A,"2023_TEOS_XML_02A/202340329349200844_public.xml"
956097893,"Moss Levy &amp; Hartzheim LLP",2023_TEOS_XML_02A,"2023_TEOS_XML_02A/202310329349300031_public.xml"
474052579,"PEACE EDUCATION ACTION COMPASSION &amp;",2023_TEOS_XML_02A,"2023_TEOS_XML_02A/202310329349300216_public.xml"
842954377,"DGN LLC",2023_TEOS_XML_02A,"2023_TEOS_XML_02A/202310329349300311_public.xml"
821573127,"PHOENIX MEDICAL MANAGEMENT CARE CENTERS INC",2023_TEOS_XML_02A,"2023_TEOS_XML_02A/202310329349300701_public.xml"
362413579,"Costabile &amp; Steffens PC",2023_TEOS_XML_02A,"2023_TEOS_XML_02A/202310329349300821_public.xml"
660437924,"DIAZ AND CANDELARIA PSC",2023_TEOS_XML_02A,"2023_TEOS_XML_02A/202310329349301041_public.xml"
043101957,"KPMG LLP",2023_TEOS_XML_02A,"2023_TEOS_XML_02A/202310329349301221_public.xml"
854115661,"DHUYVETTER &amp; SWICHKOW PC",2023_TEOS_XML_02A,"2023_TEOS_XML_02A/202310339349100006_public.xml"
311648575,"ABA INC",2023_TEOS_XML_02A,"2023_TEOS_XML_02A/202310339349100106_public.xml"
543192435,"K HATZISTEFANIDIS CPA",2023_TEOS_XML_02A,"2023_TEOS_XML_02A/202310339349100716_public.xml"
851633363,"Your Office or Mine Accounting LLC",2023_TEOS_XML_02A,"2023_TEOS_XML_02A/202310339349101006_public.xml"
471854238,"STEVEN F GROSS CPA PC",2023_TEOS_XML_02A,"2023_TEOS_XML_02A/202310339349200226_public.xml"
136271803,"DVR TAX &amp; ACCOUNTING",2023_TEOS_XML_02A,"2023_TEOS_XML_02A/202340339349201324_public.xml"
453612367,"CINDY LIVAUDAIS ROTH CPA",2023_TEOS_XML_02A,"2023_TEOS_XML_02A/202310339349201306_public.xml"
842050714,"Alpha Omega Accounting PC",2023_TEOS_XML_02A,"2023_TEOS_XML_02A/202310339349201316_public.xml"
813606722,"MAKING MOVES IN THE COMMUNITY INCORPORATED",2023_TEOS_XML_02A,"2023_TEOS_XML_02A/202310339349300101_public.xml"
202170678,"DORE AND COMPANY",2023_TEOS_XML_02A,"2023_TEOS_XML_02A/202310339349300126_public.xml"
251113698,"MELA'S TAX &amp; ACCOUNTING",2023_TEOS_XML_02A,"2023_TEOS_XML_02A/202310339349300231_public.xml"
300217525,"THE FORDE FIRM LLC",2023_TEOS_XML_02A,"2023_TEOS_XML_02A/202310339349300416_public.xml"
834543044,"Terry Bleier Paul CPA",2023_TEOS_XML_02A,"2023_TEOS_XML_02A/202310339349300441_public.xml"
521401312,"JASON MAXWELL LTD",2023_TEOS_XML_02A,"2023_TEOS_XML_02A/202310339349300521_public.xml"
980098218,"Burger &amp; Comer PC",2023_TEOS_XML_02A,"2023_TEOS_XML_02A/202310339349300501_public.xml"
770285750,"MAIER RICHMOND ACCOUNTANCY",2023_TEOS_XML_02A,"2023_TEOS_XML_02A/202310339349300626_public.xml"
460927855,"Wilcox &amp; Company PC",2023_TEOS_XML_02A,"2023_TEOS_XML_02A/202310349349200821_public.xml"
061675629,"MALESARDI QUACKENBUSH SWIFT &amp; CO LLC",2023_TEOS_XML_02A,"2023_TEOS_XML_02A/202310349349200826_public.xml"
237131191,"Buckmaster's Tax Service LLC",2023_TEOS_XML_02A,"2023_TEOS_XML_02A/202310339349301011_public.xml"
260890278,"MARCUM LLP",2023_TEOS_XML_02A,"2023_TEOS_XML_02A/202310349349200941_public.xml"
942828207,"Hoppe &amp; Cottrell LLP",2023_TEOS_XML_02A,"2023_TEOS_XML_02A/202310349349201006_public.xml"
592528160,"Labelle CPA",2023_TEOS_XML_02A,"2023_TEOS_XML_02A/202310339349301411_public.xml"
522274205,"LSWG PA",2023_TEOS_XML_02A,"2023_TEOS_XML_02A/202310339349301451_public.xml"
273217248,"Voellinger &amp; Hill CPAs",2023_TEOS_XML_02A,"2023_TEOS_XML_02A/202310349349201416_public.xml"
854313794,"Management Accounting",2023_TEOS_XML_02A,"2023_TEOS_XML_02A/202310349349201551_public.xml"
471867327,"Isaac Gomez CPA PLLC",2023_TEOS_XML_02A,"2023_TEOS_XML_02A/202310349349201651_public.xml"
222988808,"BONADIO &amp; CO LLP",2023_TEOS_XML_02A,"2023_TEOS_XML_02A/202310349349300116_public.xml"
540540101,"KEITER STEPHENS HURST GARY &amp; SHREAVES",2023_TEOS_XML_02A,"2023_TEOS_XML_02A/202310349349300301_public.xml"
383492157,"PLANTE &amp; MORAN PLLC",2023_TEOS_XML_02A,"2023_TEOS_XML_02A/202310349349300346_public.xml"
811869182,"GREGG S BOSSEN CPA PC",2023_TEOS_XML_02A,"2023_TEOS_XML_02A/202310349349300516_public.xml"
990286389,"KMH LLP",2023_TEOS_XML_02A,"2023_TEOS_XML_02A/202310349349100116_public.xml"
854121184,"ADAM M BEAUDRY CPA LLC",2023_TEOS_XML_02A,"2023_TEOS_XML_02A/202310349349100121_public.xml"
836819013,"Steven Nelson Family Trust",2023_TEOS_XML_02A,"2023_TEOS_XML_02A/202320409349100602_public.xml"
834486790,"Shuppbooks and Tax LLC",2023_TEOS_XML_02A,"2023_TEOS_XML_02A/202310349349100401_public.xml"
825230467,"THE MARSTON GROUP PLC",2023_TEOS_XML_02A,"2023_TEOS_XML_02A/202320349349101302_public.xml"
591904656,"TIDWELL GROUP LLC",2023_TEOS_XML_02A,"2023_TEOS_XML_02A/202310349349100506_public.xml"
010355090,"NICHOLSON MICHAUD &amp; NADEAU CPAS",2023_TEOS_XML_02A,"2023_TEOS_XML_02A/202310349349100501_public.xml"
742153457,"K S NAGESH CPA PC",2023_TEOS_XML_02A,"2023_TEOS_XML_02A/202310349349200001_public.xml"
830323151,"JENNIFER M REED CPA LLC",2023_TEOS_XML_02A,"2023_TEOS_XML_02A/202310349349101301_public.xml"
352489148,"PROFESSIONAL TAX SERVICE",2023_TEOS_XML_02A,"2023_TEOS_XML_02A/202310349349200126_public.xml"
880899055,"Larry Cox CPA Inc",2023_TEOS_XML_02A,"2023_TEOS_XML_02A/202310349349200316_public.xml"
522265931,"Block Advisors",2023_TEOS_XML_02A,"2023_TEOS_XML_02A/202310349349200336_public.xml"
593060111,"Brownsberger Messineo Nichols LLC",2023_TEOS_XML_02A,"2023_TEOS_XML_02A/202310349349200341_public.xml"
453777213,"RKL LLP",2023_TEOS_XML_02A,"2023_TEOS_XML_02A/202310349349200326_public.xml"
844047623,"REDEMPTION HOUSE",2023_TEOS_XML_02A,"2023_TEOS_XML_02A/202310349349200401_public.xml"
460478604,"LISA M SMITH CPA",2023_TEOS_XML_02A,"2023_TEOS_XML_02A/202310349349200616_public.xml"
237378870,"George J Woo",2023_TEOS_XML_02A,"2023_TEOS_XML_02A/202310349349200621_public.xml"
461437029,"COLLIER JOHNSON &amp; WOODS PC",2023_TEOS_XML_02A,"2023_TEOS_XML_02A/202310349349301421_public.xml"
460927855,"Wilcox &amp; Company PC",2023_TEOS_XML_02A,"2023_TEOS_XML_02A/202310349349200821_public.xml"
061675629,"MALESARDI QUACKENBUSH SWIFT &amp; CO LLC",2023_TEOS_XML_02A,"2023_TEOS_XML_02A/202310349349200826_public.xml"
661002098,"ACOSTA &amp; RAMIREZ LAW OFFICE LLC",2023_TEOS_XML_02A,"2023_TEOS_XML_02A/202340349349301459_public.xml"
260890278,"MARCUM LLP",2023_TEOS_XML_02A,"2023_TEOS_XML_02A/202310349349200941_public.xml"
942828207,"Hoppe &amp; Cottrell LLP",2023_TEOS_XML_02A,"2023_TEOS_XML_02A/202310349349201006_public.xml"
237080555,"ISDANER &amp; COMPANY LLC",2023_TEOS_XML_02A,"2023_TEOS_XML_02A/202310349349301716_public.xml"
823792663,"SILVA &amp; SILVA CPAS",2023_TEOS_XML_02A,"2023_TEOS_XML_02A/202310349349301806_public.xml"
851721466,"INTERNATIONAL DEVELOPMENT OF EDUCATION ASSOCIATION",2023_TEOS_XML_02A,"2023_TEOS_XML_02A/202310359349100006_public.xml"
273217248,"Voellinger &amp; Hill CPAs",2023_TEOS_XML_02A,"2023_TEOS_XML_02A/202310349349201416_public.xml"
854313794,"Management Accounting",2023_TEOS_XML_02A,"2023_TEOS_XML_02A/202310349349201551_public.xml"
203857829,"MICHAEL O'KEEFFE",2023_TEOS_XML_02A,"2023_TEOS_XML_02A/202310359349100601_public.xml"
471867327,"Isaac Gomez CPA PLLC",2023_TEOS_XML_02A,"2023_TEOS_XML_02A/202310349349201651_public.xml"
920425583,"HEATHER L LEONE",2023_TEOS_XML_02A,"2023_TEOS_XML_02A/202310359349100701_public.xml"
631285698,"GIBSON &amp; CARDEN LLC",2023_TEOS_XML_02A,"2023_TEOS_XML_02A/202310359349100201_public.xml"
473259236,"BLACK CORAL FINANCIAL ADVISORS",2023_TEOS_XML_02A,"2023_TEOS_XML_02A/202310359349100301_public.xml"
936037058,"L JAN PRINCE PC",2023_TEOS_XML_02A,"2023_TEOS_XML_02A/202310359349100501_public.xml"
841672892,"CASTALARA MULTISERVICES OFFICE INC",2023_TEOS_XML_02A,"2023_TEOS_XML_02A/202310359349200111_public.xml"
930923968,"DAVENPORT TAX SERVICES",2023_TEOS_XML_02A,"2023_TEOS_XML_02A/202310359349200306_public.xml"
222988808,"BONADIO &amp; CO LLP",2023_TEOS_XML_02A,"2023_TEOS_XML_02A/202310349349300116_public.xml"
204180312,"ALAN S WILK",2023_TEOS_XML_02A,"2023_TEOS_XML_02A/202330359349200603_public.xml"
540540101,"KEITER STEPHENS HURST GARY &amp; SHREAVES",2023_TEOS_XML_02A,"2023_TEOS_XML_02A/202310349349300301_public.xml"
383492157,"PLANTE &amp; MORAN PLLC",2023_TEOS_XML_02A,"2023_TEOS_XML_02A/202310349349300346_public.xml"
371073993,"SCHEFFEL BOYLE",2023_TEOS_XML_02A,"2023_TEOS_XML_02A/202310359349300411_public.xml"
811869182,"GREGG S BOSSEN CPA PC",2023_TEOS_XML_02A,"2023_TEOS_XML_02A/202310349349300516_public.xml"
946104361,"THE TAX GROUP",2023_TEOS_XML_02A,"2023_TEOS_XML_02A/202310359349300516_public.xml"
041851995,"Thomas J Scanlon Tax",2023_TEOS_XML_02A,"2023_TEOS_XML_02A/202310359349300716_public.xml"
882632651,"DW Foundation",2023_TEOS_XML_02A,"2023_TEOS_XML_02A/202310369349100201_public.xml"
832568790,"PETER C RUBINGER CPA",2023_TEOS_XML_02A,"2023_TEOS_XML_02A/202310369349200001_public.xml"
832409195,"THOMAS J DWYER &amp; ASSOCIATES LLC",2023_TEOS_XML_02A,"2023_TEOS_XML_02A/202310369349200011_public.xml"
810787535,"CAPES AND CROWNS FOUNDATION",2023_TEOS_XML_02A,"2023_TEOS_XML_02A/202310369349200161_public.xml"
843233518,"PAUL E DUNLAP",2023_TEOS_XML_02A,"2023_TEOS_XML_02A/202310369349200251_public.xml"
814451759,"LAGUNAS &amp; LAGUNAS ACCOUNTING SERVICES INC",2023_TEOS_XML_02A,"2023_TEOS_XML_02A/202310369349200351_public.xml"
200503404,"AFFORDABLE HOUSING ACCOUNTANTS LTD",2023_TEOS_XML_02A,"2023_TEOS_XML_02A/202310369349300056_public.xml"
471270222,"FORVIS LLP",2023_TEOS_XML_02A,"2023_TEOS_XML_02A/202330379349300828_public.xml"
871642618,"PAUL TRACYCPA LLC",2023_TEOS_XML_02A,"2023_TEOS_XML_02A/202310379349100121_public.xml"
616135208,"ERNST &amp; YOUNG US LLP",2023_TEOS_XML_02A,"2023_TEOS_XML_02A/202310379349100026_public.xml"
756053890,"DAN C COLE PC",2023_TEOS_XML_02A,"2023_TEOS_XML_02A/202310379349100036_public.xml"
852257695,"PRINCETON TX DIVERSE",2023_TEOS_XML_02A,"2023_TEOS_XML_02A/202310379349100111_public.xml"
461437029,"COLLIER JOHNSON &amp; WOODS PC",2023_TEOS_XML_02A,"2023_TEOS_XML_02A/202310349349301421_public.xml"
661002098,"ACOSTA &amp; RAMIREZ LAW OFFICE LLC",2023_TEOS_XML_02A,"2023_TEOS_XML_02A/202340349349301459_public.xml"
237080555,"ISDANER &amp; COMPANY LLC",2023_TEOS_XML_02A,"2023_TEOS_XML_02A/202310349349301716_public.xml"
823792663,"SILVA &amp; SILVA CPAS",2023_TEOS_XML_02A,"2023_TEOS_XML_02A/202310349349301806_public.xml"
851721466,"INTERNATIONAL DEVELOPMENT OF EDUCATION ASSOCIATION",2023_TEOS_XML_02A,"2023_TEOS_XML_02A/202310359349100006_public.xml"
631285698,"GIBSON &amp; CARDEN LLC",2023_TEOS_XML_02A,"2023_TEOS_XML_02A/202310359349100201_public.xml"
473259236,"BLACK CORAL FINANCIAL ADVISORS",2023_TEOS_XML_02A,"2023_TEOS_XML_02A/202310359349100301_public.xml"
203857829,"MICHAEL O'KEEFFE",2023_TEOS_XML_02A,"2023_TEOS_XML_02A/202310359349100601_public.xml"
920425583,"HEATHER L LEONE",2023_TEOS_XML_02A,"2023_TEOS_XML_02A/202310359349100701_public.xml"
936037058,"L JAN PRINCE PC",2023_TEOS_XML_02A,"2023_TEOS_XML_02A/202310359349100501_public.xml"
841672892,"CASTALARA MULTISERVICES OFFICE INC",2023_TEOS_XML_02A,"2023_TEOS_XML_02A/202310359349200111_public.xml"
474806521,"DIAGONAL ALLEY ANIMAL RESCUE",2023_TEOS_XML_02A,"2023_TEOS_XML_02A/202310379349100506_public.xml"
930923968,"DAVENPORT TAX SERVICES",2023_TEOS_XML_02A,"2023_TEOS_XML_02A/202310359349200306_public.xml"
320020756,"Progressive Accountancy Group PC",2023_TEOS_XML_02A,"2023_TEOS_XML_02A/202310379349100706_public.xml"
650538766,"CAVANAUGH &amp; CO LLP",2023_TEOS_XML_02A,"2023_TEOS_XML_02A/202310379349100766_public.xml"
204180312,"ALAN S WILK",2023_TEOS_XML_02A,"2023_TEOS_XML_02A/202330359349200603_public.xml"
566061042,"CUMMINGS &amp; CARROLL PC",2023_TEOS_XML_02A,"2023_TEOS_XML_02A/202310379349100961_public.xml"
357120358,"ERNST &amp; YOUNG US LLP",2023_TEOS_XML_02A,"2023_TEOS_XML_02A/202310379349100626_public.xml"
371073993,"SCHEFFEL BOYLE",2023_TEOS_XML_02A,"2023_TEOS_XML_02A/202310359349300411_public.xml"
946104361,"THE TAX GROUP",2023_TEOS_XML_02A,"2023_TEOS_XML_02A/202310359349300516_public.xml"
203427676,"LIVING THE DREAM FOUNDATION",2023_TEOS_XML_02A,"2023_TEOS_XML_02A/202310379349200101_public.xml"
041851995,"Thomas J Scanlon Tax",2023_TEOS_XML_02A,"2023_TEOS_XML_02A/202310359349300716_public.xml"
882632651,"DW Foundation",2023_TEOS_XML_02A,"2023_TEOS_XML_02A/202310369349100201_public.xml"
832568790,"PETER C RUBINGER CPA",2023_TEOS_XML_02A,"2023_TEOS_XML_02A/202310369349200001_public.xml"
832409195,"THOMAS J DWYER &amp; ASSOCIATES LLC",2023_TEOS_XML_02A,"2023_TEOS_XML_02A/202310369349200011_public.xml"
510150649,"FRATERNAL ORDER OF EAGLES",2023_TEOS_XML_02A,"2023_TEOS_XML_02A/202310379349200321_public.xml"
810787535,"CAPES AND CROWNS FOUNDATION",2023_TEOS_XML_02A,"2023_TEOS_XML_02A/202310369349200161_public.xml"
843233518,"PAUL E DUNLAP",2023_TEOS_XML_02A,"2023_TEOS_XML_02A/202310369349200251_public.xml"
814451759,"LAGUNAS &amp; LAGUNAS ACCOUNTING SERVICES INC",2023_TEOS_XML_02A,"2023_TEOS_XML_02A/202310369349200351_public.xml"
273158344,"MACK &amp; ASSOCIATES PC",2023_TEOS_XML_02A,"2023_TEOS_XML_02A/202310379349200416_public.xml"
200503404,"AFFORDABLE HOUSING ACCOUNTANTS LTD",2023_TEOS_XML_02A,"2023_TEOS_XML_02A/202310369349300056_public.xml"
472338538,"GBB &amp; CO LLP",2023_TEOS_XML_02A,"2023_TEOS_XML_02A/202310379349200446_public.xml"
261094480,"SUSAN HOLLY CPA PA",2023_TEOS_XML_02A,"2023_TEOS_XML_02A/202310379349200511_public.xml"
471270222,"FORVIS LLP",2023_TEOS_XML_02A,"2023_TEOS_XML_02A/202330379349300828_public.xml"
237113429,"SASSETTI LLC",2023_TEOS_XML_02A,"2023_TEOS_XML_02A/202310379349200721_public.xml"
871642618,"PAUL TRACYCPA LLC",2023_TEOS_XML_02A,"2023_TEOS_XML_02A/202310379349100121_public.xml"
616135208,"ERNST &amp; YOUNG US LLP",2023_TEOS_XML_02A,"2023_TEOS_XML_02A/202310379349100026_public.xml"
852257695,"PRINCETON TX DIVERSE",2023_TEOS_XML_02A,"2023_TEOS_XML_02A/202310379349100111_public.xml"
756053890,"DAN C COLE PC",2023_TEOS_XML_02A,"2023_TEOS_XML_02A/202310379349100036_public.xml"
562143807,"RADIANT SONRISE MINISTRY",2023_TEOS_XML_02A,"2023_TEOS_XML_02A/202310379349200806_public.xml"
262978842,"IVD Industry Connectivity Consortium NFP",2023_TEOS_XML_02A,"2023_TEOS_XML_02A/202310379349200911_public.xml"
521247326,"TETI &amp; CARSWELL",2023_TEOS_XML_02A,"2023_TEOS_XML_02A/202310379349201016_public.xml"
850747117,"Gilbert Fossett American Legion Post 230",2023_TEOS_XML_02A,"2023_TEOS_XML_02A/202310379349201031_public.xml"
352206298,"ROBERT G ELMS",2023_TEOS_XML_02A,"2023_TEOS_XML_02A/202310379349201156_public.xml"
311772381,"Guzman &amp; Gray Certified Public Accountants",2023_TEOS_XML_02A,"2023_TEOS_XML_02A/202310379349201261_public.xml"
474806521,"DIAGONAL ALLEY ANIMAL RESCUE",2023_TEOS_XML_02A,"2023_TEOS_XML_02A/202310379349100506_public.xml"
730960925,"Saunders &amp; Associates PLLC",2023_TEOS_XML_02A,"2023_TEOS_XML_02A/202310379349300031_public.xml"
262919210,"WINDHAM BRANNON LLC",2023_TEOS_XML_02A,"2023_TEOS_XML_02A/202310379349300111_public.xml"
320020756,"Progressive Accountancy Group PC",2023_TEOS_XML_02A,"2023_TEOS_XML_02A/202310379349100706_public.xml"
650538766,"CAVANAUGH &amp; CO LLP",2023_TEOS_XML_02A,"2023_TEOS_XML_02A/202310379349100766_public.xml"
566061042,"CUMMINGS &amp; CARROLL PC",2023_TEOS_XML_02A,"2023_TEOS_XML_02A/202310379349100961_public.xml"
357120358,"ERNST &amp; YOUNG US LLP",2023_TEOS_XML_02A,"2023_TEOS_XML_02A/202310379349100626_public.xml"
050375183,"SANSIVERI KIMBALL &amp; CO LLP",2023_TEOS_XML_02A,"2023_TEOS_XML_02A/202310379349300511_public.xml"
351988335,"Loucks &amp; Weaver CPA",2023_TEOS_XML_02A,"2023_TEOS_XML_02A/202310379349300606_public.xml"
203427676,"LIVING THE DREAM FOUNDATION",2023_TEOS_XML_02A,"2023_TEOS_XML_02A/202310379349200101_public.xml"
650657886,"VERDEJA DE ARMAS TRUJILLO ALVAREZ LLP",2023_TEOS_XML_02A,"2023_TEOS_XML_02A/202310379349300676_public.xml"
010459572,"WIPFLI LLP",2023_TEOS_XML_02A,"2023_TEOS_XML_02A/202310379349300681_public.xml"
510150649,"FRATERNAL ORDER OF EAGLES",2023_TEOS_XML_02A,"2023_TEOS_XML_02A/202310379349200321_public.xml"
271101095,"David Raff &amp; Company",2023_TEOS_XML_02A,"2023_TEOS_XML_02A/202310379349301066_public.xml"
815239795,"PSK LLP",2023_TEOS_XML_02A,"2023_TEOS_XML_02A/202310379349300816_public.xml"
273158344,"MACK &amp; ASSOCIATES PC",2023_TEOS_XML_02A,"2023_TEOS_XML_02A/202310379349200416_public.xml"
112651721,"FITZSIMMONS ABRAMS LLP",2023_TEOS_XML_02A,"2023_TEOS_XML_02A/202310379349300821_public.xml"
660702655,"TESORITOS DAYCARE &amp; LEARNING CENTER INC",2023_TEOS_XML_02A,"2023_TEOS_XML_02A/202310379349300866_public.xml"
472338538,"GBB &amp; CO LLP",2023_TEOS_XML_02A,"2023_TEOS_XML_02A/202310379349200446_public.xml"
261094480,"SUSAN HOLLY CPA PA",2023_TEOS_XML_02A,"2023_TEOS_XML_02A/202310379349200511_public.xml"
650539336,"MARKHAM NORTON MOSTELLER WRIGHT &amp; CO",2023_TEOS_XML_02A,"2023_TEOS_XML_02A/202310379349300936_public.xml"
383771488,"Hoelting &amp; Company Inc",2023_TEOS_XML_02A,"2023_TEOS_XML_02A/202310379349300911_public.xml"
660489973,"CENTRO DE CUIDADO DIURNO MUNDO INFANTL INC",2023_TEOS_XML_02A,"2023_TEOS_XML_02A/202310379349301006_public.xml"
237113429,"SASSETTI LLC",2023_TEOS_XML_02A,"2023_TEOS_XML_02A/202310379349200721_public.xml"
562143807,"RADIANT SONRISE MINISTRY",2023_TEOS_XML_02A,"2023_TEOS_XML_02A/202310379349200806_public.xml"
943331026,"QUIGLEY &amp; MIRON",2023_TEOS_XML_02A,"2023_TEOS_XML_02A/202310379349301166_public.xml"
660858670,"PSV &amp; COMPANY PSC",2023_TEOS_XML_02A,"2023_TEOS_XML_02A/202310379349301231_public.xml"
262978842,"IVD Industry Connectivity Consortium NFP",2023_TEOS_XML_02A,"2023_TEOS_XML_02A/202310379349200911_public.xml"
752007688,"MARK BLAQUIERE CPA",2023_TEOS_XML_02A,"2023_TEOS_XML_02A/202320379349200437_public.xml"
420982401,"GOSLING &amp; COMPANY PC",2023_TEOS_XML_02A,"2023_TEOS_XML_02A/202310379349301261_public.xml"
900268521,"Village Tax Accounting SolutionsLLC",2023_TEOS_XML_02A,"2023_TEOS_XML_02A/202310379349301311_public.xml"
521247326,"TETI &amp; CARSWELL",2023_TEOS_XML_02A,"2023_TEOS_XML_02A/202310379349201016_public.xml"
814802022,"OSTROW REISIN BERK &amp; ABRAMS LTD",2023_TEOS_XML_02A,"2023_TEOS_XML_02A/202310379349301521_public.xml"
850747117,"Gilbert Fossett American Legion Post 230",2023_TEOS_XML_02A,"2023_TEOS_XML_02A/202310379349201031_public.xml"
352206298,"ROBERT G ELMS",2023_TEOS_XML_02A,"2023_TEOS_XML_02A/202310379349201156_public.xml"
660567902,"JEKALE LLC",2023_TEOS_XML_02A,"2023_TEOS_XML_02A/202310389349300131_public.xml"
311772381,"Guzman &amp; Gray Certified Public Accountants",2023_TEOS_XML_02A,"2023_TEOS_XML_02A/202310379349201261_public.xml"
020762705,"RICHARDS FAMILY FOUNDATION",2023_TEOS_XML_02A,"2023_TEOS_XML_02A/202310389349100216_public.xml"
730960925,"Saunders &amp; Associates PLLC",2023_TEOS_XML_02A,"2023_TEOS_XML_02A/202310379349300031_public.xml"
262919210,"WINDHAM BRANNON LLC",2023_TEOS_XML_02A,"2023_TEOS_XML_02A/202310379349300111_public.xml"
871105329,"RINTA - Ridler Inv &amp; Tax Advisory",2023_TEOS_XML_02A,"2023_TEOS_XML_02A/202310389349100336_public.xml"
341783357,"PRICEWATERHOUSECOOPERS LLP",2023_TEOS_XML_02A,"2023_TEOS_XML_02A/202310389349100326_public.xml"
050375183,"SANSIVERI KIMBALL &amp; CO LLP",2023_TEOS_XML_02A,"2023_TEOS_XML_02A/202310379349300511_public.xml"
351988335,"Loucks &amp; Weaver CPA",2023_TEOS_XML_02A,"2023_TEOS_XML_02A/202310379349300606_public.xml"
562150337,"PESTA FINNIE &amp; ASSOCIATES LLP",2023_TEOS_XML_02A,"2023_TEOS_XML_02A/202310389349100701_public.xml"
454268298,"Pinnacle Accountancy Group of Utah",2023_TEOS_XML_02A,"2023_TEOS_XML_02A/202310389349100711_public.xml"
650657886,"VERDEJA DE ARMAS TRUJILLO ALVAREZ LLP",2023_TEOS_XML_02A,"2023_TEOS_XML_02A/202310379349300676_public.xml"
010459572,"WIPFLI LLP",2023_TEOS_XML_02A,"2023_TEOS_XML_02A/202310379349300681_public.xml"
271101095,"David Raff &amp; Company",2023_TEOS_XML_02A,"2023_TEOS_XML_02A/202310379349301066_public.xml"
846138107,"PRICEWATERHOUSECOOPERS LLP",2023_TEOS_XML_02A,"2023_TEOS_XML_02A/202310389349101151_public.xml"
815239795,"PSK LLP",2023_TEOS_XML_02A,"2023_TEOS_XML_02A/202310379349300816_public.xml"
236687104,"PRICEWATERHOUSECOOPERS LLP",2023_TEOS_XML_02A,"2023_TEOS_XML_02A/202310389349101051_public.xml"
112651721,"FITZSIMMONS ABRAMS LLP",2023_TEOS_XML_02A,"2023_TEOS_XML_02A/202310379349300821_public.xml"
660702655,"TESORITOS DAYCARE &amp; LEARNING CENTER INC",2023_TEOS_XML_02A,"2023_TEOS_XML_02A/202310379349300866_public.xml"
383771488,"Hoelting &amp; Company Inc",2023_TEOS_XML_02A,"2023_TEOS_XML_02A/202310379349300911_public.xml"
866191934,"Colby &amp; Powell PLC",2023_TEOS_XML_02A,"2023_TEOS_XML_02A/202310389349200041_public.xml"
650539336,"MARKHAM NORTON MOSTELLER WRIGHT &amp; CO",2023_TEOS_XML_02A,"2023_TEOS_XML_02A/202310379349300936_public.xml"
716085968,"STUTTGART TAX CENTER",2023_TEOS_XML_02A,"2023_TEOS_XML_02A/202310389349200126_public.xml"
660489973,"CENTRO DE CUIDADO DIURNO MUNDO INFANTL INC",2023_TEOS_XML_02A,"2023_TEOS_XML_02A/202310379349301006_public.xml"
943331026,"QUIGLEY &amp; MIRON",2023_TEOS_XML_02A,"2023_TEOS_XML_02A/202310379349301166_public.xml"
660858670,"PSV &amp; COMPANY PSC",2023_TEOS_XML_02A,"2023_TEOS_XML_02A/202310379349301231_public.xml"
386090508,"HENNESSEY CPA",2023_TEOS_XML_02A,"2023_TEOS_XML_02A/202310389349200416_public.xml"
420982401,"GOSLING &amp; COMPANY PC",2023_TEOS_XML_02A,"2023_TEOS_XML_02A/202310379349301261_public.xml"
752007688,"MARK BLAQUIERE CPA",2023_TEOS_XML_02A,"2023_TEOS_XML_02A/202320379349200437_public.xml"
593315804,"MARK HAAS CPA",2023_TEOS_XML_02A,"2023_TEOS_XML_02A/202340389349200869_public.xml"
201823401,"SMITH ELLIOTT KEARNS &amp; COMPANY LLC",2023_TEOS_XML_02A,"2023_TEOS_XML_02A/202310389349200436_public.xml"
470821276,"MASSMAN NELSON REINIG PC",2023_TEOS_XML_02A,"2023_TEOS_XML_02A/202310389349200441_public.xml"
042779527,"Accurate Accounting &amp; Tax Services",2023_TEOS_XML_02A,"2023_TEOS_XML_02A/202310389349200446_public.xml"
900268521,"Village Tax Accounting SolutionsLLC",2023_TEOS_XML_02A,"2023_TEOS_XML_02A/202310379349301311_public.xml"
271010145,"ROBERT W OSBORNE &amp; CO PA",2023_TEOS_XML_02A,"2023_TEOS_XML_02A/202310389349200711_public.xml"
814802022,"OSTROW REISIN BERK &amp; ABRAMS LTD",2023_TEOS_XML_02A,"2023_TEOS_XML_02A/202310379349301521_public.xml"
843173274,"Valor Foundation",2023_TEOS_XML_02A,"2023_TEOS_XML_02A/202310389349200821_public.xml"
752913615,"Prothro Wilhelmi &amp; Company PLLC",2023_TEOS_XML_02A,"2023_TEOS_XML_02A/202310389349200911_public.xml"
660567902,"JEKALE LLC",2023_TEOS_XML_02A,"2023_TEOS_XML_02A/202310389349300131_public.xml"
237082497,"TX Solutions LLC",2023_TEOS_XML_02A,"2023_TEOS_XML_02A/202310389349201051_public.xml"
411670412,"WEST ACCOUNTING SERVICES",2023_TEOS_XML_02A,"2023_TEOS_XML_02A/202310389349201156_public.xml"
020762705,"RICHARDS FAMILY FOUNDATION",2023_TEOS_XML_02A,"2023_TEOS_XML_02A/202310389349100216_public.xml"
364396818,"CYNTHIA SPAULDING",2023_TEOS_XML_02A,"2023_TEOS_XML_02A/202310389349201211_public.xml"
871105329,"RINTA - Ridler Inv &amp; Tax Advisory",2023_TEOS_XML_02A,"2023_TEOS_XML_02A/202310389349100336_public.xml"
341783357,"PRICEWATERHOUSECOOPERS LLP",2023_TEOS_XML_02A,"2023_TEOS_XML_02A/202310389349100326_public.xml"
060602997,"TITI MILLIE DAY CARE INC",2023_TEOS_XML_02A,"2023_TEOS_XML_02A/202310389349300406_public.xml"
562150337,"PESTA FINNIE &amp; ASSOCIATES LLP",2023_TEOS_XML_02A,"2023_TEOS_XML_02A/202310389349100701_public.xml"
454268298,"Pinnacle Accountancy Group of Utah",2023_TEOS_XML_02A,"2023_TEOS_XML_02A/202310389349100711_public.xml"
800517228,"TIMOTHY K HUTCHENS CPA PC",2023_TEOS_XML_02A,"2023_TEOS_XML_02A/202310389349300711_public.xml"
846138107,"PRICEWATERHOUSECOOPERS LLP",2023_TEOS_XML_02A,"2023_TEOS_XML_02A/202310389349101151_public.xml"
350321046,"COMERFORD &amp; CO PC",2023_TEOS_XML_02A,"2023_TEOS_XML_02A/202310389349300931_public.xml"
236687104,"PRICEWATERHOUSECOOPERS LLP",2023_TEOS_XML_02A,"2023_TEOS_XML_02A/202310389349101051_public.xml"
810594016,"OLSEN THIELEN &amp; CO LTD",2023_TEOS_XML_02A,"2023_TEOS_XML_02A/202310389349301116_public.xml"
866191934,"Colby &amp; Powell PLC",2023_TEOS_XML_02A,"2023_TEOS_XML_02A/202310389349200041_public.xml"
942662962,"MJ PARTNERS LLP",2023_TEOS_XML_02A,"2023_TEOS_XML_02A/202310389349301141_public.xml"
716085968,"STUTTGART TAX CENTER",2023_TEOS_XML_02A,"2023_TEOS_XML_02A/202310389349200126_public.xml"
386090508,"HENNESSEY CPA",2023_TEOS_XML_02A,"2023_TEOS_XML_02A/202310389349200416_public.xml"
201823401,"SMITH ELLIOTT KEARNS &amp; COMPANY LLC",2023_TEOS_XML_02A,"2023_TEOS_XML_02A/202310389349200436_public.xml"
593315804,"MARK HAAS CPA",2023_TEOS_XML_02A,"2023_TEOS_XML_02A/202340389349200869_public.xml"
470821276,"MASSMAN NELSON REINIG PC",2023_TEOS_XML_02A,"2023_TEOS_XML_02A/202310389349200441_public.xml"
042779527,"Accurate Accounting &amp; Tax Services",2023_TEOS_XML_02A,"2023_TEOS_XML_02A/202310389349200446_public.xml"
271010145,"ROBERT W OSBORNE &amp; CO PA",2023_TEOS_XML_02A,"2023_TEOS_XML_02A/202310389349200711_public.xml"
843173274,"Valor Foundation",2023_TEOS_XML_02A,"2023_TEOS_XML_02A/202310389349200821_public.xml"
752913615,"Prothro Wilhelmi &amp; Company PLLC",2023_TEOS_XML_02A,"2023_TEOS_XML_02A/202310389349200911_public.xml"
237082497,"TX Solutions LLC",2023_TEOS_XML_02A,"2023_TEOS_XML_02A/202310389349201051_public.xml"
411670412,"WEST ACCOUNTING SERVICES",2023_TEOS_XML_02A,"2023_TEOS_XML_02A/202310389349201156_public.xml"
770153940,"JONES SCHILLER &amp; LITTMAN LLP",2023_TEOS_XML_02A,"2023_TEOS_XML_02A/202310549349100011_public.xml"
364396818,"CYNTHIA SPAULDING",2023_TEOS_XML_02A,"2023_TEOS_XML_02A/202310389349201211_public.xml"
261608629,"KATZ ABOSCH",2023_TEOS_XML_02A,"2023_TEOS_XML_02A/202310399349100301_public.xml"
060602997,"TITI MILLIE DAY CARE INC",2023_TEOS_XML_02A,"2023_TEOS_XML_02A/202310389349300406_public.xml"
842153133,"Johnny H Mounts",2023_TEOS_XML_02A,"2023_TEOS_XML_02A/202310399349100436_public.xml"
256018849,"PRICEWATERHOUSECOOPERS LLP",2023_TEOS_XML_02A,"2023_TEOS_XML_02A/202310399349100521_public.xml"
800517228,"TIMOTHY K HUTCHENS CPA PC",2023_TEOS_XML_02A,"2023_TEOS_XML_02A/202310389349300711_public.xml"
850956931,"KSM BUSINESS SERVICES INC",2023_TEOS_XML_02A,"2023_TEOS_XML_02A/202310399349100546_public.xml"
350321046,"COMERFORD &amp; CO PC",2023_TEOS_XML_02A,"2023_TEOS_XML_02A/202310389349300931_public.xml"
510186327,"SHEEHAN &amp; CO PS",2023_TEOS_XML_02A,"2023_TEOS_XML_02A/202310399349100816_public.xml"
810594016,"OLSEN THIELEN &amp; CO LTD",2023_TEOS_XML_02A,"2023_TEOS_XML_02A/202310389349301116_public.xml"
203931907,"ROSS &amp; MONCURE INC",2023_TEOS_XML_02A,"2023_TEOS_XML_02A/202310399349101181_public.xml"
942662962,"MJ PARTNERS LLP",2023_TEOS_XML_02A,"2023_TEOS_XML_02A/202310389349301141_public.xml"
900879741,"Allegra Natt CPA",2023_TEOS_XML_02A,"2023_TEOS_XML_02A/202310399349200611_public.xml"
881201161,"Dahms &amp; Yarian Inc",2023_TEOS_XML_02A,"2023_TEOS_XML_02A/202310399349200811_public.xml"
113841342,"Safdar CPA",2023_TEOS_XML_02A,"2023_TEOS_XML_02A/202310399349200836_public.xml"
872732200,"BUSH &amp; LUKE LLP",2023_TEOS_XML_02A,"2023_TEOS_XML_02A/202310399349200916_public.xml"
470649050,"Aue and Company LLC",2023_TEOS_XML_02A,"2023_TEOS_XML_02A/202310399349200901_public.xml"
872521864,"Barfield and Kinkead LLC",2023_TEOS_XML_02A,"2023_TEOS_XML_02A/202310399349200921_public.xml"
902077117,"H AND R BLOCK",2023_TEOS_XML_02A,"2023_TEOS_XML_02A/202310399349201006_public.xml"
770153940,"JONES SCHILLER &amp; LITTMAN LLP",2023_TEOS_XML_02A,"2023_TEOS_XML_02A/202310549349100011_public.xml"
261608629,"KATZ ABOSCH",2023_TEOS_XML_02A,"2023_TEOS_XML_02A/202310399349100301_public.xml"
811302564,"DABBS HICKMAN HILL &amp; CANNON LLP",2023_TEOS_XML_02A,"2023_TEOS_XML_02A/202310399349201286_public.xml"
202020378,"MACIAS GINI &amp; O'CONNELL LLP",2023_TEOS_XML_02A,"2023_TEOS_XML_02A/202310399349201551_public.xml"
593567315,"Mark Farner CPA PA",2023_TEOS_XML_02A,"2023_TEOS_XML_02A/202310399349300016_public.xml"
842153133,"Johnny H Mounts",2023_TEOS_XML_02A,"2023_TEOS_XML_02A/202310399349100436_public.xml"
256018849,"PRICEWATERHOUSECOOPERS LLP",2023_TEOS_XML_02A,"2023_TEOS_XML_02A/202310399349100521_public.xml"
850956931,"KSM BUSINESS SERVICES INC",2023_TEOS_XML_02A,"2023_TEOS_XML_02A/202310399349100546_public.xml"
341554295,"Zupka &amp; Associates",2023_TEOS_XML_02A,"2023_TEOS_XML_02A/202310399349300206_public.xml"
861834690,"MCSOLEY MCCOY &amp; CO",2023_TEOS_XML_02A,"2023_TEOS_XML_02A/202310399349300321_public.xml"
510186327,"SHEEHAN &amp; CO PS",2023_TEOS_XML_02A,"2023_TEOS_XML_02A/202310399349100816_public.xml"
660586357,"HOGAR AURORA INC",2023_TEOS_XML_02A,"2023_TEOS_XML_02A/202310399349300431_public.xml"
203931907,"ROSS &amp; MONCURE INC",2023_TEOS_XML_02A,"2023_TEOS_XML_02A/202310399349101181_public.xml"
256018715,"PRICEWATERHOUSECOOPERS LLP",2023_TEOS_XML_02A,"2023_TEOS_XML_02A/202310399349300821_public.xml"
550174271,"ROGER L KENT JR CPA",2023_TEOS_XML_02A,"2023_TEOS_XML_02A/202310399349300906_public.xml"
461885268,"ReportmyTaxes Inc",2023_TEOS_XML_02A,"2023_TEOS_XML_02A/202310399349301176_public.xml"
900879741,"Allegra Natt CPA",2023_TEOS_XML_02A,"2023_TEOS_XML_02A/202310399349200611_public.xml"
881201161,"Dahms &amp; Yarian Inc",2023_TEOS_XML_02A,"2023_TEOS_XML_02A/202310399349200811_public.xml"
473405097,"PATEL &amp; ALMEIDA PC",2023_TEOS_XML_02A,"2023_TEOS_XML_02A/202310399349301336_public.xml"
113841342,"Safdar CPA",2023_TEOS_XML_02A,"2023_TEOS_XML_02A/202310399349200836_public.xml"
872732200,"BUSH &amp; LUKE LLP",2023_TEOS_XML_02A,"2023_TEOS_XML_02A/202310399349200916_public.xml"
872521864,"Barfield and Kinkead LLC",2023_TEOS_XML_02A,"2023_TEOS_XML_02A/202310399349200921_public.xml"
470649050,"Aue and Company LLC",2023_TEOS_XML_02A,"2023_TEOS_XML_02A/202310399349200901_public.xml"
902077117,"H AND R BLOCK",2023_TEOS_XML_02A,"2023_TEOS_XML_02A/202310399349201006_public.xml"
980161264,"ERNST &amp; YOUNG US LLP",2023_TEOS_XML_02A,"2023_TEOS_XML_02A/202310399349301481_public.xml"
811302564,"DABBS HICKMAN HILL &amp; CANNON LLP",2023_TEOS_XML_02A,"2023_TEOS_XML_02A/202310399349201286_public.xml"
842919068,"SHERYL MESSNER CPA PC",2023_TEOS_XML_02A,"2023_TEOS_XML_02A/202320399349301802_public.xml"
202020378,"MACIAS GINI &amp; O'CONNELL LLP",2023_TEOS_XML_02A,"2023_TEOS_XML_02A/202310399349201551_public.xml"
593567315,"Mark Farner CPA PA",2023_TEOS_XML_02A,"2023_TEOS_XML_02A/202310399349300016_public.xml"
341554295,"Zupka &amp; Associates",2023_TEOS_XML_02A,"2023_TEOS_XML_02A/202310399349300206_public.xml"
363719518,"PRICEWATERHOUSECOOPERS LLP",2023_TEOS_XML_02A,"2023_TEOS_XML_02A/202310409349100111_public.xml"
861834690,"MCSOLEY MCCOY &amp; CO",2023_TEOS_XML_02A,"2023_TEOS_XML_02A/202310399349300321_public.xml"
463439817,"CLARK NUBER PS",2023_TEOS_XML_02A,"2023_TEOS_XML_02A/202310409349100421_public.xml"
660586357,"HOGAR AURORA INC",2023_TEOS_XML_02A,"2023_TEOS_XML_02A/202310399349300431_public.xml"
136199406,"KEITER STEPHENS HURST GARY &amp; SHREAVES",2023_TEOS_XML_02A,"2023_TEOS_XML_02A/202310409349100516_public.xml"
760537055,"JACKSON B HORN &amp; COMPANY PC",2023_TEOS_XML_02A,"2023_TEOS_XML_02A/202310409349100606_public.xml"
256018715,"PRICEWATERHOUSECOOPERS LLP",2023_TEOS_XML_02A,"2023_TEOS_XML_02A/202310399349300821_public.xml"
431663778,"ESSNER MILES &amp; MODDE LLC",2023_TEOS_XML_02A,"2023_TEOS_XML_02A/202310409349100911_public.xml"
550174271,"ROGER L KENT JR CPA",2023_TEOS_XML_02A,"2023_TEOS_XML_02A/202310399349300906_public.xml"
650726305,"MIRIAM B WALLING CPA PA",2023_TEOS_XML_02A,"2023_TEOS_XML_02A/202310409349101106_public.xml"
461885268,"ReportmyTaxes Inc",2023_TEOS_XML_02A,"2023_TEOS_XML_02A/202310399349301176_public.xml"
851380318,"PINNACLE 1 TAX",2023_TEOS_XML_02A,"2023_TEOS_XML_02A/202310409349101316_public.xml"
237204281,"EFPR GROUP CPAS PLLC",2023_TEOS_XML_02A,"2023_TEOS_XML_02A/202310409349200026_public.xml"
204110310,"James G Dades &amp; Co",2023_TEOS_XML_02A,"2023_TEOS_XML_02A/202310409349200041_public.xml"
473405097,"PATEL &amp; ALMEIDA PC",2023_TEOS_XML_02A,"2023_TEOS_XML_02A/202310399349301336_public.xml"
900397426,"Associated Maintenance Contractors",2023_TEOS_XML_02A,"2023_TEOS_XML_02A/202310409349200301_public.xml"
621769084,"Davis Brown &amp; Company PLLC",2023_TEOS_XML_02A,"2023_TEOS_XML_02A/202310409349200231_public.xml"
454379593,"BUCKNO LISICKY &amp; COMPANY PC",2023_TEOS_XML_02A,"2023_TEOS_XML_02A/202310409349200326_public.xml"
660711632,"ALIANZA DE LIDERES COMUNITARIOS DE PUERTO RICO INC",2023_TEOS_XML_02A,"2023_TEOS_XML_02A/202310409349200406_public.xml"
471193550,"HRB TAX GROUP INC",2023_TEOS_XML_02A,"2023_TEOS_XML_02A/202310409349200541_public.xml"
931294148,"BSM CPA GROUP LLP",2023_TEOS_XML_02A,"2023_TEOS_XML_02A/202310409349200536_public.xml"
980161264,"ERNST &amp; YOUNG US LLP",2023_TEOS_XML_02A,"2023_TEOS_XML_02A/202310399349301481_public.xml"
430915334,"Evers &amp; Company CPAs LLC",2023_TEOS_XML_02A,"2023_TEOS_XML_02A/202310409349200711_public.xml"
870881534,"HUTH THOMPSON LLP",2023_TEOS_XML_02A,"2023_TEOS_XML_02A/202310409349200736_public.xml"
842919068,"SHERYL MESSNER CPA PC",2023_TEOS_XML_02A,"2023_TEOS_XML_02A/202320399349301802_public.xml"
272795516,"ERNST &amp; YOUNG US LLP",2023_TEOS_XML_02A,"2023_TEOS_XML_02A/202310409349200916_public.xml"
882308471,"ALL4UBOOKKEEPING &amp; TAXES",2023_TEOS_XML_02A,"2023_TEOS_XML_02A/202310409349201181_public.xml"
363719518,"PRICEWATERHOUSECOOPERS LLP",2023_TEOS_XML_02A,"2023_TEOS_XML_02A/202310409349100111_public.xml"
800673396,"Engelson &amp; Associates Ltd",2023_TEOS_XML_02A,"2023_TEOS_XML_02A/202310409349201306_public.xml"
660493225,"LOPEZ RECIO &amp; ASSOCIATES LLC",2023_TEOS_XML_02A,"2023_TEOS_XML_02A/202330409349200323_public.xml"
463439817,"CLARK NUBER PS",2023_TEOS_XML_02A,"2023_TEOS_XML_02A/202310409349100421_public.xml"
862041240,"EIDE BAILLY LLP",2023_TEOS_XML_02A,"2023_TEOS_XML_02A/202310409349300116_public.xml"
716057028,"INTEGRITY TAX &amp; ACCOUNTING PLLC",2023_TEOS_XML_02A,"2023_TEOS_XML_02A/202310409349300316_public.xml"
136199406,"KEITER STEPHENS HURST GARY &amp; SHREAVES",2023_TEOS_XML_02A,"2023_TEOS_XML_02A/202310409349100516_public.xml"
760537055,"JACKSON B HORN &amp; COMPANY PC",2023_TEOS_XML_02A,"2023_TEOS_XML_02A/202310409349100606_public.xml"
660202913,"FALCON SANCHEZ",2023_TEOS_XML_02A,"2023_TEOS_XML_02A/202310409349300406_public.xml"
431663778,"ESSNER MILES &amp; MODDE LLC",2023_TEOS_XML_02A,"2023_TEOS_XML_02A/202310409349100911_public.xml"
546056480,"PBMARES LLP",2023_TEOS_XML_02A,"2023_TEOS_XML_02A/202330539349300508_public.xml"
650726305,"MIRIAM B WALLING CPA PA",2023_TEOS_XML_02A,"2023_TEOS_XML_02A/202310409349101106_public.xml"
486111821,"J TENBRINK &amp; ASSOCIATES",2023_TEOS_XML_02A,"2023_TEOS_XML_02A/202310409349300731_public.xml"
851380318,"PINNACLE 1 TAX",2023_TEOS_XML_02A,"2023_TEOS_XML_02A/202310409349101316_public.xml"
237204281,"EFPR GROUP CPAS PLLC",2023_TEOS_XML_02A,"2023_TEOS_XML_02A/202310409349200026_public.xml"
204110310,"James G Dades &amp; Co",2023_TEOS_XML_02A,"2023_TEOS_XML_02A/202310409349200041_public.xml"
824017661,"AFAIRCHILD LLC",2023_TEOS_XML_02A,"2023_TEOS_XML_02A/202310409349301041_public.xml"
900397426,"Associated Maintenance Contractors",2023_TEOS_XML_02A,"2023_TEOS_XML_02A/202310409349200301_public.xml"
621769084,"Davis Brown &amp; Company PLLC",2023_TEOS_XML_02A,"2023_TEOS_XML_02A/202310409349200231_public.xml"
454379593,"BUCKNO LISICKY &amp; COMPANY PC",2023_TEOS_XML_02A,"2023_TEOS_XML_02A/202310409349200326_public.xml"
522397651,"Wood Smith &amp; Ellzey CPAs PLLC",2023_TEOS_XML_02A,"2023_TEOS_XML_02A/202310409349301341_public.xml"
660711632,"ALIANZA DE LIDERES COMUNITARIOS DE PUERTO RICO INC",2023_TEOS_XML_02A,"2023_TEOS_XML_02A/202310409349200406_public.xml"
471193550,"HRB TAX GROUP INC",2023_TEOS_XML_02A,"2023_TEOS_XML_02A/202310409349200541_public.xml"
931294148,"BSM CPA GROUP LLP",2023_TEOS_XML_02A,"2023_TEOS_XML_02A/202310409349200536_public.xml"
830813948,"SPARKS &amp; COMPANY INC",2023_TEOS_XML_02A,"2023_TEOS_XML_02A/202310409349301626_public.xml"
430915334,"Evers &amp; Company CPAs LLC",2023_TEOS_XML_02A,"2023_TEOS_XML_02A/202310409349200711_public.xml"
822718452,"CLIFTONLARSONALLEN LLP",2023_TEOS_XML_02A,"2023_TEOS_XML_02A/202310409349301701_public.xml"
870881534,"HUTH THOMPSON LLP",2023_TEOS_XML_02A,"2023_TEOS_XML_02A/202310409349200736_public.xml"
272795516,"ERNST &amp; YOUNG US LLP",2023_TEOS_XML_02A,"2023_TEOS_XML_02A/202310409349200916_public.xml"
562311737,"BILL AND LUCILLE HYDE SCHOLARSHIP FUND INC",2023_TEOS_XML_02A,"2023_TEOS_XML_02A/202310419349100001_public.xml"
844787177,"PASQUESI SHEPPARD LLC",2023_TEOS_XML_02A,"2023_TEOS_XML_02A/202310419349100006_public.xml"
843673990,"SHINDEL ROCK &amp; ASSOCIATES PC",2023_TEOS_XML_02A,"2023_TEOS_XML_02A/202310419349100221_public.xml"
236298132,"LUDIN ECKERT &amp; FULLAM PC",2023_TEOS_XML_02A,"2023_TEOS_XML_02A/202310419349100216_public.xml"
882308471,"ALL4UBOOKKEEPING &amp; TAXES",2023_TEOS_XML_02A,"2023_TEOS_XML_02A/202310409349201181_public.xml"
800673396,"Engelson &amp; Associates Ltd",2023_TEOS_XML_02A,"2023_TEOS_XML_02A/202310409349201306_public.xml"
660493225,"LOPEZ RECIO &amp; ASSOCIATES LLC",2023_TEOS_XML_02A,"2023_TEOS_XML_02A/202330409349200323_public.xml"
811970526,"Jean M Cody CPA PC",2023_TEOS_XML_02A,"2023_TEOS_XML_02A/202330429349100703_public.xml"
862041240,"EIDE BAILLY LLP",2023_TEOS_XML_02A,"2023_TEOS_XML_02A/202310409349300116_public.xml"
852984738,"Hay CPA Firm PC",2023_TEOS_XML_02A,"2023_TEOS_XML_02A/202340419349100204_public.xml"
850862496,"ELITE ACCOUNTING CONSULTING &amp; TAX",2023_TEOS_XML_02A,"2023_TEOS_XML_02A/202310419349100631_public.xml"
716057028,"INTEGRITY TAX &amp; ACCOUNTING PLLC",2023_TEOS_XML_02A,"2023_TEOS_XML_02A/202310409349300316_public.xml"
660202913,"FALCON SANCHEZ",2023_TEOS_XML_02A,"2023_TEOS_XML_02A/202310409349300406_public.xml"
263152203,"MOSS ADAMS LLP",2023_TEOS_XML_02A,"2023_TEOS_XML_02A/202310419349100711_public.xml"
546056480,"PBMARES LLP",2023_TEOS_XML_02A,"2023_TEOS_XML_02A/202330539349300508_public.xml"
256397893,"RONALD BLUE &amp; CO CPAS AND CONSLTS LLP",2023_TEOS_XML_02A,"2023_TEOS_XML_02A/202310419349100811_public.xml"
352422032,"AM PRO SERVICE INC",2023_TEOS_XML_02A,"2023_TEOS_XML_02A/202340419349200204_public.xml"
824551056,"LEARN FOR JOY INC",2023_TEOS_XML_02A,"2023_TEOS_XML_02A/202310419349100901_public.xml"
486111821,"J TENBRINK &amp; ASSOCIATES",2023_TEOS_XML_02A,"2023_TEOS_XML_02A/202310409349300731_public.xml"
861912776,"WARDLOW &amp; CASH PA",2023_TEOS_XML_02A,"2023_TEOS_XML_02A/202310419349200216_public.xml"
842284387,"Financial Strategies",2023_TEOS_XML_02A,"2023_TEOS_XML_02A/202310419349200221_public.xml"
824017661,"AFAIRCHILD LLC",2023_TEOS_XML_02A,"2023_TEOS_XML_02A/202310409349301041_public.xml"
912114582,"DEPco Accounting Services Inc",2023_TEOS_XML_02A,"2023_TEOS_XML_02A/202310419349200701_public.xml"
522397651,"Wood Smith &amp; Ellzey CPAs PLLC",2023_TEOS_XML_02A,"2023_TEOS_XML_02A/202310409349301341_public.xml"
853662512,"MLT ACCOUNTING SERVICES",2023_TEOS_XML_02A,"2023_TEOS_XML_02A/202310419349201021_public.xml"
420935368,"WELGAARD CPAS AND ADVISORS",2023_TEOS_XML_02A,"2023_TEOS_XML_02A/202310419349201106_public.xml"
830813948,"SPARKS &amp; COMPANY INC",2023_TEOS_XML_02A,"2023_TEOS_XML_02A/202310409349301626_public.xml"
822718452,"CLIFTONLARSONALLEN LLP",2023_TEOS_XML_02A,"2023_TEOS_XML_02A/202310409349301701_public.xml"
264315773,"Desmond &amp; Ahern Ltd",2023_TEOS_XML_02A,"2023_TEOS_XML_02A/202310419349300021_public.xml"
582247577,"BULL AND BULL CPAS PC",2023_TEOS_XML_02A,"2023_TEOS_XML_02A/202310419349300126_public.xml"
562311737,"BILL AND LUCILLE HYDE SCHOLARSHIP FUND INC",2023_TEOS_XML_02A,"2023_TEOS_XML_02A/202310419349100001_public.xml"
844787177,"PASQUESI SHEPPARD LLC",2023_TEOS_XML_02A,"2023_TEOS_XML_02A/202310419349100006_public.xml"
050263810,"CAYER CACCIA LLP",2023_TEOS_XML_02A,"2023_TEOS_XML_02A/202310419349300221_public.xml"
593255632,"SANDY STOKES PLLC",2023_TEOS_XML_02A,"2023_TEOS_XML_02A/202310419349300321_public.xml"
236298132,"LUDIN ECKERT &amp; FULLAM PC",2023_TEOS_XML_02A,"2023_TEOS_XML_02A/202310419349100216_public.xml"
843673990,"SHINDEL ROCK &amp; ASSOCIATES PC",2023_TEOS_XML_02A,"2023_TEOS_XML_02A/202310419349100221_public.xml"
811970526,"Jean M Cody CPA PC",2023_TEOS_XML_02A,"2023_TEOS_XML_02A/202330429349100703_public.xml"
852984738,"Hay CPA Firm PC",2023_TEOS_XML_02A,"2023_TEOS_XML_02A/202340419349100204_public.xml"
850862496,"ELITE ACCOUNTING CONSULTING &amp; TAX",2023_TEOS_XML_02A,"2023_TEOS_XML_02A/202310419349100631_public.xml"
660749601,"Rodriguez Santiago CPA's PSC",2023_TEOS_XML_02A,"2023_TEOS_XML_02A/202310419349300811_public.xml"
263152203,"MOSS ADAMS LLP",2023_TEOS_XML_02A,"2023_TEOS_XML_02A/202310419349100711_public.xml"
256397893,"RONALD BLUE &amp; CO CPAS AND CONSLTS LLP",2023_TEOS_XML_02A,"2023_TEOS_XML_02A/202310419349100811_public.xml"
824551056,"LEARN FOR JOY INC",2023_TEOS_XML_02A,"2023_TEOS_XML_02A/202310419349100901_public.xml"
352422032,"AM PRO SERVICE INC",2023_TEOS_XML_02A,"2023_TEOS_XML_02A/202340419349200204_public.xml"
271204594,"Jed Sanborn CPA LLC",2023_TEOS_XML_02A,"2023_TEOS_XML_02A/202310419349301306_public.xml"
861912776,"WARDLOW &amp; CASH PA",2023_TEOS_XML_02A,"2023_TEOS_XML_02A/202310419349200216_public.xml"
842284387,"Financial Strategies",2023_TEOS_XML_02A,"2023_TEOS_XML_02A/202310419349200221_public.xml"
743099465,"Moss CPA",2023_TEOS_XML_02A,"2023_TEOS_XML_02A/202310419349301501_public.xml"
560543247,"BLACKMAN &amp; SLOOP CPAS PA",2023_TEOS_XML_02A,"2023_TEOS_XML_02A/202310419349301566_public.xml"
912114582,"DEPco Accounting Services Inc",2023_TEOS_XML_02A,"2023_TEOS_XML_02A/202310419349200701_public.xml"
454153036,"DELAP LLP",2023_TEOS_XML_02A,"2023_TEOS_XML_02A/202310419349301586_public.xml"
472943786,"Kern &amp; Thompson LLC",2023_TEOS_XML_02A,"2023_TEOS_XML_02A/202310419349301576_public.xml"
461416390,"J Alan Post CPA",2023_TEOS_XML_02A,"2023_TEOS_XML_02A/202310419349301606_public.xml"
853662512,"MLT ACCOUNTING SERVICES",2023_TEOS_XML_02A,"2023_TEOS_XML_02A/202310419349201021_public.xml"
611734910,"OSTROW REISIN BERK &amp; ABRAMS LTD",2023_TEOS_XML_02A,"2023_TEOS_XML_02A/202310419349301961_public.xml"
392030121,"ANDERSON HAGER &amp; MOE SC",2023_TEOS_XML_02A,"2023_TEOS_XML_02A/202310429349200606_public.xml"
420935368,"WELGAARD CPAS AND ADVISORS",2023_TEOS_XML_02A,"2023_TEOS_XML_02A/202310419349201106_public.xml"
873911659,"RICHARDS WITT &amp; CHARLES LLP",2023_TEOS_XML_02A,"2023_TEOS_XML_02A/202310429349100006_public.xml"
522317715,"SMALL BUSINESS ACCOUNTING AND TAX",2023_TEOS_XML_02A,"2023_TEOS_XML_02A/202310429349100311_public.xml"
233003482,"MacElree Harvey Ltd",2023_TEOS_XML_02A,"2023_TEOS_XML_02A/202310429349100406_public.xml"
264315773,"Desmond &amp; Ahern Ltd",2023_TEOS_XML_02A,"2023_TEOS_XML_02A/202310419349300021_public.xml"
582247577,"BULL AND BULL CPAS PC",2023_TEOS_XML_02A,"2023_TEOS_XML_02A/202310419349300126_public.xml"
844378544,"BITAJON EMUNA CORP",2023_TEOS_XML_02A,"2023_TEOS_XML_02A/202310429349200001_public.xml"
050263810,"CAYER CACCIA LLP",2023_TEOS_XML_02A,"2023_TEOS_XML_02A/202310419349300221_public.xml"
263372116,"FROHM KELLEY BUTLER &amp; RYAN PC",2023_TEOS_XML_02A,"2023_TEOS_XML_02A/202310429349200111_public.xml"
593255632,"SANDY STOKES PLLC",2023_TEOS_XML_02A,"2023_TEOS_XML_02A/202310419349300321_public.xml"
611508703,"NONPROFITS FIRST INC",2023_TEOS_XML_02A,"2023_TEOS_XML_02A/202310429349200516_public.xml"
455519488,"Bashor &amp; Legendre LLP",2023_TEOS_XML_02A,"2023_TEOS_XML_02A/202310429349300016_public.xml"
236026108,"ALAN ROSS &amp; COMPANY PC",2023_TEOS_XML_02A,"2023_TEOS_XML_02A/202310429349300026_public.xml"
660749601,"Rodriguez Santiago CPA's PSC",2023_TEOS_XML_02A,"2023_TEOS_XML_02A/202310419349300811_public.xml"
271204594,"Jed Sanborn CPA LLC",2023_TEOS_XML_02A,"2023_TEOS_XML_02A/202310419349301306_public.xml"
743099465,"Moss CPA",2023_TEOS_XML_02A,"2023_TEOS_XML_02A/202310419349301501_public.xml"
560543247,"BLACKMAN &amp; SLOOP CPAS PA",2023_TEOS_XML_02A,"2023_TEOS_XML_02A/202310419349301566_public.xml"
454153036,"DELAP LLP",2023_TEOS_XML_02A,"2023_TEOS_XML_02A/202310419349301586_public.xml"
472943786,"Kern &amp; Thompson LLC",2023_TEOS_XML_02A,"2023_TEOS_XML_02A/202310419349301576_public.xml"
522200241,"KEVIN A MELE LLC CPA",2023_TEOS_XML_02A,"2023_TEOS_XML_02A/202310439349100401_public.xml"
461416390,"J Alan Post CPA",2023_TEOS_XML_02A,"2023_TEOS_XML_02A/202310419349301606_public.xml"
844051969,"Covington Ligori PA",2023_TEOS_XML_02A,"2023_TEOS_XML_02A/202320469349100632_public.xml"
300938655,"CENKO VENDITTELLI HAYNES AND TOKARZ PLC",2023_TEOS_XML_02A,"2023_TEOS_XML_02A/202310439349200121_public.xml"
203506838,"RBH Business Solutions LLC",2023_TEOS_XML_02A,"2023_TEOS_XML_02A/202310439349200311_public.xml"
815372389,"FREEDOM COLLEGE INC",2023_TEOS_XML_02A,"2023_TEOS_XML_02A/202310439349200406_public.xml"
824198236,"Florala Radio Group Inc",2023_TEOS_XML_02A,"2023_TEOS_XML_02A/202310439349200411_public.xml"
813915185,"JOHANNA KLOMANN CPA PLLC",2023_TEOS_XML_02A,"2023_TEOS_XML_02A/202310439349200806_public.xml"
611734910,"OSTROW REISIN BERK &amp; ABRAMS LTD",2023_TEOS_XML_02A,"2023_TEOS_XML_02A/202310419349301961_public.xml"
392030121,"ANDERSON HAGER &amp; MOE SC",2023_TEOS_XML_02A,"2023_TEOS_XML_02A/202310429349200606_public.xml"
810603729,"Forte Financial Inc",2023_TEOS_XML_02A,"2023_TEOS_XML_02A/202310439349300406_public.xml"
873911659,"RICHARDS WITT &amp; CHARLES LLP",2023_TEOS_XML_02A,"2023_TEOS_XML_02A/202310429349100006_public.xml"
473507842,"CRACE CPA LLC",2023_TEOS_XML_02A,"2023_TEOS_XML_02A/202320439349300202_public.xml"
522317715,"SMALL BUSINESS ACCOUNTING AND TAX",2023_TEOS_XML_02A,"2023_TEOS_XML_02A/202310429349100311_public.xml"
233003482,"MacElree Harvey Ltd",2023_TEOS_XML_02A,"2023_TEOS_XML_02A/202310429349100406_public.xml"
920133200,"FOSTER AND COMPANY LLC",2023_TEOS_XML_02A,"2023_TEOS_XML_02A/202340449349302224_public.xml"
844378544,"BITAJON EMUNA CORP",2023_TEOS_XML_02A,"2023_TEOS_XML_02A/202310429349200001_public.xml"
845169548,"LIONEL'S TAX &amp; BOOKKEEPING SERVICE",2023_TEOS_XML_02A,"2023_TEOS_XML_02A/202330339349101013_public.xml"
263372116,"FROHM KELLEY BUTLER &amp; RYAN PC",2023_TEOS_XML_02A,"2023_TEOS_XML_02A/202310429349200111_public.xml"
900791207,"Baker Newman &amp; Noyes",2023_TEOS_XML_02A,"2023_TEOS_XML_02A/202310449349100021_public.xml"
521234974,"NKSFB LLC DBA - FOCUS OPERATING LLC",2023_TEOS_XML_02A,"2023_TEOS_XML_02A/202310449349100211_public.xml"
611508703,"NONPROFITS FIRST INC",2023_TEOS_XML_02A,"2023_TEOS_XML_02A/202310429349200516_public.xml"
061539443,"WHITTLESEY PC",2023_TEOS_XML_02A,"2023_TEOS_XML_02A/202310449349100216_public.xml"
161449220,"D'ARCANGELO &amp; CO LLP",2023_TEOS_XML_02A,"2023_TEOS_XML_02A/202310449349100321_public.xml"
455519488,"Bashor &amp; Legendre LLP",2023_TEOS_XML_02A,"2023_TEOS_XML_02A/202310429349300016_public.xml"
236026108,"ALAN ROSS &amp; COMPANY PC",2023_TEOS_XML_02A,"2023_TEOS_XML_02A/202310429349300026_public.xml"
522390856,"Trisha P Ocampo CPA Inc",2023_TEOS_XML_02A,"2023_TEOS_XML_02A/202320449349100347_public.xml"
522200241,"KEVIN A MELE LLC CPA",2023_TEOS_XML_02A,"2023_TEOS_XML_02A/202310439349100401_public.xml"
844051969,"Covington Ligori PA",2023_TEOS_XML_02A,"2023_TEOS_XML_02A/202320469349100632_public.xml"
466001196,"EIDE BAILLY LLP",2023_TEOS_XML_02A,"2023_TEOS_XML_02A/202310449349100901_public.xml"
300938655,"CENKO VENDITTELLI HAYNES AND TOKARZ PLC",2023_TEOS_XML_02A,"2023_TEOS_XML_02A/202310439349200121_public.xml"
203506838,"RBH Business Solutions LLC",2023_TEOS_XML_02A,"2023_TEOS_XML_02A/202310439349200311_public.xml"
815372389,"FREEDOM COLLEGE INC",2023_TEOS_XML_02A,"2023_TEOS_XML_02A/202310439349200406_public.xml"
824198236,"Florala Radio Group Inc",2023_TEOS_XML_02A,"2023_TEOS_XML_02A/202310439349200411_public.xml"
813915185,"JOHANNA KLOMANN CPA PLLC",2023_TEOS_XML_02A,"2023_TEOS_XML_02A/202310439349200806_public.xml"
043171305,"Turner &amp; Costa PC",2023_TEOS_XML_02A,"2023_TEOS_XML_02A/202310449349200006_public.xml"
810603729,"Forte Financial Inc",2023_TEOS_XML_02A,"2023_TEOS_XML_02A/202310439349300406_public.xml"
473507842,"CRACE CPA LLC",2023_TEOS_XML_02A,"2023_TEOS_XML_02A/202320439349300202_public.xml"
920133200,"FOSTER AND COMPANY LLC",2023_TEOS_XML_02A,"2023_TEOS_XML_02A/202340449349302224_public.xml"
845169548,"LIONEL'S TAX &amp; BOOKKEEPING SERVICE",2023_TEOS_XML_02A,"2023_TEOS_XML_02A/202330339349101013_public.xml"
900791207,"Baker Newman &amp; Noyes",2023_TEOS_XML_02A,"2023_TEOS_XML_02A/202310449349100021_public.xml"
521234974,"NKSFB LLC DBA - FOCUS OPERATING LLC",2023_TEOS_XML_02A,"2023_TEOS_XML_02A/202310449349100211_public.xml"
061539443,"WHITTLESEY PC",2023_TEOS_XML_02A,"2023_TEOS_XML_02A/202310449349100216_public.xml"
161449220,"D'ARCANGELO &amp; CO LLP",2023_TEOS_XML_02A,"2023_TEOS_XML_02A/202310449349100321_public.xml"
263916794,"CORDANO SEVERSON &amp; ASSOCIATES LTD",2023_TEOS_XML_02A,"2023_TEOS_XML_02A/202310449349201116_public.xml"
454757236,"Dominic Loguidice CPA",2023_TEOS_XML_02A,"2023_TEOS_XML_02A/202310449349201156_public.xml"
522390856,"Trisha P Ocampo CPA Inc",2023_TEOS_XML_02A,"2023_TEOS_XML_02A/202320449349100347_public.xml"
593733183,"ALISA A MITCHELL CPA PA",2023_TEOS_XML_02A,"2023_TEOS_XML_02A/202310449349201196_public.xml"
371762207,"BDO USA LLP",2023_TEOS_XML_02A,"2023_TEOS_XML_02A/202310449349201241_public.xml"
956055615,"JP FINANCIAL SERVICES INC",2023_TEOS_XML_02A,"2023_TEOS_XML_02A/202310449349201301_public.xml"
582649178,"J K BOATWRIGHT &amp; CO PC",2023_TEOS_XML_02A,"2023_TEOS_XML_02A/202310449349201321_public.xml"
660764813,"EQUINOTERAPIA PUERTO RICO INC",2023_TEOS_XML_02A,"2023_TEOS_XML_02A/202310449349201316_public.xml"
852810806,"Nonprofit Financial Solutions PC",2023_TEOS_XML_02A,"2023_TEOS_XML_02A/202310449349201346_public.xml"
756067802,"CLIFFORD BRALY III CPA",2023_TEOS_XML_02A,"2023_TEOS_XML_02A/202310449349201356_public.xml"
821430283,"ROMANO &amp; ASSOCIATES CPA'S PC",2023_TEOS_XML_02A,"2023_TEOS_XML_02A/202310449349201386_public.xml"
841817127,"BST &amp; CO CPAS LLP",2023_TEOS_XML_02A,"2023_TEOS_XML_02A/202310449349201411_public.xml"
390494331,"REILLY PENNER &amp; BENTON LLP",2023_TEOS_XML_02A,"2023_TEOS_XML_02A/202310449349300016_public.xml"
660491622,"GALINDEZ LLC",2023_TEOS_XML_02A,"2023_TEOS_XML_02A/202310449349300041_public.xml"
466001196,"EIDE BAILLY LLP",2023_TEOS_XML_02A,"2023_TEOS_XML_02A/202310449349100901_public.xml"
951641436,"Kennedy &amp; Kennedy CPAs",2023_TEOS_XML_02A,"2023_TEOS_XML_02A/202310449349300146_public.xml"
660896734,"VICTUS PUERTO RICO INC",2023_TEOS_XML_02A,"2023_TEOS_XML_02A/202310449349300306_public.xml"
043171305,"Turner &amp; Costa PC",2023_TEOS_XML_02A,"2023_TEOS_XML_02A/202310449349200006_public.xml"
986001153,"The Royal Institution for the Advancement of Learning",2023_TEOS_XML_02A,"2023_TEOS_XML_02A/202310449349300406_public.xml"
370667487,"SCHEFFEL BOYLE",2023_TEOS_XML_02A,"2023_TEOS_XML_02A/202310449349300526_public.xml"
133085180,"LUTZ AND CARR CPAS LLP",2023_TEOS_XML_02A,"2023_TEOS_XML_02A/202310449349300641_public.xml"
833875907,"BONADIO &amp; CO LLP",2023_TEOS_XML_02A,"2023_TEOS_XML_02A/202310449349300801_public.xml"
463905712,"BAKER TILLY US LLP",2023_TEOS_XML_02A,"2023_TEOS_XML_02A/202310449349301201_public.xml"
263916794,"CORDANO SEVERSON &amp; ASSOCIATES LTD",2023_TEOS_XML_02A,"2023_TEOS_XML_02A/202310449349201116_public.xml"
454757236,"Dominic Loguidice CPA",2023_TEOS_XML_02A,"2023_TEOS_XML_02A/202310449349201156_public.xml"
593733183,"ALISA A MITCHELL CPA PA",2023_TEOS_XML_02A,"2023_TEOS_XML_02A/202310449349201196_public.xml"
371762207,"BDO USA LLP",2023_TEOS_XML_02A,"2023_TEOS_XML_02A/202310449349201241_public.xml"
956055615,"JP FINANCIAL SERVICES INC",2023_TEOS_XML_02A,"2023_TEOS_XML_02A/202310449349201301_public.xml"
582649178,"J K BOATWRIGHT &amp; CO PC",2023_TEOS_XML_02A,"2023_TEOS_XML_02A/202310449349201321_public.xml"
660764813,"EQUINOTERAPIA PUERTO RICO INC",2023_TEOS_XML_02A,"2023_TEOS_XML_02A/202310449349201316_public.xml"
852810806,"Nonprofit Financial Solutions PC",2023_TEOS_XML_02A,"2023_TEOS_XML_02A/202310449349201346_public.xml"
756067802,"CLIFFORD BRALY III CPA",2023_TEOS_XML_02A,"2023_TEOS_XML_02A/202310449349201356_public.xml"
821430283,"ROMANO &amp; ASSOCIATES CPA'S PC",2023_TEOS_XML_02A,"2023_TEOS_XML_02A/202310449349201386_public.xml"
841817127,"BST &amp; CO CPAS LLP",2023_TEOS_XML_02A,"2023_TEOS_XML_02A/202310449349201411_public.xml"
390494331,"REILLY PENNER &amp; BENTON LLP",2023_TEOS_XML_02A,"2023_TEOS_XML_02A/202310449349300016_public.xml"
660491622,"GALINDEZ LLC",2023_TEOS_XML_02A,"2023_TEOS_XML_02A/202310449349300041_public.xml"
364305675,"DICLEMENTE &amp; ASSOCIATES",2023_TEOS_XML_02A,"2023_TEOS_XML_02A/202320449349301672_public.xml"
951641436,"Kennedy &amp; Kennedy CPAs",2023_TEOS_XML_02A,"2023_TEOS_XML_02A/202310449349300146_public.xml"
660896734,"VICTUS PUERTO RICO INC",2023_TEOS_XML_02A,"2023_TEOS_XML_02A/202310449349300306_public.xml"
237281521,"DOEREN MAYHEW",2023_TEOS_XML_02A,"2023_TEOS_XML_02A/202310449349302006_public.xml"
986001153,"The Royal Institution for the Advancement of Learning",2023_TEOS_XML_02A,"2023_TEOS_XML_02A/202310449349300406_public.xml"
370667487,"SCHEFFEL BOYLE",2023_TEOS_XML_02A,"2023_TEOS_XML_02A/202310449349300526_public.xml"
133085180,"LUTZ AND CARR CPAS LLP",2023_TEOS_XML_02A,"2023_TEOS_XML_02A/202310449349300641_public.xml"
833875907,"BONADIO &amp; CO LLP",2023_TEOS_XML_02A,"2023_TEOS_XML_02A/202310449349300801_public.xml"
660524457,"CPA MAGALY LEON LLC",2023_TEOS_XML_02A,"2023_TEOS_XML_02A/202310449349302236_public.xml"
463905712,"BAKER TILLY US LLP",2023_TEOS_XML_02A,"2023_TEOS_XML_02A/202310449349301201_public.xml"
986001098,"KPMG LLP",2023_TEOS_XML_02A,"2023_TEOS_XML_02A/202310459349301901_public.xml"
873117394,"SEILER LLP",2023_TEOS_XML_02A,"2023_TEOS_XML_02A/202310459349100126_public.xml"
954135538,"GELFAND RENNERT &amp; FELDMAN LLC",2023_TEOS_XML_02A,"2023_TEOS_XML_02A/202310459349100321_public.xml"
824387473,"RONALD BERNSTEIN CFP EA",2023_TEOS_XML_02A,"2023_TEOS_XML_02A/202310459349100611_public.xml"
453637565,"PAUL L RHINE CPA LLC",2023_TEOS_XML_02A,"2023_TEOS_XML_02A/202310459349100616_public.xml"
364305675,"DICLEMENTE &amp; ASSOCIATES",2023_TEOS_XML_02A,"2023_TEOS_XML_02A/202320449349301672_public.xml"
874092424,"Fasten Halberstam LLP",2023_TEOS_XML_02A,"2023_TEOS_XML_02A/202310459349100921_public.xml"
237281521,"DOEREN MAYHEW",2023_TEOS_XML_02A,"2023_TEOS_XML_02A/202310449349302006_public.xml"
882712467,"Fortson Business Services",2023_TEOS_XML_02A,"2023_TEOS_XML_02A/202310459349101121_public.xml"
912144204,"CuellarMoralesGonzalez &amp; Co PLLC",2023_TEOS_XML_02A,"2023_TEOS_XML_02A/202310459349101206_public.xml"
462636987,"Chapin Financial Management LLC",2023_TEOS_XML_02A,"2023_TEOS_XML_02A/202310459349200111_public.xml"
660524457,"CPA MAGALY LEON LLC",2023_TEOS_XML_02A,"2023_TEOS_XML_02A/202310449349302236_public.xml"
451928859,"Carriages Estates Home Owners Association",2023_TEOS_XML_02A,"2023_TEOS_XML_02A/202310459349200506_public.xml"
320432624,"TEAM SOUTH CAROLINA",2023_TEOS_XML_02A,"2023_TEOS_XML_02A/202310459349200801_public.xml"
986001098,"KPMG LLP",2023_TEOS_XML_02A,"2023_TEOS_XML_02A/202310459349301901_public.xml"
852075495,"LEGACY RECOVERY",2023_TEOS_XML_02A,"2023_TEOS_XML_02A/202310459349200866_public.xml"
873117394,"SEILER LLP",2023_TEOS_XML_02A,"2023_TEOS_XML_02A/202310459349100126_public.xml"
650417180,"HUGHES SNELL &amp; CO PA",2023_TEOS_XML_02A,"2023_TEOS_XML_02A/202310459349201046_public.xml"
660835350,"Maria M Araya Tax Services",2023_TEOS_XML_02A,"2023_TEOS_XML_02A/202310459349201406_public.xml"
954135538,"GELFAND RENNERT &amp; FELDMAN LLC",2023_TEOS_XML_02A,"2023_TEOS_XML_02A/202310459349100321_public.xml"
852950765,"DARMODY MERLINO &amp; CO LLP",2023_TEOS_XML_02A,"2023_TEOS_XML_02A/202310459349201576_public.xml"
824387473,"RONALD BERNSTEIN CFP EA",2023_TEOS_XML_02A,"2023_TEOS_XML_02A/202310459349100611_public.xml"
453637565,"PAUL L RHINE CPA LLC",2023_TEOS_XML_02A,"2023_TEOS_XML_02A/202310459349100616_public.xml"
942489788,"HANSEN HUNTER &amp; COMPANY PC",2023_TEOS_XML_02A,"2023_TEOS_XML_02A/202310459349201916_public.xml"
860782796,"BAKER TILLY US LLP",2023_TEOS_XML_02A,"2023_TEOS_XML_02A/202310459349201951_public.xml"
431092518,"Anderson Tax Service",2023_TEOS_XML_02A,"2023_TEOS_XML_02A/202310459349202026_public.xml"
874092424,"Fasten Halberstam LLP",2023_TEOS_XML_02A,"2023_TEOS_XML_02A/202310459349100921_public.xml"
465570709,"QUICK ACCOUNTING SERVICE",2023_TEOS_XML_02A,"2023_TEOS_XML_02A/202310459349202066_public.xml"
751561127,"SOMMERVILLE &amp; ASSOCIATES PC",2023_TEOS_XML_02A,"2023_TEOS_XML_02A/202310459349300136_public.xml"
882712467,"Fortson Business Services",2023_TEOS_XML_02A,"2023_TEOS_XML_02A/202310459349101121_public.xml"
912144204,"CuellarMoralesGonzalez &amp; Co PLLC",2023_TEOS_XML_02A,"2023_TEOS_XML_02A/202310459349101206_public.xml"
232198296,"BAKER TILLY US LLP",2023_TEOS_XML_02A,"2023_TEOS_XML_02A/202310459349300421_public.xml"
462636987,"Chapin Financial Management LLC",2023_TEOS_XML_02A,"2023_TEOS_XML_02A/202310459349200111_public.xml"
660607020,"RSM PUERTO RICO",2023_TEOS_XML_02A,"2023_TEOS_XML_02A/202310459349300821_public.xml"
864003895,"Learned Tax and Financial Services Inc",2023_TEOS_XML_02A,"2023_TEOS_XML_02A/202310459349300906_public.xml"
451928859,"Carriages Estates Home Owners Association",2023_TEOS_XML_02A,"2023_TEOS_XML_02A/202310459349200506_public.xml"
320432624,"TEAM SOUTH CAROLINA",2023_TEOS_XML_02A,"2023_TEOS_XML_02A/202310459349200801_public.xml"
852075495,"LEGACY RECOVERY",2023_TEOS_XML_02A,"2023_TEOS_XML_02A/202310459349200866_public.xml"
273305897,"SILVER VALLEY TORTOISE REFUGE",2023_TEOS_XML_02A,"2023_TEOS_XML_02A/202310459349301126_public.xml"
650417180,"HUGHES SNELL &amp; CO PA",2023_TEOS_XML_02A,"2023_TEOS_XML_02A/202310459349201046_public.xml"
066516811,"TRIMNERBECKHAM PLLC",2023_TEOS_XML_02A,"2023_TEOS_XML_02A/202310459349301241_public.xml"
943042614,"Crosby &amp; Kaneda CPAs LLP",2023_TEOS_XML_02A,"2023_TEOS_XML_02A/202310459349301521_public.xml"
263814847,"HARRIS &amp; CO PLLC",2023_TEOS_XML_02A,"2023_TEOS_XML_02A/202310459349301556_public.xml"
660835350,"Maria M Araya Tax Services",2023_TEOS_XML_02A,"2023_TEOS_XML_02A/202310459349201406_public.xml"
370499990,"ECK SCHAFER &amp; PUNKE LLP",2023_TEOS_XML_02A,"2023_TEOS_XML_02A/202310459349301651_public.xml"
852950765,"DARMODY MERLINO &amp; CO LLP",2023_TEOS_XML_02A,"2023_TEOS_XML_02A/202310459349201576_public.xml"
341027218,"DAUBY O'CONNOR &amp; ZALESKI LLC",2023_TEOS_XML_02A,"2023_TEOS_XML_02A/202310459349301761_public.xml"
811419493,"SWART BAUMRUK &amp; COMPANY LLP",2023_TEOS_XML_02A,"2023_TEOS_XML_02A/202310459349301776_public.xml"
841151638,"PLANTE &amp; MORAN PLLC",2023_TEOS_XML_02A,"2023_TEOS_XML_02A/202310459349301801_public.xml"
134230096,"Suplee Clooney and Company",2023_TEOS_XML_02A,"2023_TEOS_XML_02A/202310459349301811_public.xml"
986001162,"FREED MAXICK CPAS PC",2023_TEOS_XML_02A,"2023_TEOS_XML_02A/202310459349301786_public.xml"
592145823,"RISTORCELLI &amp; ASSOCIATES PA",2023_TEOS_XML_02A,"2023_TEOS_XML_02A/202310459349301816_public.xml"
541473693,"Kositzka Wicks and Company",2023_TEOS_XML_02A,"2023_TEOS_XML_02A/202310459349301861_public.xml"
860965287,"BAKER TILLY US LLP",2023_TEOS_XML_02A,"2023_TEOS_XML_02A/202310459349301866_public.xml"
942489788,"HANSEN HUNTER &amp; COMPANY PC",2023_TEOS_XML_02A,"2023_TEOS_XML_02A/202310459349201916_public.xml"
660428488,"RODRIGUEZ RIVERA &amp; TORO PSC",2023_TEOS_XML_02A,"2023_TEOS_XML_02A/202310459349302216_public.xml"
860782796,"BAKER TILLY US LLP",2023_TEOS_XML_02A,"2023_TEOS_XML_02A/202310459349201951_public.xml"
911172224,"PAULSEN MEGAARD &amp; CO PS",2023_TEOS_XML_02A,"2023_TEOS_XML_02A/202310459349302246_public.xml"
431092518,"Anderson Tax Service",2023_TEOS_XML_02A,"2023_TEOS_XML_02A/202310459349202026_public.xml"
465570709,"QUICK ACCOUNTING SERVICE",2023_TEOS_XML_02A,"2023_TEOS_XML_02A/202310459349202066_public.xml"
421688855,"CLIFTONLARSONALLEN LLP",2023_TEOS_XML_02A,"2023_TEOS_XML_02A/202310459349302431_public.xml"
660196040,"ZAYAS MORAZZANI &amp; CO",2023_TEOS_XML_02A,"2023_TEOS_XML_02A/202310459349302466_public.xml"
751561127,"SOMMERVILLE &amp; ASSOCIATES PC",2023_TEOS_XML_02A,"2023_TEOS_XML_02A/202310459349300136_public.xml"
860955776,"BAKER TILLY US LLP",2023_TEOS_XML_02A,"2023_TEOS_XML_02A/202310459349302476_public.xml"
376047622,"Matthew B Liles",2023_TEOS_XML_02A,"2023_TEOS_XML_02A/202310459349302661_public.xml"
232198296,"BAKER TILLY US LLP",2023_TEOS_XML_02A,"2023_TEOS_XML_02A/202310459349300421_public.xml"
133708891,"Gould Kobrick &amp; Schlapp PC",2023_TEOS_XML_02A,"2023_TEOS_XML_02A/202310469349100006_public.xml"
465315193,"FIRSTPURPOSE TAX",2023_TEOS_XML_02A,"2023_TEOS_XML_02A/202310469349100036_public.xml"
824413056,"MARK W LOPASKY CPA PA",2023_TEOS_XML_02A,"2023_TEOS_XML_02A/202310469349100106_public.xml"
352056100,"CROWE LLP",2023_TEOS_XML_02A,"2023_TEOS_XML_02A/202310469349100216_public.xml"
852475179,"BD HELP",2023_TEOS_XML_02A,"2023_TEOS_XML_02A/202310469349100306_public.xml"
271935769,"ROBINSON HUGHES &amp; CHRISTOPHER PSC",2023_TEOS_XML_02A,"2023_TEOS_XML_02A/202310469349100506_public.xml"
275488026,"Anne Geraghty-Neal CPA",2023_TEOS_XML_02A,"2023_TEOS_XML_02A/202310469349100511_public.xml"
800317982,"PERKINS &amp; CO PC",2023_TEOS_XML_02A,"2023_TEOS_XML_02A/202310469349100526_public.xml"
030433415,"SUNNY DAYS CHARITABLE FOUNDATION",2023_TEOS_XML_02A,"2023_TEOS_XML_02A/202310469349100601_public.xml"
660607020,"RSM PUERTO RICO",2023_TEOS_XML_02A,"2023_TEOS_XML_02A/202310459349300821_public.xml"
864003895,"Learned Tax and Financial Services Inc",2023_TEOS_XML_02A,"2023_TEOS_XML_02A/202310459349300906_public.xml"
465491338,"FORVIS LLP",2023_TEOS_XML_02A,"2023_TEOS_XML_02A/202310469349100821_public.xml"
273305897,"SILVER VALLEY TORTOISE REFUGE",2023_TEOS_XML_02A,"2023_TEOS_XML_02A/202310459349301126_public.xml"
066516811,"TRIMNERBECKHAM PLLC",2023_TEOS_XML_02A,"2023_TEOS_XML_02A/202310459349301241_public.xml"
943042614,"Crosby &amp; Kaneda CPAs LLP",2023_TEOS_XML_02A,"2023_TEOS_XML_02A/202310459349301521_public.xml"
981504983,"CROWE LLP",2023_TEOS_XML_02A,"2023_TEOS_XML_02A/202310469349101001_public.xml"
263814847,"HARRIS &amp; CO PLLC",2023_TEOS_XML_02A,"2023_TEOS_XML_02A/202310459349301556_public.xml"
465592162,"H AND R BLOCK",2023_TEOS_XML_02A,"2023_TEOS_XML_02A/202310469349101111_public.xml"
462812314,"MICHAEL BERRY CPA",2023_TEOS_XML_02A,"2023_TEOS_XML_02A/202310469349101031_public.xml"
370499990,"ECK SCHAFER &amp; PUNKE LLP",2023_TEOS_XML_02A,"2023_TEOS_XML_02A/202310459349301651_public.xml"
203949382,"KAUFMAN ROSSIN &amp; CO PA",2023_TEOS_XML_02A,"2023_TEOS_XML_02A/202310469349101306_public.xml"
341027218,"DAUBY O'CONNOR &amp; ZALESKI LLC",2023_TEOS_XML_02A,"2023_TEOS_XML_02A/202310459349301761_public.xml"
811419493,"SWART BAUMRUK &amp; COMPANY LLP",2023_TEOS_XML_02A,"2023_TEOS_XML_02A/202310459349301776_public.xml"
986001162,"FREED MAXICK CPAS PC",2023_TEOS_XML_02A,"2023_TEOS_XML_02A/202310459349301786_public.xml"
134230096,"Suplee Clooney and Company",2023_TEOS_XML_02A,"2023_TEOS_XML_02A/202310459349301811_public.xml"
592145823,"RISTORCELLI &amp; ASSOCIATES PA",2023_TEOS_XML_02A,"2023_TEOS_XML_02A/202310459349301816_public.xml"
841151638,"PLANTE &amp; MORAN PLLC",2023_TEOS_XML_02A,"2023_TEOS_XML_02A/202310459349301801_public.xml"
541473693,"Kositzka Wicks and Company",2023_TEOS_XML_02A,"2023_TEOS_XML_02A/202310459349301861_public.xml"
860965287,"BAKER TILLY US LLP",2023_TEOS_XML_02A,"2023_TEOS_XML_02A/202310459349301866_public.xml"
851056274,"BST &amp; CO CPAS LLP",2023_TEOS_XML_02A,"2023_TEOS_XML_02A/202310469349200026_public.xml"
770643897,"G K U P &amp; R LLC CPA",2023_TEOS_XML_02A,"2023_TEOS_XML_02A/202310469349200036_public.xml"
814151387,"NUKE LALOOSH HAWAII INC",2023_TEOS_XML_02A,"2023_TEOS_XML_02A/202310469349200211_public.xml"
161629951,"FAMILIES IN CHRIST JESUS",2023_TEOS_XML_02A,"2023_TEOS_XML_02A/202310469349200226_public.xml"
660428488,"RODRIGUEZ RIVERA &amp; TORO PSC",2023_TEOS_XML_02A,"2023_TEOS_XML_02A/202310459349302216_public.xml"
911172224,"PAULSEN MEGAARD &amp; CO PS",2023_TEOS_XML_02A,"2023_TEOS_XML_02A/202310459349302246_public.xml"
010774466,"DAVIDSON DOYLE &amp; HILTON LLP",2023_TEOS_XML_02A,"2023_TEOS_XML_02A/202310469349200731_public.xml"
900208890,"Estes &amp; Associates PC",2023_TEOS_XML_02A,"2023_TEOS_XML_02A/202310469349200906_public.xml"
421688855,"CLIFTONLARSONALLEN LLP",2023_TEOS_XML_02A,"2023_TEOS_XML_02A/202310459349302431_public.xml"
660196040,"ZAYAS MORAZZANI &amp; CO",2023_TEOS_XML_02A,"2023_TEOS_XML_02A/202310459349302466_public.xml"
860955776,"BAKER TILLY US LLP",2023_TEOS_XML_02A,"2023_TEOS_XML_02A/202310459349302476_public.xml"
376047622,"Matthew B Liles",2023_TEOS_XML_02A,"2023_TEOS_XML_02A/202310459349302661_public.xml"
352490438,"BBD LLP",2023_TEOS_XML_02A,"2023_TEOS_XML_02A/202310469349201706_public.xml"
850374230,"STONE MCGEE &amp; CO CPA'S",2023_TEOS_XML_02A,"2023_TEOS_XML_02A/202310469349201711_public.xml"
133708891,"Gould Kobrick &amp; Schlapp PC",2023_TEOS_XML_02A,"2023_TEOS_XML_02A/202310469349100006_public.xml"
850302607,"NEWBERRY &amp; ASSOCIATES LTD",2023_TEOS_XML_02A,"2023_TEOS_XML_02A/202310469349201851_public.xml"
465315193,"FIRSTPURPOSE TAX",2023_TEOS_XML_02A,"2023_TEOS_XML_02A/202310469349100036_public.xml"
824413056,"MARK W LOPASKY CPA PA",2023_TEOS_XML_02A,"2023_TEOS_XML_02A/202310469349100106_public.xml"
464564367,"Porter &amp; Sack CPAs SC",2023_TEOS_XML_02A,"2023_TEOS_XML_02A/202310469349201881_public.xml"
953556298,"MOSS ADAMS LLP",2023_TEOS_XML_02A,"2023_TEOS_XML_02A/202310469349201896_public.xml"
352056100,"CROWE LLP",2023_TEOS_XML_02A,"2023_TEOS_XML_02A/202310469349100216_public.xml"
852475179,"BD HELP",2023_TEOS_XML_02A,"2023_TEOS_XML_02A/202310469349100306_public.xml"
364024551,"DABBS HICKMAN HILL &amp; CANNON LLP",2023_TEOS_XML_02A,"2023_TEOS_XML_02A/202310469349201971_public.xml"
561239793,"AMERICAN LEGION",2023_TEOS_XML_02A,"2023_TEOS_XML_02A/202310469349201976_public.xml"
844165768,"REHMANN ROBSON LLC",2023_TEOS_XML_02A,"2023_TEOS_XML_02A/202320469349202012_public.xml"
113314347,"YEVGENY PISAREVSKY CPA PC",2023_TEOS_XML_02A,"2023_TEOS_XML_02A/202310469349202061_public.xml"
271935769,"ROBINSON HUGHES &amp; CHRISTOPHER PSC",2023_TEOS_XML_02A,"2023_TEOS_XML_02A/202310469349100506_public.xml"
391355301,"SPRUCE CPA SC",2023_TEOS_XML_02A,"2023_TEOS_XML_02A/202310469349202086_public.xml"
275488026,"Anne Geraghty-Neal CPA",2023_TEOS_XML_02A,"2023_TEOS_XML_02A/202310469349100511_public.xml"
800317982,"PERKINS &amp; CO PC",2023_TEOS_XML_02A,"2023_TEOS_XML_02A/202310469349100526_public.xml"
030433415,"SUNNY DAYS CHARITABLE FOUNDATION",2023_TEOS_XML_02A,"2023_TEOS_XML_02A/202310469349100601_public.xml"
472935682,"WARDLOW &amp; CASH PA",2023_TEOS_XML_02A,"2023_TEOS_XML_02A/202310469349202201_public.xml"
237108869,"HW&amp;CO",2023_TEOS_XML_02A,"2023_TEOS_XML_02A/202310469349202236_public.xml"
222426751,"PETER J MARCHIANO JR CPA",2023_TEOS_XML_02A,"2023_TEOS_XML_02A/202310469349202251_public.xml"
452551862,"H AND R BLOCK",2023_TEOS_XML_02A,"2023_TEOS_XML_02A/202310469349202286_public.xml"
465491338,"FORVIS LLP",2023_TEOS_XML_02A,"2023_TEOS_XML_02A/202310469349100821_public.xml"
